release_id,ntt_id,seq,filename,file_type,size,status,error,url,text_len
1,129962,1,261002 (즉시) 강풍 타고 확산하는 대형산불 한 총리 가을철 산불조심기간 철저히 대비(재난대응훈련과).hwpx,hwpx,197119,extracted,,https://www.mois.go.kr/cmm/fms/FileDown.do?atchFileId=FILE_00149494U-RIvK5&fileSn=0,2280
1,129962,2,261002 (즉시) 강풍 타고 확산하는 대형산불 한 총리 가을철 산불조심기간 철저히 대비(재난대응훈련과).pdf,,,deferred,,https://www.mois.go.kr/cmm/fms/FileDown.do?atchFileId=FILE_00149494U-RIvK5&fileSn=1,
2,129927,1,261002 (15시) “국민의 억울함 정성들여 듣고 끝까지 해결” 민원 혁신 사례보고회 개최(민원제도과).hwpx,hwpx,152471,extracted,,https://www.mois.go.kr/cmm/fms/FileDown.do?atchFileId=FILE_00149492elIuMWV&fileSn=0,3594
2,129927,2,261002 (15시) “국민의 억울함 정성들여 듣고 끝까지 해결” 민원 혁신 사례보고회 개최(민원제도과).pdf,,,deferred,,https://www.mois.go.kr/cmm/fms/FileDown.do?atchFileId=FILE_00149492elIuMWV&fileSn=1,
3,129952,1,261002 (즉시) 8.28.~9.1. 호우 피해 복구에 총 154억 원 투입(복구지원과).hwpx,hwpx,176085,extracted,,https://www.mois.go.kr/cmm/fms/FileDown.do?atchFileId=FILE_00149491iezulSh&fileSn=0,5205
3,129952,2,261002 (즉시) 8.28.~9.1. 호우 피해 복구에 총 154억 원 투입(복구지원과).pdf,,,deferred,,https://www.mois.go.kr/cmm/fms/FileDown.do?atchFileId=FILE_00149491iezulSh&fileSn=1,
4,129946,1,261003 (조간) 널리 이롭게 대체불가 대한민국 주제로 제4358주년 개천절 경축식 개최(의정담당관).hwpx,hwpx,283202,extracted,,https://www.mois.go.kr/cmm/fms/FileDown.do?atchFileId=FILE_00149439rhCQpSJ&fileSn=0,1780
4,129946,2,261003 (조간) 널리 이롭게 대체불가 대한민국 주제로 제4358주년 개천절 경축식 개최(의정담당관).pdf,,,deferred,,https://www.mois.go.kr/cmm/fms/FileDown.do?atchFileId=FILE_00149439rhCQpSJ&fileSn=1,
5,129939,1,261002 (브리핑 시작 시) 행정안전부장관 국가 정보시스템 안정성 강화에 총력(디지털인프라혁신과).hwpx,hwpx,182971,extracted,,https://www.mois.go.kr/cmm/fms/FileDown.do?atchFileId=FILE_00149457y1N4PjJ&fileSn=0,3226
5,129939,2,261002 (브리핑 시작 시) 행정안전부장관 국가 정보시스템 안정성 강화에 총력(디지털인프라혁신과).pdf,,,deferred,,https://www.mois.go.kr/cmm/fms/FileDown.do?atchFileId=FILE_00149457y1N4PjJ&fileSn=1,
6,129926,1,261002 (19시) 공공부문 AI 윤리기준 최종 확정 공공분야 인공지능 신뢰성 확보한다(공공인공지능혁신과).hwpx,hwpx,433508,extracted,,https://www.mois.go.kr/cmm/fms/FileDown.do?atchFileId=FILE_001494545hD1XIX&fileSn=0,2553
6,129926,2,261002 (19시) 공공부문 AI 윤리기준 최종 확정 공공분야 인공지능 신뢰성 확보한다(공공인공지능혁신과).pdf,,,deferred,,https://www.mois.go.kr/cmm/fms/FileDown.do?atchFileId=FILE_001494545hD1XIX&fileSn=1,
7,129925,1,261001 (즉시) 중수청 10월 2일 개청 앞두고 막바지 준비에 만전(인사기획관 중수청개청준비단).hwpx,hwpx,2328620,extracted,,https://www.mois.go.kr/cmm/fms/FileDown.do?atchFileId=FILE_00149453lpm4KTb&fileSn=0,3928
7,129925,2,261001 (즉시) 중수청 10월 2일 개청 앞두고 막바지 준비에 만전(인사기획관 중수청개청준비단).pdf,,,deferred,,https://www.mois.go.kr/cmm/fms/FileDown.do?atchFileId=FILE_00149453lpm4KTb&fileSn=1,
8,129897,1,261002 (조간) 노인의 날 어르신 교통사고 예방 홍보 캠페인 실시(안전문화교육과).hwpx,hwpx,160697,extracted,,https://www.mois.go.kr/cmm/fms/FileDown.do?atchFileId=FILE_00149426byM5aE0&fileSn=0,1275
8,129897,2,261002 (조간) 노인의 날 어르신 교통사고 예방 홍보 캠페인 실시(안전문화교육과).pdf,,,deferred,,https://www.mois.go.kr/cmm/fms/FileDown.do?atchFileId=FILE_00149426byM5aE0&fileSn=1,
9,129896,1,261002 (조간) 부산 동래온천지구 전국 네번째 온천도시로 지정(균형발전진흥과).hwpx,hwpx,278884,extracted,,https://www.mois.go.kr/cmm/fms/FileDown.do?atchFileId=FILE_00149425dmILztr&fileSn=0,1503
9,129896,2,261002 (조간) 부산 동래온천지구 전국 네번째 온천도시로 지정(균형발전진흥과).pdf,,,deferred,,https://www.mois.go.kr/cmm/fms/FileDown.do?atchFileId=FILE_00149425dmILztr&fileSn=1,
10,129895,1,261002 (조간) 인공지능(AI) 시대 안전한 개인정보 보호 활용 방안 국민 의견 모은다(국민참여정책과).hwpx,hwpx,276799,extracted,,https://www.mois.go.kr/cmm/fms/FileDown.do?atchFileId=FILE_00149424ATfopWs&fileSn=0,5457
10,129895,2,261002 (조간) 인공지능(AI) 시대 안전한 개인정보 보호 활용 방안 국민 의견 모은다(국민참여정책과).pdf,,,deferred,,https://www.mois.go.kr/cmm/fms/FileDown.do?atchFileId=FILE_00149424ATfopWs&fileSn=1,
11,129906,1,1. [보도자료] 261001 (브리핑 시작 시) 공공부문 사이버보안 징계기준 강화 기관장 엄중 책임(디지털보안정책과).hwpx,hwpx,289904,extracted,,https://www.mois.go.kr/cmm/fms/FileDown.do?atchFileId=FILE_00149452NEhiwdM&fileSn=0,1931
11,129906,2,1. [보도자료] 261001 (브리핑 시작 시) 공공부문 사이버보안 징계기준 강화 기관장 엄중 책임(디지털보안정책과).pdf,,,deferred,,https://www.mois.go.kr/cmm/fms/FileDown.do?atchFileId=FILE_00149452NEhiwdM&fileSn=1,
11,129906,3,2. [보도자료 별첨] 공공부문 사이버보안 책임성 강화 방안.hwpx,hwpx,79760,extracted,,https://www.mois.go.kr/cmm/fms/FileDown.do?atchFileId=FILE_00149452NEhiwdM&fileSn=2,4075
11,129906,4,2. [보도자료 별첨] 공공부문 사이버보안 책임성 강화 방안.pdf,,,deferred,,https://www.mois.go.kr/cmm/fms/FileDown.do?atchFileId=FILE_00149452NEhiwdM&fileSn=3,
12,129840,1,261001 (14시) 지방자치단체장 재난안전관리 교육으로 현장 대응역량 강화한다(국가재난안전교육원 재난안전교육과).hwpx,hwpx,162401,extracted,,https://www.mois.go.kr/cmm/fms/FileDown.do?atchFileId=FILE_00149403sR2ypwT&fileSn=0,925
12,129840,2,261001 (14시) 지방자치단체장 재난안전관리 교육으로 현장 대응역량 강화한다(국가재난안전교육원 재난안전교육과).pdf,,,deferred,,https://www.mois.go.kr/cmm/fms/FileDown.do?atchFileId=FILE_00149403sR2ypwT&fileSn=1,
13,129839,1,261001 (13시) 윤호중 행안부 장관 국정자원관리원 대전 본원 현장점검(국가정보자원관리원 기획전략과).hwpx,hwpx,92518,extracted,,https://www.mois.go.kr/cmm/fms/FileDown.do?atchFileId=FILE_00149402AWcNeXm&fileSn=0,1295
13,129839,2,261001 (13시) 윤호중 행안부 장관 국정자원관리원 대전 본원 현장점검(국가정보자원관리원 기획전략과).pdf,,,deferred,,https://www.mois.go.kr/cmm/fms/FileDown.do?atchFileId=FILE_00149402AWcNeXm&fileSn=1,
14,129838,1,261001 (조간) 우리 동네 지진 대피장소 미리 확인하세요(지진방재관리과).hwpx,hwpx,9897337,extracted,,https://www.mois.go.kr/cmm/fms/FileDown.do?atchFileId=FILE_00149401j7AY2kg&fileSn=0,1836
14,129838,2,261001 (조간) 우리 동네 지진 대피장소 미리 확인하세요(지진방재관리과).pdf,,,deferred,,https://www.mois.go.kr/cmm/fms/FileDown.do?atchFileId=FILE_00149401j7AY2kg&fileSn=1,
15,129837,1,261001 (조간) “모바일신분증으로 여는 새로운 일상” 행안부 모바일신분증 아이디어 공모(국민맞춤서비스과).hwpx,hwpx,3903741,extracted,,https://www.mois.go.kr/cmm/fms/FileDown.do?atchFileId=FILE_001493605Mk6Fv3&fileSn=0,2811
15,129837,2,261001 (조간) “모바일신분증으로 여는 새로운 일상” 행안부 모바일신분증 아이디어 공모(국민맞춤서비스과).pdf,,,deferred,,https://www.mois.go.kr/cmm/fms/FileDown.do?atchFileId=FILE_001493605Mk6Fv3&fileSn=1,
16,129834,1,261001 (조간) 국민과 함께 만드는 더 투명한 정부 제7차 열린정부 실행계획 대국민 공모(혁신기획과).hwpx,hwpx,3075101,extracted,,https://www.mois.go.kr/cmm/fms/FileDown.do?atchFileId=FILE_001493585Uq7zkC&fileSn=0,1472
16,129834,2,261001 (조간) 국민과 함께 만드는 더 투명한 정부 제7차 열린정부 실행계획 대국민 공모(혁신기획과).pdf,,,deferred,,https://www.mois.go.kr/cmm/fms/FileDown.do?atchFileId=FILE_001493585Uq7zkC&fileSn=1,
17,129832,1,260930 (12시) 행안부-SK사회적가치연구원 사회연대경제 혁신모델 성과 측정하고 보상한다(사회연대경제지원과).hwpx,hwpx,149441,extracted,,https://www.mois.go.kr/cmm/fms/FileDown.do?atchFileId=FILE_001493568qItQmh&fileSn=0,1399
17,129832,2,260930 (12시) 행안부-SK사회적가치연구원 사회연대경제 혁신모델 성과 측정하고 보상한다(사회연대경제지원과).pdf,,,deferred,,https://www.mois.go.kr/cmm/fms/FileDown.do?atchFileId=FILE_001493568qItQmh&fileSn=1,
18,129833,1,260930 (석간) 중앙과 지방이 함께 여는 미래 2026 지방의회 아카데미 개최(지방자치인재개발원 의정연수센터).hwpx,hwpx,282467,extracted,,https://www.mois.go.kr/cmm/fms/FileDown.do?atchFileId=FILE_001493575cCsp_e&fileSn=0,1995
18,129833,2,260930 (석간) 중앙과 지방이 함께 여는 미래 2026 지방의회 아카데미 개최(지방자치인재개발원 의정연수센터).pdf,,,deferred,,https://www.mois.go.kr/cmm/fms/FileDown.do?atchFileId=FILE_001493575cCsp_e&fileSn=1,
19,129800,1,260930 (15시) 주민이 체감하는 지역 변화 이끈다 전국 시군구 부단체장 모여 지혜 모아(지방자치인재개발원 기획협력과).hwpx,hwpx,108858,extracted,,https://www.mois.go.kr/cmm/fms/FileDown.do?atchFileId=FILE_00149290gn5U080&fileSn=0,1325
19,129800,2,260930 (15시) 주민이 체감하는 지역 변화 이끈다 전국 시군구 부단체장 모여 지혜 모아(지방자치인재개발원 기획협력과).pdf,,,deferred,,https://www.mois.go.kr/cmm/fms/FileDown.do?atchFileId=FILE_00149290gn5U080&fileSn=1,
20,129799,1,260930 (조간) 2026년(25년 기준) 자전거 이용 현황 국가승인통계 발표(주소정보혁신과).hwpx,hwpx,220848,extracted,,https://www.mois.go.kr/cmm/fms/FileDown.do?atchFileId=FILE_00149405qQJgNXh&fileSn=0,2389
20,129799,2,260930 (조간) 2026년(25년 기준) 자전거 이용 현황 국가승인통계 발표(주소정보혁신과).pdf,,,deferred,,https://www.mois.go.kr/cmm/fms/FileDown.do?atchFileId=FILE_00149405qQJgNXh&fileSn=1,
21,129798,1,260930 (조간) 범정부 AI 데이터행정 협력체계 본격 가동 “AI 데이터행정을 이끌 책임관 한자리에”(인공지능정부정책과).hwpx,hwpx,100043,extracted,,https://www.mois.go.kr/cmm/fms/FileDown.do?atchFileId=FILE_001492880K8hR1j&fileSn=0,2255
21,129798,2,260930 (조간) 범정부 AI 데이터행정 협력체계 본격 가동 “AI 데이터행정을 이끌 책임관 한자리에”(인공지능정부정책과).pdf,,,deferred,,https://www.mois.go.kr/cmm/fms/FileDown.do?atchFileId=FILE_001492880K8hR1j&fileSn=1,
22,129797,1,260930 (조간) 소상공인 가게 운영부터 지역 정착까지 맞춤형 AI서비스가 돕는다(인공지능정부정책과).hwpx,hwpx,1025287,extracted,,https://www.mois.go.kr/cmm/fms/FileDown.do?atchFileId=FILE_001492875CLaIX4&fileSn=0,2170
22,129797,2,260930 (조간) 소상공인 가게 운영부터 지역 정착까지 맞춤형 AI서비스가 돕는다(인공지능정부정책과).pdf,,,deferred,,https://www.mois.go.kr/cmm/fms/FileDown.do?atchFileId=FILE_001492875CLaIX4&fileSn=1,
23,129793,1,260929 (조간) 일본 리스콘 한국관 3년 연속 운영 한일 재난안전산업 협력 강화(재난안전산업과).hwpx,hwpx,97960,extracted,,https://www.mois.go.kr/cmm/fms/FileDown.do?atchFileId=FILE_00149286dWAKNev&fileSn=0,1265
23,129793,2,260929 (조간) 일본 리스콘 한국관 3년 연속 운영 한일 재난안전산업 협력 강화(재난안전산업과).pdf,,,deferred,,https://www.mois.go.kr/cmm/fms/FileDown.do?atchFileId=FILE_00149286dWAKNev&fileSn=1,
24,129792,1,260929 (조간) “주민의 직접참여 확대 지방정부와 함께 만든다” 행안부 주민참여제도 담당 공무원 워크숍 개최(주민자치혁신과).hwpx,hwpx,208000,extracted,,https://www.mois.go.kr/cmm/fms/FileDown.do?atchFileId=FILE_00149285cbtP_2M&fileSn=0,1359
24,129792,2,260929 (조간) “주민의 직접참여 확대 지방정부와 함께 만든다” 행안부 주민참여제도 담당 공무원 워크숍 개최(주민자치혁신과).pdf,,,deferred,,https://www.mois.go.kr/cmm/fms/FileDown.do?atchFileId=FILE_00149285cbtP_2M&fileSn=1,
25,129790,1,260929 (조간) AI 정부 사절단 파견 BSEC 회원국과 공공 혁신의 미래 논의(인공지능정부협력과).hwpx,hwpx,239910,extracted,,https://www.mois.go.kr/cmm/fms/FileDown.do?atchFileId=FILE_00149284yoQlFVm&fileSn=0,1824
25,129790,2,260929 (조간) AI 정부 사절단 파견 BSEC 회원국과 공공 혁신의 미래 논의(인공지능정부협력과).pdf,,,deferred,,https://www.mois.go.kr/cmm/fms/FileDown.do?atchFileId=FILE_00149284yoQlFVm&fileSn=1,
26,129777,1,260928 (조간) 윤호중 장관 사회연대경제 고위급 회의 참석하고 스페인 세네갈과 협력 양해각서 체결.pdf,pdf,3784489,extracted,,https://www.mois.go.kr/cmm/fms/FileDown.do?atchFileId=FILE_001491988Z3Oq28&fileSn=0,3858
27,129741,1,260928 (조간) 인공지능(AI)으로 만드는 안전한 일상 재난안전 분야 인공지능 전환 본격 시동(재난안전데이터과).hwpx,hwpx,325138,extracted,,https://www.mois.go.kr/cmm/fms/FileDown.do?atchFileId=FILE_00149257GBc4urd&fileSn=0,3277
27,129741,2,260928 (조간) 인공지능(AI)으로 만드는 안전한 일상 재난안전 분야 인공지능 전환 본격 시동(재난안전데이터과).pdf,,,deferred,,https://www.mois.go.kr/cmm/fms/FileDown.do?atchFileId=FILE_00149257GBc4urd&fileSn=1,
28,129740,1,260928 (조간) AI로 재난안전 업무 혁신 우수사례 찾는다(재난정보통신과).hwpx,hwpx,163772,extracted,,https://www.mois.go.kr/cmm/fms/FileDown.do?atchFileId=FILE_00149256XdH4hLq&fileSn=0,1421
28,129740,2,260928 (조간) AI로 재난안전 업무 혁신 우수사례 찾는다(재난정보통신과).pdf,,,deferred,,https://www.mois.go.kr/cmm/fms/FileDown.do?atchFileId=FILE_00149256XdH4hLq&fileSn=1,
29,129732,1,260924 (14시) 골목길 안전부터 장바구니 온기까지 국민 모두가 안심하는 풍성한 한가위(자치행정과).hwpx,hwpx,164277,extracted,,https://www.mois.go.kr/cmm/fms/FileDown.do?atchFileId=FILE_00149255SAjhfmv&fileSn=0,1872
29,129732,2,260924 (14시) 골목길 안전부터 장바구니 온기까지 국민 모두가 안심하는 풍성한 한가위(자치행정과).pdf,,,deferred,,https://www.mois.go.kr/cmm/fms/FileDown.do?atchFileId=FILE_00149255SAjhfmv&fileSn=1,
30,129731,1,260924 (조간) 윤호중 장관 UN 사회연대경제 고위급 회의 참석… 국제사회 협력 주도(사회연대경제제도과).hwpx,hwpx,243991,extracted,,https://www.mois.go.kr/cmm/fms/FileDown.do?atchFileId=FILE_00149254u9lzenN&fileSn=0,2494
30,129731,2,260924 (조간) 윤호중 장관 UN 사회연대경제 고위급 회의 참석… 국제사회 협력 주도(사회연대경제제도과).pdf,,,deferred,,https://www.mois.go.kr/cmm/fms/FileDown.do?atchFileId=FILE_00149254u9lzenN&fileSn=1,
31,129729,1,260923 (11시) 행정안전부 국민과 함께 에스컬레이터 안전 이용 문화 정착 나선다(승강기정책과).hwpx,hwpx,190418,extracted,,https://www.mois.go.kr/cmm/fms/FileDown.do?atchFileId=FILE_00149234EKVh4J8&fileSn=0,2629
31,129729,2,260923 (11시) 행정안전부 국민과 함께 에스컬레이터 안전 이용 문화 정착 나선다(승강기정책과).pdf,,,deferred,,https://www.mois.go.kr/cmm/fms/FileDown.do?atchFileId=FILE_00149234EKVh4J8&fileSn=1,
32,129703,1,260923 (석간) ｢생명안전기본법 시행령｣ 제정안 입법예고(안전정책총괄과).hwpx,hwpx,104105,extracted,,https://www.mois.go.kr/cmm/fms/FileDown.do?atchFileId=FILE_00149224JFDGUXX&fileSn=0,2915
32,129703,2,260923 (석간) ｢생명안전기본법 시행령｣ 제정안 입법예고(안전정책총괄과).pdf,,,deferred,,https://www.mois.go.kr/cmm/fms/FileDown.do?atchFileId=FILE_00149224JFDGUXX&fileSn=1,
33,129663,1,260923 (17시) 복합위기시대 정부정책에 사회적 가치 입힌다 행정안전부 정책 포럼 개최(혁신기획과).hwpx,hwpx,187517,extracted,,https://www.mois.go.kr/cmm/fms/FileDown.do?atchFileId=FILE_00149181RomvL3i&fileSn=0,1799
33,129663,2,260923 (17시) 복합위기시대 정부정책에 사회적 가치 입힌다 행정안전부 정책 포럼 개최(혁신기획과).pdf,,,deferred,,https://www.mois.go.kr/cmm/fms/FileDown.do?atchFileId=FILE_00149181RomvL3i&fileSn=1,
34,129698,1,260923 (16시) 반복되는 노후주택 화재 미리 막고 신속하게 대응한다(국토산업재난대응과)(최종).hwpx,hwpx,1687573,extracted,,https://www.mois.go.kr/cmm/fms/FileDown.do?atchFileId=FILE_001492231eG7i7X&fileSn=0,3661
34,129698,2,260923 (16시) 반복되는 노후주택 화재 미리 막고 신속하게 대응한다(국토산업재난대응과)(최종).pdf,,,deferred,,https://www.mois.go.kr/cmm/fms/FileDown.do?atchFileId=FILE_001492231eG7i7X&fileSn=1,
35,129697,1,260922 (즉시) 8월 호우 피해 항구복구를 위한 재난특교세 지원(재난관리정책과).hwpx,hwpx,124186,extracted,,https://www.mois.go.kr/cmm/fms/FileDown.do?atchFileId=FILE_00149130WSMVVxK&fileSn=0,605
35,129697,2,260922 (즉시) 8월 호우 피해 항구복구를 위한 재난특교세 지원(재난관리정책과).pdf,,,deferred,,https://www.mois.go.kr/cmm/fms/FileDown.do?atchFileId=FILE_00149130WSMVVxK&fileSn=1,
36,129666,1,260923 (조간) 보훈심사부터 치안 현장까지... AI로 더 빠르고 정확한 행정 추진(인공지능정부정책과).hwpx,hwpx,1618824,extracted,,https://www.mois.go.kr/cmm/fms/FileDown.do?atchFileId=FILE_0014918352iHx6Y&fileSn=0,3114
36,129666,2,260923 (조간) 보훈심사부터 치안 현장까지... AI로 더 빠르고 정확한 행정 추진(인공지능정부정책과).pdf,,,deferred,,https://www.mois.go.kr/cmm/fms/FileDown.do?atchFileId=FILE_0014918352iHx6Y&fileSn=1,
37,129665,1,260923 (조간) 추석 연휴 공공주차장 무료로 이용하세요(공공서비스혁신과).hwpx,hwpx,208634,extracted,,https://www.mois.go.kr/cmm/fms/FileDown.do?atchFileId=FILE_00149182M4Q1uQO&fileSn=0,781
37,129665,2,260923 (조간) 추석 연휴 공공주차장 무료로 이용하세요(공공서비스혁신과).pdf,,,deferred,,https://www.mois.go.kr/cmm/fms/FileDown.do?atchFileId=FILE_00149182M4Q1uQO&fileSn=1,
38,129604,1,260922 (19시) 김민재 행안부 차관 미래대응기금 추진을 위한 지방정부 협조 요청 이어나가(교부세과).hwpx,hwpx,275992,extracted,,https://www.mois.go.kr/cmm/fms/FileDown.do?atchFileId=FILE_00149087LWkfHtB&fileSn=0,981
38,129604,2,260922 (19시) 김민재 행안부 차관 미래대응기금 추진을 위한 지방정부 협조 요청 이어나가(교부세과).pdf,,,deferred,,https://www.mois.go.kr/cmm/fms/FileDown.do?atchFileId=FILE_00149087LWkfHtB&fileSn=1,
39,129670,1,260921 (즉시) 중수청 2차 특례임용 희망신청 201명 접수 10월 2일 출범에 맞춰 순차 임용(중수청 개청준비단).hwpx,hwpx,104667,extracted,,https://www.mois.go.kr/cmm/fms/FileDown.do?atchFileId=FILE_001491897NlZIIh&fileSn=0,782
39,129670,2,260921 (즉시) 중수청 2차 특례임용 희망신청 201명 접수 10월 2일 출범에 맞춰 순차 임용(중수청 개청준비단).pdf,,,deferred,,https://www.mois.go.kr/cmm/fms/FileDown.do?atchFileId=FILE_001491897NlZIIh&fileSn=1,
40,129646,1,260922 (16시) 추석 앞두고 경북 산불 피해지역 이재민 주거 안전 챙긴다(경북경남울산초대형산불피해지원및재건지원단).hwpx,hwpx,160895,extracted,,https://www.mois.go.kr/cmm/fms/FileDown.do?atchFileId=FILE_0014913851gojgP&fileSn=0,1261
40,129646,2,260922 (16시) 추석 앞두고 경북 산불 피해지역 이재민 주거 안전 챙긴다(경북경남울산초대형산불피해지원및재건지원단).pdf,,,deferred,,https://www.mois.go.kr/cmm/fms/FileDown.do?atchFileId=FILE_0014913851gojgP&fileSn=1,
41,129612,1,260922 (15시) 중대범죄수사청 개청준비 상황 현장 점검(중수청 개청준비단 재무시설과).hwpx,hwpx,189999,extracted,,https://www.mois.go.kr/cmm/fms/FileDown.do?atchFileId=FILE_00149092o2jD5-g&fileSn=0,620
41,129612,2,260922 (15시) 중대범죄수사청 개청준비 상황 현장 점검(중수청 개청준비단 재무시설과).pdf,,,deferred,,https://www.mois.go.kr/cmm/fms/FileDown.do?atchFileId=FILE_00149092o2jD5-g&fileSn=1,
42,129606,1,260922 (15시) 산불 대응에 힘을 모은 이들 한자리에 모였다(환경산림재난대응과).hwpx,hwpx,116382,extracted,,https://www.mois.go.kr/cmm/fms/FileDown.do?atchFileId=FILE_00149119FEaXSpi&fileSn=0,2424
42,129606,2,260922 (15시) 산불 대응에 힘을 모은 이들 한자리에 모였다(환경산림재난대응과).pdf,,,deferred,,https://www.mois.go.kr/cmm/fms/FileDown.do?atchFileId=FILE_00149119FEaXSpi&fileSn=1,
43,129608,1,260922 (13시30분) 기업과 지역이 함께 푸는 지역사회 문제… 아이디어 솔버톤 대회 개최(균형발전제도과).hwpx,hwpx,158929,extracted,,https://www.mois.go.kr/cmm/fms/FileDown.do?atchFileId=FILE_00149131HAzrxYY&fileSn=0,2246
43,129608,2,260922 (13시30분) 기업과 지역이 함께 푸는 지역사회 문제… 아이디어 솔버톤 대회 개최(균형발전제도과).pdf,,,deferred,,https://www.mois.go.kr/cmm/fms/FileDown.do?atchFileId=FILE_00149131HAzrxYY&fileSn=1,
44,129609,1,260922 (조간) 추석 명절 연휴에도 멈춤 없는 행정서비스 제공 국가정보자원관리원 주요 정보시스템 현장 점검(국가정보자원관리원 디지털안전상황실).hwpx,hwpx,288349,extracted,,https://www.mois.go.kr/cmm/fms/FileDown.do?atchFileId=FILE_00149132-OJA4tp&fileSn=0,2884
44,129609,2,260922 (조간) 추석 명절 연휴에도 멈춤 없는 행정서비스 제공 국가정보자원관리원 주요 정보시스템 현장 점검(국가정보자원관리원 디지털안전상황실).pdf,,,deferred,,https://www.mois.go.kr/cmm/fms/FileDown.do?atchFileId=FILE_00149132-OJA4tp&fileSn=1,
45,129607,1,260922 (조간) 마약류 범죄 유통서 국내 직접 제조로 변모 국과수 과학적 단속 근거 마련(국립과학수사연구원 마약과).hwpx,hwpx,278482,extracted,,https://www.mois.go.kr/cmm/fms/FileDown.do?atchFileId=FILE_00149120GKoRsQV&fileSn=0,1573
45,129607,2,260922 (조간) 마약류 범죄 유통서 국내 직접 제조로 변모 국과수 과학적 단속 근거 마련(국립과학수사연구원 마약과).pdf,,,deferred,,https://www.mois.go.kr/cmm/fms/FileDown.do?atchFileId=FILE_00149120GKoRsQV&fileSn=1,
46,129605,1,260922 (조간) 추석 교통사고와 주택화재 조심하세요!(예방안전제도과).hwpx,hwpx,1325856,extracted,,https://www.mois.go.kr/cmm/fms/FileDown.do?atchFileId=FILE_00149088LfOn6QB&fileSn=0,2398
46,129605,2,260922 (조간) 추석 교통사고와 주택화재 조심하세요!(예방안전제도과).pdf,,,deferred,,https://www.mois.go.kr/cmm/fms/FileDown.do?atchFileId=FILE_00149088LfOn6QB&fileSn=1,
47,129592,1,260921 (조간) 베트남 씨큐텍 한국관 운영 국내 재난안전기업 해외 진출 기반 확대(재난안전산업과).hwpx,hwpx,18365738,extracted,,https://www.mois.go.kr/cmm/fms/FileDown.do?atchFileId=FILE_00149116uyh3Fyz&fileSn=0,1688
47,129592,2,260921 (조간) 베트남 씨큐텍 한국관 운영 국내 재난안전기업 해외 진출 기반 확대(재난안전산업과).pdf,,,deferred,,https://www.mois.go.kr/cmm/fms/FileDown.do?atchFileId=FILE_00149116uyh3Fyz&fileSn=1,
48,129589,1,260921 (조간) 디지털 상품권 결제부터 고깃값 비교까지 똑똑한 추석 장보기로 지역경제 활력 더한다(혁신기획과).hwpx,hwpx,157256,extracted,,https://www.mois.go.kr/cmm/fms/FileDown.do?atchFileId=FILE_00149140K4rzszn&fileSn=0,2758
48,129589,2,260921 (조간) 디지털 상품권 결제부터 고깃값 비교까지 똑똑한 추석 장보기로 지역경제 활력 더한다(혁신기획과).pdf,,,deferred,,https://www.mois.go.kr/cmm/fms/FileDown.do?atchFileId=FILE_00149140K4rzszn&fileSn=1,
49,129563,1,260919 (16시) 일일이 누리집 안 찾아도 된다 국가 기록·역사 자료 인공지능으로 한곳에서 검색(국가기록원 서비스정책과).hwpx,hwpx,543563,extracted,,https://www.mois.go.kr/cmm/fms/FileDown.do?atchFileId=FILE_001490749XfU2Tj&fileSn=0,3630
49,129563,2,260919 (16시) 일일이 누리집 안 찾아도 된다 국가 기록·역사 자료 인공지능으로 한곳에서 검색(국가기록원 서비스정책과).pdf,,,deferred,,https://www.mois.go.kr/cmm/fms/FileDown.do?atchFileId=FILE_001490749XfU2Tj&fileSn=1,
50,129561,1,260919 (15시) 한성숙 총리 “철저한 준비와 반복적인 훈련이 국민의 생명과 안전 지키는 길”(비상대비훈련과).hwpx,hwpx,185826,extracted,,https://www.mois.go.kr/cmm/fms/FileDown.do?atchFileId=FILE_00149073GVcmjmC&fileSn=0,1481
50,129561,2,260919 (15시) 한성숙 총리 “철저한 준비와 반복적인 훈련이 국민의 생명과 안전 지키는 길”(비상대비훈련과).pdf,,,deferred,,https://www.mois.go.kr/cmm/fms/FileDown.do?atchFileId=FILE_00149073GVcmjmC&fileSn=1,
51,129559,1,260919 (14시) 아이들의 안전한 학교생활 위해 개학기 학교 주변 안전관리 현장 점검(안전개선과).hwpx,hwpx,6427260,extracted,,https://www.mois.go.kr/cmm/fms/FileDown.do?atchFileId=FILE_00149071YOHNTE7&fileSn=0,1990
51,129559,2,260919 (14시) 아이들의 안전한 학교생활 위해 개학기 학교 주변 안전관리 현장 점검(안전개선과).pdf,,,deferred,,https://www.mois.go.kr/cmm/fms/FileDown.do?atchFileId=FILE_00149071YOHNTE7&fileSn=1,
52,129558,1,260919 (조간) 환희의 순간부터 변화한 도시와 일상까지 기록으로 다시 읽는 86·88 국제스포츠대회(국가기록원 서비스정책과).hwpx,hwpx,12704057,extracted,,https://www.mois.go.kr/cmm/fms/FileDown.do?atchFileId=FILE_00149030KfxI-y6&fileSn=0,6000
52,129558,2,260919 (조간) 환희의 순간부터 변화한 도시와 일상까지 기록으로 다시 읽는 86·88 국제스포츠대회(국가기록원 서비스정책과).pdf,,,deferred,,https://www.mois.go.kr/cmm/fms/FileDown.do?atchFileId=FILE_00149030KfxI-y6&fileSn=1,
53,129557,1,260919 (조간) 8월 호우 피해 이재민 추석전 주거 안전 총력 지원(재난구호과).hwpx,hwpx,160881,extracted,,https://www.mois.go.kr/cmm/fms/FileDown.do?atchFileId=FILE_00149029WqAHCLi&fileSn=0,1559
53,129557,2,260919 (조간) 8월 호우 피해 이재민 추석전 주거 안전 총력 지원(재난구호과).pdf,,,deferred,,https://www.mois.go.kr/cmm/fms/FileDown.do?atchFileId=FILE_00149029WqAHCLi&fileSn=1,
54,129571,1,260918 (석간) 따뜻한·안전한 추석대비 민생안정대책 논의 2026년 제7회 중앙지방정책협의회 개최(자치행정과).hwpx,hwpx,284569,extracted,,https://www.mois.go.kr/cmm/fms/FileDown.do?atchFileId=FILE_001489802c18Mkp&fileSn=0,1747
54,129571,2,260918 (석간) 따뜻한·안전한 추석대비 민생안정대책 논의 2026년 제7회 중앙지방정책협의회 개최(자치행정과).pdf,,,deferred,,https://www.mois.go.kr/cmm/fms/FileDown.do?atchFileId=FILE_001489802c18Mkp&fileSn=1,
55,129570,1,260918 (석간) 저연차가 만드는 공직문화 변화 조직문화 새로고침(F5) 3기 새출발!(행정제도과).hwpx,hwpx,152463,extracted,,https://www.mois.go.kr/cmm/fms/FileDown.do?atchFileId=FILE_00148979ds3ftqy&fileSn=0,1862
55,129570,2,260918 (석간) 저연차가 만드는 공직문화 변화 조직문화 새로고침(F5) 3기 새출발!(행정제도과).pdf,,,deferred,,https://www.mois.go.kr/cmm/fms/FileDown.do?atchFileId=FILE_00148979ds3ftqy&fileSn=1,
56,129569,1,260918 (즉시) 8.28.~9.1. 호우 피해지역 특별재난지역 선포(복구지원과).hwpx,hwpx,177500,extracted,,https://www.mois.go.kr/cmm/fms/FileDown.do?atchFileId=FILE_00149076N1jJ9fQ&fileSn=0,5020
56,129569,2,260918 (즉시) 8.28.~9.1. 호우 피해지역 특별재난지역 선포(복구지원과).pdf,,,deferred,,https://www.mois.go.kr/cmm/fms/FileDown.do?atchFileId=FILE_00149076N1jJ9fQ&fileSn=1,
57,129553,1,260917 (본회의 의결 시) 「지방자치법」 개정안 국회 통과 자치분권·균형성장 제도적 기반 확대(자치분권제도과).hwpx,hwpx,288658,extracted,,https://www.mois.go.kr/cmm/fms/FileDown.do?atchFileId=FILE_00149028QR7LwkQ&fileSn=0,3120
57,129553,2,260917 (본회의 의결 시) 「지방자치법」 개정안 국회 통과 자치분권·균형성장 제도적 기반 확대(자치분권제도과).pdf,,,deferred,,https://www.mois.go.kr/cmm/fms/FileDown.do?atchFileId=FILE_00149028QR7LwkQ&fileSn=1,
58,129544,1,260918 (15시) 재난안전관리본부장 태풍 대응체계부터 추석 안전까지 빈틈없이 챙긴다(자연재난대응과).hwpx,hwpx,97558,extracted,,https://www.mois.go.kr/cmm/fms/FileDown.do?atchFileId=FILE_00149027xgkLc2t&fileSn=0,1553
58,129544,2,260918 (15시) 재난안전관리본부장 태풍 대응체계부터 추석 안전까지 빈틈없이 챙긴다(자연재난대응과).pdf,,,deferred,,https://www.mois.go.kr/cmm/fms/FileDown.do?atchFileId=FILE_00149027xgkLc2t&fileSn=1,
59,129540,1,260918 (13시) 지역에 활력을 경제에 온기를! 2026년 지역경제 혁신박람회 개최(지역경제과).hwpx,hwpx,116543,extracted,,https://www.mois.go.kr/cmm/fms/FileDown.do?atchFileId=FILE_00149026P76didi&fileSn=0,6413
59,129540,2,260918 (13시) 지역에 활력을 경제에 온기를! 2026년 지역경제 혁신박람회 개최(지역경제과).pdf,,,deferred,,https://www.mois.go.kr/cmm/fms/FileDown.do?atchFileId=FILE_00149026P76didi&fileSn=1,
60,129539,1,260918 (조간) 공무원 난임 휴직 운영기준 등 마련 12월 시행(지방인사제도과).hwpx,hwpx,241059,extracted,,https://www.mois.go.kr/cmm/fms/FileDown.do?atchFileId=FILE_00149025fMrJJXn&fileSn=0,1449
60,129539,2,260918 (조간) 공무원 난임 휴직 운영기준 등 마련 12월 시행(지방인사제도과).pdf,,,deferred,,https://www.mois.go.kr/cmm/fms/FileDown.do?atchFileId=FILE_00149025fMrJJXn&fileSn=1,
61,129517,1,260918 (조간) 2026 고향사랑페스타 개최 전국 답례품 만나고 현장 기부까지(균형발전진흥과).hwpx,hwpx,252029,extracted,,https://www.mois.go.kr/cmm/fms/FileDown.do?atchFileId=FILE_00149037ZbmkZcf&fileSn=0,1785
61,129517,2,260918 (조간) 2026 고향사랑페스타 개최 전국 답례품 만나고 현장 기부까지(균형발전진흥과).pdf,,,deferred,,https://www.mois.go.kr/cmm/fms/FileDown.do?atchFileId=FILE_00149037ZbmkZcf&fileSn=1,
62,129516,1,260918 (조간) 부처 간 칸막이는 허물고 데이터는 막힘없이 「범정부 데이터 파이프라인」 개통 (공공데이터분석관리과).hwpx,hwpx,1964217,extracted,,https://www.mois.go.kr/cmm/fms/FileDown.do?atchFileId=FILE_00149036NTGozaW&fileSn=0,2195
62,129516,2,260918 (조간) 부처 간 칸막이는 허물고 데이터는 막힘없이 「범정부 데이터 파이프라인」 개통 (공공데이터분석관리과).pdf,,,deferred,,https://www.mois.go.kr/cmm/fms/FileDown.do?atchFileId=FILE_00149036NTGozaW&fileSn=1,
63,129510,1,260917 (11시) 전북 농·특산품 최대 40% 할인에 무료 배송까지 지방자치인재개발원 한가위 장터 운영(지방자치인재개발원 행정지원과).hwpx,hwpx,276634,extracted,,https://www.mois.go.kr/cmm/fms/FileDown.do?atchFileId=FILE_00149032qHs9fUe&fileSn=0,1250
63,129510,2,260917 (11시) 전북 농·특산품 최대 40% 할인에 무료 배송까지 지방자치인재개발원 한가위 장터 운영(지방자치인재개발원 행정지원과).pdf,,,deferred,,https://www.mois.go.kr/cmm/fms/FileDown.do?atchFileId=FILE_00149032qHs9fUe&fileSn=1,
64,129509,1,260917 (11시) 지방자치인재개발원 추석 명절맞이 복지시설 봉사활동으로 따뜻한 상생 나서(지방자치인재개발원 행정지원과).hwpx,hwpx,4772297,extracted,,https://www.mois.go.kr/cmm/fms/FileDown.do?atchFileId=FILE_001490318_le-Ck&fileSn=0,894
64,129509,2,260917 (11시) 지방자치인재개발원 추석 명절맞이 복지시설 봉사활동으로 따뜻한 상생 나서(지방자치인재개발원 행정지원과).pdf,,,deferred,,https://www.mois.go.kr/cmm/fms/FileDown.do?atchFileId=FILE_001490318_le-Ck&fileSn=1,
65,129511,1,260917 (석간) 내 국민연금 이제 AI 국민비서에게 물어보세요(공공서비스혁신과).hwpx,hwpx,1440605,extracted,,https://www.mois.go.kr/cmm/fms/FileDown.do?atchFileId=FILE_00149033z8d0Lfh&fileSn=0,2044
65,129511,2,260917 (석간) 내 국민연금 이제 AI 국민비서에게 물어보세요(공공서비스혁신과).pdf,,,deferred,,https://www.mois.go.kr/cmm/fms/FileDown.do?atchFileId=FILE_00149033z8d0Lfh&fileSn=1,
66,129513,1,260916 (즉시보도) 8.15.~18. 호우 피해 복구에 총 2308억 원 투입(복구지원과).hwpx,hwpx,157259,extracted,,https://www.mois.go.kr/cmm/fms/FileDown.do?atchFileId=FILE_001489903CxpraT&fileSn=0,5897
66,129513,2,260916 (즉시보도) 8.15.~18. 호우 피해 복구에 총 2308억 원 투입(복구지원과).pdf,,,deferred,,https://www.mois.go.kr/cmm/fms/FileDown.do?atchFileId=FILE_001489903CxpraT&fileSn=1,
67,129496,1,260917 (조간) 햇빛소득마을 3차 공모로 전국 확산 이어간다(햇빛소득마을추진단 기반조성과).hwpx,hwpx,145737,extracted,,https://www.mois.go.kr/cmm/fms/FileDown.do?atchFileId=FILE_00148995TkbrjTm&fileSn=0,923
67,129496,2,260917 (조간) 햇빛소득마을 3차 공모로 전국 확산 이어간다(햇빛소득마을추진단 기반조성과).pdf,,,deferred,,https://www.mois.go.kr/cmm/fms/FileDown.do?atchFileId=FILE_00148995TkbrjTm&fileSn=1,
68,129495,1,260917 (조간) 행안부 인터넷은행으로 전입세대정보 온라인 연계 확대(주민과).hwpx,hwpx,226988,extracted,,https://www.mois.go.kr/cmm/fms/FileDown.do?atchFileId=FILE_00149023uDlxJXd&fileSn=0,1220
68,129495,2,260917 (조간) 행안부 인터넷은행으로 전입세대정보 온라인 연계 확대(주민과).pdf,,,deferred,,https://www.mois.go.kr/cmm/fms/FileDown.do?atchFileId=FILE_00149023uDlxJXd&fileSn=1,
69,129494,1,260917 (조간) 추석 연휴 안전한 거리환경 조성... 불법현수막 2주간 집중점검(주소정보혁신과).hwpx,hwpx,2416890,extracted,,https://www.mois.go.kr/cmm/fms/FileDown.do?atchFileId=FILE_00149022E4P_gQl&fileSn=0,1343
69,129494,2,260917 (조간) 추석 연휴 안전한 거리환경 조성... 불법현수막 2주간 집중점검(주소정보혁신과).pdf,,,deferred,,https://www.mois.go.kr/cmm/fms/FileDown.do?atchFileId=FILE_00149022E4P_gQl&fileSn=1,
70,129493,1,260917 (조간) 동료의 빈자리가 부담되지 않도록... 걱정은 덜고 행복은 더하는 지방 인력운영 개선(자치분권제도과).hwpx,hwpx,281245,extracted,,https://www.mois.go.kr/cmm/fms/FileDown.do?atchFileId=FILE_001490103fO90Mv&fileSn=0,1692
70,129493,2,260917 (조간) 동료의 빈자리가 부담되지 않도록... 걱정은 덜고 행복은 더하는 지방 인력운영 개선(자치분권제도과).pdf,,,deferred,,https://www.mois.go.kr/cmm/fms/FileDown.do?atchFileId=FILE_001490103fO90Mv&fileSn=1,
71,129490,1,260916 (11시30분) 추석 연휴 범정부 안전관리 총력 대응(안전정책총괄과).hwpx,hwpx,892103,extracted,,https://www.mois.go.kr/cmm/fms/FileDown.do?atchFileId=FILE_00149021z9k4Vxm&fileSn=0,4595
71,129490,2,260916 (11시30분) 추석 연휴 범정부 안전관리 총력 대응(안전정책총괄과).pdf,,,deferred,,https://www.mois.go.kr/cmm/fms/FileDown.do?atchFileId=FILE_00149021z9k4Vxm&fileSn=1,
72,129489,1,260916 (석간) 50개 행정·공공정보시스템을 시작으로 민간 클라우드 이전 본격화(디지털인프라혁신과).hwpx,hwpx,223102,extracted,,https://www.mois.go.kr/cmm/fms/FileDown.do?atchFileId=FILE_001489752lfPT7l&fileSn=0,2127
72,129489,2,260916 (석간) 50개 행정·공공정보시스템을 시작으로 민간 클라우드 이전 본격화(디지털인프라혁신과).pdf,,,deferred,,https://www.mois.go.kr/cmm/fms/FileDown.do?atchFileId=FILE_001489752lfPT7l&fileSn=1,
73,129469,1,260916 (16시) 대통령기록 생산부터 디지털 보존까지 한-카자흐스탄 대통령기록관리 협력 확대(대통령기록관 기록서비스과).hwpx,hwpx,280543,extracted,,https://www.mois.go.kr/cmm/fms/FileDown.do?atchFileId=FILE_00148984xKa0Wi1&fileSn=0,2780
73,129469,2,260916 (16시) 대통령기록 생산부터 디지털 보존까지 한-카자흐스탄 대통령기록관리 협력 확대(대통령기록관 기록서비스과).pdf,,,deferred,,https://www.mois.go.kr/cmm/fms/FileDown.do?atchFileId=FILE_00148984xKa0Wi1&fileSn=1,
74,129475,1,260915 (14시) 중수청 검찰청 검사 및 직원 대상 2차 특례 임용 실시(중수청 개청준비단).hwpx,hwpx,100856,extracted,,https://www.mois.go.kr/cmm/fms/FileDown.do?atchFileId=FILE_00148946flsZX6u&fileSn=0,708
74,129475,2,260915 (14시) 중수청 검찰청 검사 및 직원 대상 2차 특례 임용 실시(중수청 개청준비단).pdf,,,deferred,,https://www.mois.go.kr/cmm/fms/FileDown.do?atchFileId=FILE_00148946flsZX6u&fileSn=1,
75,129468,1,260916 (조간) 과거를 기억하고 추모의 마음을 잇다 일제강제동원희생자 전국합동위령제 개최(과거사관련업무지원단 대일항쟁기강제동원피해지원과).hwpx,hwpx,906160,extracted,,https://www.mois.go.kr/cmm/fms/FileDown.do?atchFileId=FILE_00148983WykfE5C&fileSn=0,1400
75,129468,2,260916 (조간) 과거를 기억하고 추모의 마음을 잇다 일제강제동원희생자 전국합동위령제 개최(과거사관련업무지원단 대일항쟁기강제동원피해지원과).pdf,,,deferred,,https://www.mois.go.kr/cmm/fms/FileDown.do?atchFileId=FILE_00148983WykfE5C&fileSn=1,
76,129467,1,260916 (조간) 세금 고민 덜고 전통시장 살리고 행안부 추석맞이 찾아가는 마을세무사 운영(지방세정책과).hwpx,hwpx,4011799,extracted,,https://www.mois.go.kr/cmm/fms/FileDown.do?atchFileId=FILE_0014897426l18YF&fileSn=0,2198
76,129467,2,260916 (조간) 세금 고민 덜고 전통시장 살리고 행안부 추석맞이 찾아가는 마을세무사 운영(지방세정책과).pdf,,,deferred,,https://www.mois.go.kr/cmm/fms/FileDown.do?atchFileId=FILE_0014897426l18YF&fileSn=1,
77,129466,1,260916 (조간) 산불 대피길 찾고 반복 민원 예측... AI로 한발 앞선 행정 추진(인공지능정부정책과).hwpx,hwpx,1646720,extracted,,https://www.mois.go.kr/cmm/fms/FileDown.do?atchFileId=FILE_00148981GmhI3Zs&fileSn=0,2008
77,129466,2,260916 (조간) 산불 대피길 찾고 반복 민원 예측... AI로 한발 앞선 행정 추진(인공지능정부정책과).pdf,,,deferred,,https://www.mois.go.kr/cmm/fms/FileDown.do?atchFileId=FILE_00148981GmhI3Zs&fileSn=1,
78,129465,1,260915 (16시) 고려인 이주 역사 기록 바다 건너 품는다 한-카자흐스탄 기록 협력 재정비(국가기록원 기록협력과).hwpx,hwpx,146443,extracted,,https://www.mois.go.kr/cmm/fms/FileDown.do?atchFileId=FILE_00148970BueF4s2&fileSn=0,3309
78,129465,2,260915 (16시) 고려인 이주 역사 기록 바다 건너 품는다 한-카자흐스탄 기록 협력 재정비(국가기록원 기록협력과).pdf,,,deferred,,https://www.mois.go.kr/cmm/fms/FileDown.do?atchFileId=FILE_00148970BueF4s2&fileSn=1,
79,129464,1,260915 (조간) 불공정은 단호하게 민생경제는 살뜰히 범정부 추석 명절 합동점검 실시(지역경제과).hwpx,hwpx,1109425,extracted,,https://www.mois.go.kr/cmm/fms/FileDown.do?atchFileId=FILE_00148969qYWehuh&fileSn=0,2255
79,129464,2,260915 (조간) 불공정은 단호하게 민생경제는 살뜰히 범정부 추석 명절 합동점검 실시(지역경제과).pdf,,,deferred,,https://www.mois.go.kr/cmm/fms/FileDown.do?atchFileId=FILE_00148969qYWehuh&fileSn=1,
79,129464,3,(원본이미지) 추석 범정부 합동점검 및 캠페인 안내.zip,,,skipped,텍스트 추출 대상 형식 아님,https://www.mois.go.kr/cmm/fms/FileDown.do?atchFileId=FILE_00148969qYWehuh&fileSn=2,
80,129463,1,260915 (조간) 폐교를 지역의 활력 거점으로 행안부-교육부 폐교 활용 지원사업 7건 선정(공유재산정책과).hwpx,hwpx,9826858,extracted,,https://www.mois.go.kr/cmm/fms/FileDown.do?atchFileId=FILE_00148968EgZsbEj&fileSn=0,5861
80,129463,2,260915 (조간) 폐교를 지역의 활력 거점으로 행안부-교육부 폐교 활용 지원사업 7건 선정(공유재산정책과).pdf,,,deferred,,https://www.mois.go.kr/cmm/fms/FileDown.do?atchFileId=FILE_00148968EgZsbEj&fileSn=1,
81,129462,1,260915 (조간) 행안부 민원 담당자 교육 정부24 안전성 높이고 서류없는 행정 가속화(통합포털정책과).hwpx,hwpx,220390,extracted,,https://www.mois.go.kr/cmm/fms/FileDown.do?atchFileId=FILE_00148967BPe5T4z&fileSn=0,1907
81,129462,2,260915 (조간) 행안부 민원 담당자 교육 정부24 안전성 높이고 서류없는 행정 가속화(통합포털정책과).pdf,,,deferred,,https://www.mois.go.kr/cmm/fms/FileDown.do?atchFileId=FILE_00148967BPe5T4z&fileSn=1,
82,129452,1,260914 (석간) 9월 가뭄 예·경보 발표(기후재난관리과).hwpx,hwpx,827421,extracted,,https://www.mois.go.kr/cmm/fms/FileDown.do?atchFileId=FILE_00148964u1xYbsW&fileSn=0,5440
82,129452,2,260914 (석간) 9월 가뭄 예·경보 발표(기후재난관리과).pdf,,,deferred,,https://www.mois.go.kr/cmm/fms/FileDown.do?atchFileId=FILE_00148964u1xYbsW&fileSn=1,
83,129447,1,260914 (조간) 어린이 보호구역 교통사고 다발지역 93개소 점검 위험요인 개선한다(안전개선과).hwpx,hwpx,224296,extracted,,https://www.mois.go.kr/cmm/fms/FileDown.do?atchFileId=FILE_00148963iNTAxsR&fileSn=0,1286
83,129447,2,260914 (조간) 어린이 보호구역 교통사고 다발지역 93개소 점검 위험요인 개선한다(안전개선과).pdf,,,deferred,,https://www.mois.go.kr/cmm/fms/FileDown.do?atchFileId=FILE_00148963iNTAxsR&fileSn=1,
84,129446,1,260914 (조간) 세계 각지의 이북도민 44명 그리운 고국 찾는다(이북5도).hwpx,hwpx,131851,extracted,,https://www.mois.go.kr/cmm/fms/FileDown.do?atchFileId=FILE_00148962lhd050s&fileSn=0,1775
84,129446,2,260914 (조간) 세계 각지의 이북도민 44명 그리운 고국 찾는다(이북5도).pdf,,,deferred,,https://www.mois.go.kr/cmm/fms/FileDown.do?atchFileId=FILE_00148962lhd050s&fileSn=1,
85,129444,1,260914 (조간) 전국 곳곳 봉사로 채우는 한가위... 행안부 추석맞이 자원봉사 집중기간 운영(민간협력공동체과).hwpx,hwpx,280320,extracted,,https://www.mois.go.kr/cmm/fms/FileDown.do?atchFileId=FILE_00148961gQm2Enp&fileSn=0,1656
85,129444,2,260914 (조간) 전국 곳곳 봉사로 채우는 한가위... 행안부 추석맞이 자원봉사 집중기간 운영(민간협력공동체과).pdf,,,deferred,,https://www.mois.go.kr/cmm/fms/FileDown.do?atchFileId=FILE_00148961gQm2Enp&fileSn=1,
86,129443,1,260914 (조간) 공공 누리집에 숨은 불법광고 국민이 직접 잡는다(공공서비스혁신과).hwpx,hwpx,121089,extracted,,https://www.mois.go.kr/cmm/fms/FileDown.do?atchFileId=FILE_00148960Fard5MK&fileSn=0,1543
86,129443,2,260914 (조간) 공공 누리집에 숨은 불법광고 국민이 직접 잡는다(공공서비스혁신과).pdf,,,deferred,,https://www.mois.go.kr/cmm/fms/FileDown.do?atchFileId=FILE_00148960Fard5MK&fileSn=1,
87,129442,1,260914 (조간) “초연결 시대 더 살기 좋은 지역 만들기“ 행안부 지자체 우수 정보통신서비스 발굴(공공서비스혁신과).pdf,pdf,1502303,extracted,,https://www.mois.go.kr/cmm/fms/FileDown.do?atchFileId=FILE_00148959oFkqPJ9&fileSn=0,4317
88,129417,1,260912 (15시) 지역 청년의 꿈 키운다...행안부-KB국민카드 함께 청년마을 사업 지원(사회연대경제지원과).hwpx,hwpx,93549,extracted,,https://www.mois.go.kr/cmm/fms/FileDown.do?atchFileId=FILE_00148915BkAqkVX&fileSn=0,1217
88,129417,2,260912 (15시) 지역 청년의 꿈 키운다...행안부-KB국민카드 함께 청년마을 사업 지원(사회연대경제지원과).pdf,,,deferred,,https://www.mois.go.kr/cmm/fms/FileDown.do?atchFileId=FILE_00148915BkAqkVX&fileSn=1,
89,129420,1,260912 (조간) 지역공동체 살리는 「사회연대경제기본법」 제정 성과에 3천만 원 특별성과포상금 수여(혁신행정담당관).hwpx,hwpx,253972,extracted,,https://www.mois.go.kr/cmm/fms/FileDown.do?atchFileId=FILE_00148916Sx_NgQ1&fileSn=0,2312
89,129420,2,260912 (조간) 지역공동체 살리는 「사회연대경제기본법」 제정 성과에 3천만 원 특별성과포상금 수여(혁신행정담당관).pdf,,,deferred,,https://www.mois.go.kr/cmm/fms/FileDown.do?atchFileId=FILE_00148916Sx_NgQ1&fileSn=1,
90,129416,1,260911 (18시) 몽골 칭길테구 게르에서도 한국형 건물번호판 본다(주소정보혁신과)(최종).hwpx,hwpx,4036424,extracted,,https://www.mois.go.kr/cmm/fms/FileDown.do?atchFileId=FILE_00148923Y6T1brc&fileSn=0,2490
90,129416,2,260911 (18시) 몽골 칭길테구 게르에서도 한국형 건물번호판 본다(주소정보혁신과)(최종).pdf,,,deferred,,https://www.mois.go.kr/cmm/fms/FileDown.do?atchFileId=FILE_00148923Y6T1brc&fileSn=1,
91,129415,1,260911 (16시30분) 제8회 대한민국 사회연대경제박람회 성공개최를 위한 민관공동추진위원회 출범(사회연대경제제도과).hwpx,hwpx,277382,extracted,,https://www.mois.go.kr/cmm/fms/FileDown.do?atchFileId=FILE_00148922NrjTjfy&fileSn=0,1868
91,129415,2,260911 (16시30분) 제8회 대한민국 사회연대경제박람회 성공개최를 위한 민관공동추진위원회 출범(사회연대경제제도과).pdf,,,deferred,,https://www.mois.go.kr/cmm/fms/FileDown.do?atchFileId=FILE_00148922NrjTjfy&fileSn=1,
92,129414,1,260911 (조간) 추석 전 벌초 예초기 사용에 주의하세요!(예방안전제도과).hwpx,hwpx,4571311,extracted,,https://www.mois.go.kr/cmm/fms/FileDown.do?atchFileId=FILE_0014892191HF2SJ&fileSn=0,1884
92,129414,2,260911 (조간) 추석 전 벌초 예초기 사용에 주의하세요!(예방안전제도과).pdf,,,deferred,,https://www.mois.go.kr/cmm/fms/FileDown.do?atchFileId=FILE_0014892191HF2SJ&fileSn=1,
93,129413,1,260911 (조간) 부담은 줄이고 마음은 풍성한 한가위로 행정안전부 추석 명절 물가안정관리 총력(지역경제과).hwpx,hwpx,171027,extracted,,https://www.mois.go.kr/cmm/fms/FileDown.do?atchFileId=FILE_00148870fuoUC7I&fileSn=0,1773
93,129413,2,260911 (조간) 부담은 줄이고 마음은 풍성한 한가위로 행정안전부 추석 명절 물가안정관리 총력(지역경제과).pdf,,,deferred,,https://www.mois.go.kr/cmm/fms/FileDown.do?atchFileId=FILE_00148870fuoUC7I&fileSn=1,
94,129381,1,260910 (16시) 우리 가족의 사생활 관계기관이 손잡고 더 촘촘히 지킨다(주민과).hwpx,hwpx,713915,extracted,,https://www.mois.go.kr/cmm/fms/FileDown.do?atchFileId=FILE_00148866kRlJVpr&fileSn=0,2611
94,129381,2,260910 (16시) 우리 가족의 사생활 관계기관이 손잡고 더 촘촘히 지킨다(주민과).pdf,,,deferred,,https://www.mois.go.kr/cmm/fms/FileDown.do?atchFileId=FILE_00148866kRlJVpr&fileSn=1,
95,129382,1,260910 (15시) 경주지진 10년 지진방재의 미래 10년을 논하다(지진방재정책과).hwpx,hwpx,1975626,extracted,,https://www.mois.go.kr/cmm/fms/FileDown.do?atchFileId=FILE_00148867035dwZv&fileSn=0,2679
95,129382,2,260910 (15시) 경주지진 10년 지진방재의 미래 10년을 논하다(지진방재정책과).pdf,,,deferred,,https://www.mois.go.kr/cmm/fms/FileDown.do?atchFileId=FILE_00148867035dwZv&fileSn=1,
96,129380,1,260910 (조간) “반복 행정 줄이고 재난 대응 빨라져”… 지방정부 인공지능(AI) 혁신 한자리에(지역디지털협력과) .hwpx,hwpx,288424,extracted,,https://www.mois.go.kr/cmm/fms/FileDown.do?atchFileId=FILE_001488653JEPB9B&fileSn=0,4500
96,129380,2,260910 (조간) “반복 행정 줄이고 재난 대응 빨라져”… 지방정부 인공지능(AI) 혁신 한자리에(지역디지털협력과) .pdf,,,deferred,,https://www.mois.go.kr/cmm/fms/FileDown.do?atchFileId=FILE_001488653JEPB9B&fileSn=1,
97,129376,1,260909 (09시20분) 안전한 한가위 바닷길을 위한 여객선 낚시어선 등 안전관리 현장점검(농축산해양재난대응과).hwpx,hwpx,164477,extracted,,https://www.mois.go.kr/cmm/fms/FileDown.do?atchFileId=FILE_001488647QQYZH6&fileSn=0,1120
97,129376,2,260909 (09시20분) 안전한 한가위 바닷길을 위한 여객선 낚시어선 등 안전관리 현장점검(농축산해양재난대응과).pdf,,,deferred,,https://www.mois.go.kr/cmm/fms/FileDown.do?atchFileId=FILE_001488647QQYZH6&fileSn=1,
98,129349,1,260909 (17시) 김민재 행안부 차관 미래대응기금 추진을 위한 지방정부 협조 요청(교부세과).hwpx,hwpx,286933,extracted,,https://www.mois.go.kr/cmm/fms/FileDown.do?atchFileId=FILE_00148780yQk_WuC&fileSn=0,822
98,129349,2,260909 (17시) 김민재 행안부 차관 미래대응기금 추진을 위한 지방정부 협조 요청(교부세과).pdf,,,deferred,,https://www.mois.go.kr/cmm/fms/FileDown.do?atchFileId=FILE_00148780yQk_WuC&fileSn=1,
99,129347,1,260909 (16시) 행안부 조지아 법무부와 양해각서(MOU) 체결 인공지능(AI)·디지털정부 해외 진출 확대(인공지능정부협력과).hwpx,hwpx,187090,extracted,,https://www.mois.go.kr/cmm/fms/FileDown.do?atchFileId=FILE_001487789kmnlQM&fileSn=0,2049
99,129347,2,260909 (16시) 행안부 조지아 법무부와 양해각서(MOU) 체결 인공지능(AI)·디지털정부 해외 진출 확대(인공지능정부협력과).pdf,,,deferred,,https://www.mois.go.kr/cmm/fms/FileDown.do?atchFileId=FILE_001487789kmnlQM&fileSn=1,
100,129351,1,260908 (국무회의 종료 시) 공무원이 만든 AI 서비스 정부가 키워 범정부 혁신으로(인공지능정부정책과).hwpx,hwpx,305478,extracted,,https://www.mois.go.kr/cmm/fms/FileDown.do?atchFileId=FILE_00148862rvTt5BV&fileSn=0,3130
100,129351,2,260908 (국무회의 종료 시) 공무원이 만든 AI 서비스 정부가 키워 범정부 혁신으로(인공지능정부정책과).pdf,,,deferred,,https://www.mois.go.kr/cmm/fms/FileDown.do?atchFileId=FILE_00148862rvTt5BV&fileSn=1,
101,129350,1,260908 (국무회의 종료 시) 10·29이태원참사 피해회복을 위한 신청기간 연장(10·29이태원참사 피해구제추모지원단).hwpx,hwpx,102690,extracted,,https://www.mois.go.kr/cmm/fms/FileDown.do?atchFileId=FILE_001488610iAYUL4&fileSn=0,1760
101,129350,2,260908 (국무회의 종료 시) 10·29이태원참사 피해회복을 위한 신청기간 연장(10·29이태원참사 피해구제추모지원단).pdf,,,deferred,,https://www.mois.go.kr/cmm/fms/FileDown.do?atchFileId=FILE_001488610iAYUL4&fileSn=1,
102,129348,1,260909 (조간) 우리나라 국경섬 정부가 직접 지원한다 제1차 국토외곽 먼섬 종합발전계획 수립·확정(균형발전진흥과).hwpx,hwpx,184310,extracted,,https://www.mois.go.kr/cmm/fms/FileDown.do?atchFileId=FILE_00148779GDw9aue&fileSn=0,1614
102,129348,2,260909 (조간) 우리나라 국경섬 정부가 직접 지원한다 제1차 국토외곽 먼섬 종합발전계획 수립·확정(균형발전진흥과).pdf,,,deferred,,https://www.mois.go.kr/cmm/fms/FileDown.do?atchFileId=FILE_00148779GDw9aue&fileSn=1,
103,129331,1,260908 (16시) 새만금신항 매립지 군산시 귀속 결정(자치분권지원과).hwpx,hwpx,978800,extracted,,https://www.mois.go.kr/cmm/fms/FileDown.do?atchFileId=FILE_00148777FypfTjS&fileSn=0,2310
103,129331,2,260908 (16시) 새만금신항 매립지 군산시 귀속 결정(자치분권지원과).pdf,,,deferred,,https://www.mois.go.kr/cmm/fms/FileDown.do?atchFileId=FILE_00148777FypfTjS&fileSn=1,
104,129306,1,260908 (조간) 대한민국 재난안전기업 베트남 공공조달시장 집중 공략(재난안전산업과).hwpx,hwpx,164357,extracted,,https://www.mois.go.kr/cmm/fms/FileDown.do?atchFileId=FILE_00148828xaZkGh0&fileSn=0,1380
104,129306,2,260908 (조간) 대한민국 재난안전기업 베트남 공공조달시장 집중 공략(재난안전산업과).pdf,,,deferred,,https://www.mois.go.kr/cmm/fms/FileDown.do?atchFileId=FILE_00148828xaZkGh0&fileSn=1,
105,129305,1,260908 (조간) 사회연대경제기본법 시행 준비 본격화 행안부 전국 지방정부·현장 워크숍 개최(사회연대경제제도과).hwpx,hwpx,278553,extracted,,https://www.mois.go.kr/cmm/fms/FileDown.do?atchFileId=FILE_00148827ZUIMcrs&fileSn=0,1584
105,129305,2,260908 (조간) 사회연대경제기본법 시행 준비 본격화 행안부 전국 지방정부·현장 워크숍 개최(사회연대경제제도과).pdf,,,deferred,,https://www.mois.go.kr/cmm/fms/FileDown.do?atchFileId=FILE_00148827ZUIMcrs&fileSn=1,
106,129304,1,260908 (조간) 행안부가 지원하는 섬 여행 최대 10만 원 받는다…9월 8일부터 사전 신청(균형발전진흥과).hwpx,hwpx,270087,extracted,,https://www.mois.go.kr/cmm/fms/FileDown.do?atchFileId=FILE_00148826-WFt58C&fileSn=0,1566
106,129304,2,260908 (조간) 행안부가 지원하는 섬 여행 최대 10만 원 받는다…9월 8일부터 사전 신청(균형발전진흥과).pdf,,,deferred,,https://www.mois.go.kr/cmm/fms/FileDown.do?atchFileId=FILE_00148826-WFt58C&fileSn=1,
107,129303,1,260908 (조간) 똑똑! 주민등록 사실조사를 위해 사실조사원이 방문합니다(주민과).hwpx,hwpx,1516311,extracted,,https://www.mois.go.kr/cmm/fms/FileDown.do?atchFileId=FILE_00148825l8yXGDD&fileSn=0,1587
107,129303,2,260908 (조간) 똑똑! 주민등록 사실조사를 위해 사실조사원이 방문합니다(주민과).pdf,,,deferred,,https://www.mois.go.kr/cmm/fms/FileDown.do?atchFileId=FILE_00148825l8yXGDD&fileSn=1,
108,129302,1,260907 (조간) 역대 정부의 사회복지 정책의 발자취 대통령기록물로 만난다(대통령기록관 기록서비스과).hwpx,hwpx,16076307,extracted,,https://www.mois.go.kr/cmm/fms/FileDown.do?atchFileId=FILE_00148824bWJm0hK&fileSn=0,4849
108,129302,2,260907 (조간) 역대 정부의 사회복지 정책의 발자취 대통령기록물로 만난다(대통령기록관 기록서비스과).pdf,,,deferred,,https://www.mois.go.kr/cmm/fms/FileDown.do?atchFileId=FILE_00148824bWJm0hK&fileSn=1,
109,129301,1,260907 (조간) 직접 만들고 배우고 알려주는 2026년 안전교육 영상 공모전 개최(안전문화교육과).hwpx,hwpx,2105217,extracted,,https://www.mois.go.kr/cmm/fms/FileDown.do?atchFileId=FILE_00148823AnXvIvq&fileSn=0,1168
109,129301,2,260907 (조간) 직접 만들고 배우고 알려주는 2026년 안전교육 영상 공모전 개최(안전문화교육과).pdf,,,deferred,,https://www.mois.go.kr/cmm/fms/FileDown.do?atchFileId=FILE_00148823AnXvIvq&fileSn=1,
110,129300,1,260907 (조간) 윤호중 행정안전부 장관 2026여수세계섬박람회 개막식 참석(균형발전진흥과).hwpx,hwpx,180840,extracted,,https://www.mois.go.kr/cmm/fms/FileDown.do?atchFileId=FILE_00148822W73H-iT&fileSn=0,1650
110,129300,2,260907 (조간) 윤호중 행정안전부 장관 2026여수세계섬박람회 개막식 참석(균형발전진흥과).pdf,,,deferred,,https://www.mois.go.kr/cmm/fms/FileDown.do?atchFileId=FILE_00148822W73H-iT&fileSn=1,
111,129299,1,260907 (조간) 사망자 명의의 불법 금융거래 사망신고 다음 날부터 즉시 막는다(주민과).hwpx,hwpx,2017036,extracted,,https://www.mois.go.kr/cmm/fms/FileDown.do?atchFileId=FILE_001488213WDgnRc&fileSn=0,2595
111,129299,2,260907 (조간) 사망자 명의의 불법 금융거래 사망신고 다음 날부터 즉시 막는다(주민과).pdf,,,deferred,,https://www.mois.go.kr/cmm/fms/FileDown.do?atchFileId=FILE_001488213WDgnRc&fileSn=1,
112,129298,1,260907 (조간) “한곳에서 한 번에 민원 해결한다” 행안부 원스톱 행정서비스 우수사례 공모(원스톱행정서비스추진단 과제발굴과).hwpx,hwpx,229985,extracted,,https://www.mois.go.kr/cmm/fms/FileDown.do?atchFileId=FILE_00148800kBXBht-&fileSn=0,2303
112,129298,2,260907 (조간) “한곳에서 한 번에 민원 해결한다” 행안부 원스톱 행정서비스 우수사례 공모(원스톱행정서비스추진단 과제발굴과).pdf,,,deferred,,https://www.mois.go.kr/cmm/fms/FileDown.do?atchFileId=FILE_00148800kBXBht-&fileSn=1,
113,129297,1,260904 (브리핑 시작 시) 중수청장후보추천위원회 초대 청장 후보자 4명 추천(인사기획관).hwpx,hwpx,273421,extracted,,https://www.mois.go.kr/cmm/fms/FileDown.do?atchFileId=FILE_00148799toK001H&fileSn=0,1094
113,129297,2,260904 (브리핑 시작 시) 중수청장후보추천위원회 초대 청장 후보자 4명 추천(인사기획관).pdf,,,deferred,,https://www.mois.go.kr/cmm/fms/FileDown.do?atchFileId=FILE_00148799toK001H&fileSn=1,
114,129296,1,260904 (즉시) 8.15.~18. 호우 피해 특별재난지역 추가 선포(복구지원과).hwpx,hwpx,177125,extracted,,https://www.mois.go.kr/cmm/fms/FileDown.do?atchFileId=FILE_001487988wVCWCp&fileSn=0,4899
114,129296,2,260904 (즉시) 8.15.~18. 호우 피해 특별재난지역 추가 선포(복구지원과).pdf,,,deferred,,https://www.mois.go.kr/cmm/fms/FileDown.do?atchFileId=FILE_001487988wVCWCp&fileSn=1,
115,129281,1,260905 (조간) 안심하고 즐기세요 서울세계불꽃축제 안전대책 현장점검(재난안전점검과).hwpx,hwpx,270117,extracted,,https://www.mois.go.kr/cmm/fms/FileDown.do?atchFileId=FILE_00148759xJz1Y8c&fileSn=0,1186
115,129281,2,260905 (조간) 안심하고 즐기세요 서울세계불꽃축제 안전대책 현장점검(재난안전점검과).pdf,,,deferred,,https://www.mois.go.kr/cmm/fms/FileDown.do?atchFileId=FILE_00148759xJz1Y8c&fileSn=1,
116,129280,1,260905 (조간) 기부가 만든 고향의 변화 고향사랑의 날 기념 고향사랑기부대상 시상식 개최(균형발전진흥과).hwpx,hwpx,161545,extracted,,https://www.mois.go.kr/cmm/fms/FileDown.do?atchFileId=FILE_00148758iJBD7Ou&fileSn=0,5369
116,129280,2,260905 (조간) 기부가 만든 고향의 변화 고향사랑의 날 기념 고향사랑기부대상 시상식 개최(균형발전진흥과).pdf,,,deferred,,https://www.mois.go.kr/cmm/fms/FileDown.do?atchFileId=FILE_00148758iJBD7Ou&fileSn=1,
117,129224,1,260904 (17시) 지역 농산물과 대기업 유통망의 만남…행안부 지방정부-기업 상생협력 물꼬 터(균형발전제도과).hwpx,hwpx,150456,extracted,,https://www.mois.go.kr/cmm/fms/FileDown.do?atchFileId=FILE_001486894t6n2xD&fileSn=0,1313
117,129224,2,260904 (17시) 지역 농산물과 대기업 유통망의 만남…행안부 지방정부-기업 상생협력 물꼬 터(균형발전제도과).pdf,,,deferred,,https://www.mois.go.kr/cmm/fms/FileDown.do?atchFileId=FILE_001486894t6n2xD&fileSn=1,
118,129230,1,260904 (16시) 가을 행락철 다중운집인파 안전관리 총력 대응(사회재난대응총괄과).hwpx,hwpx,3123732,extracted,,https://www.mois.go.kr/cmm/fms/FileDown.do?atchFileId=FILE_00148735RK-TA3Z&fileSn=0,5105
118,129230,2,260904 (16시) 가을 행락철 다중운집인파 안전관리 총력 대응(사회재난대응총괄과).pdf,,,deferred,,https://www.mois.go.kr/cmm/fms/FileDown.do?atchFileId=FILE_00148735RK-TA3Z&fileSn=1,
119,129231,1,260904 (조간) 인공지능(AI)과 CCTV로 더 안전해지는 우리 동네(재난안전데이터과).hwpx,hwpx,16340214,extracted,,https://www.mois.go.kr/cmm/fms/FileDown.do?atchFileId=FILE_00148753c7711qC&fileSn=0,4085
119,129231,2,260904 (조간) 인공지능(AI)과 CCTV로 더 안전해지는 우리 동네(재난안전데이터과).pdf,,,deferred,,https://www.mois.go.kr/cmm/fms/FileDown.do?atchFileId=FILE_00148753c7711qC&fileSn=1,
120,129228,1,260904 (조간) 12대 강풍 취약시설 점검으로 일상 속 위험 요인 선제 제거(자연재난대응과).hwpx,hwpx,627149,extracted,,https://www.mois.go.kr/cmm/fms/FileDown.do?atchFileId=FILE_00148742bOkkpsq&fileSn=0,2462
120,129228,2,260904 (조간) 12대 강풍 취약시설 점검으로 일상 속 위험 요인 선제 제거(자연재난대응과).pdf,,,deferred,,https://www.mois.go.kr/cmm/fms/FileDown.do?atchFileId=FILE_00148742bOkkpsq&fileSn=1,
121,129227,1,260904 (조간) 재난안전 분야 논문 공모전 개최(안전개선과).hwpx,hwpx,4660503,extracted,,https://www.mois.go.kr/cmm/fms/FileDown.do?atchFileId=FILE_00148741sSKCUoj&fileSn=0,1074
121,129227,2,260904 (조간) 재난안전 분야 논문 공모전 개최(안전개선과).pdf,,,deferred,,https://www.mois.go.kr/cmm/fms/FileDown.do?atchFileId=FILE_00148741sSKCUoj&fileSn=1,
122,129226,1,260904 (조간) 흩어져 있던 가족관계교육 이제 「정부24」에서 한눈에 찾고 신청한다(통합포털정책과).hwpx,hwpx,490080,extracted,,https://www.mois.go.kr/cmm/fms/FileDown.do?atchFileId=FILE_001487305SU0yYW&fileSn=0,3000
122,129226,2,260904 (조간) 흩어져 있던 가족관계교육 이제 「정부24」에서 한눈에 찾고 신청한다(통합포털정책과).pdf,,,deferred,,https://www.mois.go.kr/cmm/fms/FileDown.do?atchFileId=FILE_001487305SU0yYW&fileSn=1,
123,129225,1,260904 (조간) 2026년(2025년 기준) 행정·공공기관 정보자원 현황 발간(디지털인프라혁신과).hwpx,hwpx,336775,extracted,,https://www.mois.go.kr/cmm/fms/FileDown.do?atchFileId=FILE_00148690U30Mpl4&fileSn=0,1836
123,129225,2,260904 (조간) 2026년(2025년 기준) 행정·공공기관 정보자원 현황 발간(디지털인프라혁신과).pdf,,,deferred,,https://www.mois.go.kr/cmm/fms/FileDown.do?atchFileId=FILE_00148690U30Mpl4&fileSn=1,
124,129241,1,260903(즉시) 집중호우 피해 수습에 재난특교세 20억 긴급 지원(재난관리정책과).hwpx,hwpx,91812,extracted,,https://www.mois.go.kr/cmm/fms/FileDown.do?atchFileId=FILE_00148718xfAxhGd&fileSn=0,537
124,129241,2,260903(즉시) 집중호우 피해 수습에 재난특교세 20억 긴급 지원(재난관리정책과).pdf,,,deferred,,https://www.mois.go.kr/cmm/fms/FileDown.do?atchFileId=FILE_00148718xfAxhGd&fileSn=1,
125,129220,1,260902 (즉시) 행정안전부 장관 부산 오륙도 해역 인근 예인선 전복 발생 관련 긴급지시(농축산해양재난대응과).hwpx,hwpx,188730,extracted,,https://www.mois.go.kr/cmm/fms/FileDown.do?atchFileId=FILE_0014873499qXXRb&fileSn=0,423
125,129220,2,260902 (즉시) 행정안전부 장관 부산 오륙도 해역 인근 예인선 전복 발생 관련 긴급지시(농축산해양재난대응과).pdf,,,deferred,,https://www.mois.go.kr/cmm/fms/FileDown.do?atchFileId=FILE_0014873499qXXRb&fileSn=1,
126,129194,1,260903 (조간) 기후재난 시대 지역사회 안전을 묻다 제30회 재난안전세미나 개최(국립재난안전연구원 안전연구실).hwpx,hwpx,103290,extracted,,https://www.mois.go.kr/cmm/fms/FileDown.do?atchFileId=FILE_00148694GGAKBVq&fileSn=0,2014
126,129194,2,260903 (조간) 기후재난 시대 지역사회 안전을 묻다 제30회 재난안전세미나 개최(국립재난안전연구원 안전연구실).pdf,,,deferred,,https://www.mois.go.kr/cmm/fms/FileDown.do?atchFileId=FILE_00148694GGAKBVq&fileSn=1,
127,129193,1,260903 (조간) 재난 피해자의 일상 회복과 지역사회 복원력 국제사회 연대로 높이다(국립재난안전연구원 연구기획과).hwpx,hwpx,160100,extracted,,https://www.mois.go.kr/cmm/fms/FileDown.do?atchFileId=FILE_00148693kkrUIG4&fileSn=0,1014
127,129193,2,260903 (조간) 재난 피해자의 일상 회복과 지역사회 복원력 국제사회 연대로 높이다(국립재난안전연구원 연구기획과).pdf,,,deferred,,https://www.mois.go.kr/cmm/fms/FileDown.do?atchFileId=FILE_00148693kkrUIG4&fileSn=1,
128,129192,1,260903 (조간) AI 행정 혁신부터 조직문화까지 지방공무원 우수 교육 사례 한자리에(지방자치인재개발원).hwpx,hwpx,282079,extracted,,https://www.mois.go.kr/cmm/fms/FileDown.do?atchFileId=FILE_00148692raaV9zF&fileSn=0,2379
128,129192,2,260903 (조간) AI 행정 혁신부터 조직문화까지 지방공무원 우수 교육 사례 한자리에(지방자치인재개발원).pdf,,,deferred,,https://www.mois.go.kr/cmm/fms/FileDown.do?atchFileId=FILE_00148692raaV9zF&fileSn=1,
129,129191,1,260903 (조간) 2025년도 지방공기업 결산과 경영분석 결과발표(지방공공기관관리과).hwpx,hwpx,294757,extracted,,https://www.mois.go.kr/cmm/fms/FileDown.do?atchFileId=FILE_00148696OLac-O4&fileSn=0,4290
129,129191,2,260903 (조간) 2025년도 지방공기업 결산과 경영분석 결과발표(지방공공기관관리과).pdf,,,deferred,,https://www.mois.go.kr/cmm/fms/FileDown.do?atchFileId=FILE_00148696OLac-O4&fileSn=1,
129,129191,3,[참고자료] 2026년 지방공공기관 부채중점관리기관 및 부채감축대상기관 지정내역.hwpx,hwpx,83046,extracted,,https://www.mois.go.kr/cmm/fms/FileDown.do?atchFileId=FILE_00148696OLac-O4&fileSn=2,1782
129,129191,4,[참고자료] 2026년 지방공공기관 부채중점관리기관 및 부채감축대상기관 지정내역.pdf,,,deferred,,https://www.mois.go.kr/cmm/fms/FileDown.do?atchFileId=FILE_00148696OLac-O4&fileSn=3,
130,129203,1,1. 260902 (석간) 행안부 2027년 예산안 84조 7036억 원 편성...전년 대비 10.1% 증가(기획재정담당관).hwpx,hwpx,2001333,extracted,,https://www.mois.go.kr/cmm/fms/FileDown.do?atchFileId=FILE_00148688WxIWmYV&fileSn=0,2725
130,129203,2,1. 260902 (석간) 행안부 2027년 예산안 84조 7036억 원 편성...전년 대비 10.1% 증가(기획재정담당관).pdf,,,deferred,,https://www.mois.go.kr/cmm/fms/FileDown.do?atchFileId=FILE_00148688WxIWmYV&fileSn=1,
130,129203,3,2. [참고자료] 행정안전부 2027년도 예산안 주요사업 개요.hwpx,hwpx,1974791,extracted,,https://www.mois.go.kr/cmm/fms/FileDown.do?atchFileId=FILE_00148688WxIWmYV&fileSn=2,2808
130,129203,4,2. [참고자료] 행정안전부 2027년도 예산안 주요사업 개요.pdf,,,deferred,,https://www.mois.go.kr/cmm/fms/FileDown.do?atchFileId=FILE_00148688WxIWmYV&fileSn=3,
131,129170,1,260901 (국무회의 종료 시) 2027년 국가공무원 3851명 증원 민생·안전 분야 집중 보강(조직기획과).hwpx,hwpx,281224,extracted,,https://www.mois.go.kr/cmm/fms/FileDown.do?atchFileId=FILE_001486805xqMGXS&fileSn=0,2481
131,129170,2,260901 (국무회의 종료 시) 2027년 국가공무원 3851명 증원 민생·안전 분야 집중 보강(조직기획과).pdf,,,deferred,,https://www.mois.go.kr/cmm/fms/FileDown.do?atchFileId=FILE_001486805xqMGXS&fileSn=1,
132,129173,1,260902 (조간) 국민이 뽑은 최고의 지진안전 AI영상은(지진방재관리과).hwpx,hwpx,901808,extracted,,https://www.mois.go.kr/cmm/fms/FileDown.do?atchFileId=FILE_00148674v-u98Sz&fileSn=0,1629
132,129173,2,260902 (조간) 국민이 뽑은 최고의 지진안전 AI영상은(지진방재관리과).pdf,,,deferred,,https://www.mois.go.kr/cmm/fms/FileDown.do?atchFileId=FILE_00148674v-u98Sz&fileSn=1,
133,129172,1,260902 (조간) 재난현장의 혁신을 이끄는 과학기술 2026년 대한민국 재난안전 연구개발 대상 수상자 8명 선정(재난안전연구개발과).hwpx,hwpx,97202,extracted,,https://www.mois.go.kr/cmm/fms/FileDown.do?atchFileId=FILE_00148673G_8igkX&fileSn=0,2462
133,129172,2,260902 (조간) 재난현장의 혁신을 이끄는 과학기술 2026년 대한민국 재난안전 연구개발 대상 수상자 8명 선정(재난안전연구개발과).pdf,,,deferred,,https://www.mois.go.kr/cmm/fms/FileDown.do?atchFileId=FILE_00148673G_8igkX&fileSn=1,
134,129171,1,260902 (조간) 첨단 안전산업의 미래 「2026 대한민국 안전산업박람회」 개막(재난안전산업과).hwpx,hwpx,167280,extracted,,https://www.mois.go.kr/cmm/fms/FileDown.do?atchFileId=FILE_00148672Tz6S71d&fileSn=0,2532
134,129171,2,260902 (조간) 첨단 안전산업의 미래 「2026 대한민국 안전산업박람회」 개막(재난안전산업과).pdf,,,deferred,,https://www.mois.go.kr/cmm/fms/FileDown.do?atchFileId=FILE_00148672Tz6S71d&fileSn=1,
135,129169,1,260901 (석간) 행안부 모든 행정·공공기관 대상 클라우드컴퓨팅 총조사 실시(디지털인프라혁신과).hwpx,hwpx,92303,extracted,,https://www.mois.go.kr/cmm/fms/FileDown.do?atchFileId=FILE_00148671pKS3fAJ&fileSn=0,1293
135,129169,2,260901 (석간) 행안부 모든 행정·공공기관 대상 클라우드컴퓨팅 총조사 실시(디지털인프라혁신과).pdf,,,deferred,,https://www.mois.go.kr/cmm/fms/FileDown.do?atchFileId=FILE_00148671pKS3fAJ&fileSn=1,
136,129168,1,1. 260901 (석간) 행안부 92명의 청년인턴 공직사회에서 새로운 도전 시작(혁신행정담당관).hwpx,hwpx,291064,extracted,,https://www.mois.go.kr/cmm/fms/FileDown.do?atchFileId=FILE_00148676DPXmdND&fileSn=0,1804
136,129168,2,1. 260901 (석간) 행안부 92명의 청년인턴 공직사회에서 새로운 도전 시작(혁신행정담당관).pdf,,,deferred,,https://www.mois.go.kr/cmm/fms/FileDown.do?atchFileId=FILE_00148676DPXmdND&fileSn=1,
137,129167,1,260831 (즉시) 8.15.~18. 호우 피해지역 재난지원금 66억 원 우선 교부(복구지원과).hwpx,hwpx,253054,extracted,,https://www.mois.go.kr/cmm/fms/FileDown.do?atchFileId=FILE_00148626mMFU3hy&fileSn=0,722
137,129167,2,260831 (즉시) 8.15.~18. 호우 피해지역 재난지원금 66억 원 우선 교부(복구지원과).pdf,,,deferred,,https://www.mois.go.kr/cmm/fms/FileDown.do?atchFileId=FILE_00148626mMFU3hy&fileSn=1,
138,129154,1,260901 (조간) 가을철 안전위험 요소 안전신문고로 신고하세요(안전개선과).hwpx,hwpx,3270454,extracted,,https://www.mois.go.kr/cmm/fms/FileDown.do?atchFileId=FILE_00148550pOXyZgi&fileSn=0,1739
138,129154,2,260901 (조간) 가을철 안전위험 요소 안전신문고로 신고하세요(안전개선과).pdf,,,deferred,,https://www.mois.go.kr/cmm/fms/FileDown.do?atchFileId=FILE_00148550pOXyZgi&fileSn=1,
139,129153,1,260901 (조간) 대형차 우회전 사고부터 침수지역 인명 구조까지 국민 아이디어로 해결한다(재난안전연구개발과).hwpx,hwpx,170329,extracted,,https://www.mois.go.kr/cmm/fms/FileDown.do?atchFileId=FILE_00148549vH_j4Oh&fileSn=0,4327
139,129153,2,260901 (조간) 대형차 우회전 사고부터 침수지역 인명 구조까지 국민 아이디어로 해결한다(재난안전연구개발과).pdf,,,deferred,,https://www.mois.go.kr/cmm/fms/FileDown.do?atchFileId=FILE_00148549vH_j4Oh&fileSn=1,
140,129151,1,260901 (조간) 국민안전산업펀드 1호 펀드 결성 추진(재난안전산업과).hwpx,hwpx,161232,extracted,,https://www.mois.go.kr/cmm/fms/FileDown.do?atchFileId=FILE_00148548t39vfbM&fileSn=0,917
140,129151,2,260901 (조간) 국민안전산업펀드 1호 펀드 결성 추진(재난안전산업과).pdf,,,deferred,,https://www.mois.go.kr/cmm/fms/FileDown.do?atchFileId=FILE_00148548t39vfbM&fileSn=1,
141,129150,1,260901 (조간) 제주4·3사건 희생자 유족 추가신고 길 열린다... 보상금 신청도 3년 연장(사회통합지원과).hwpx,hwpx,160350,extracted,,https://www.mois.go.kr/cmm/fms/FileDown.do?atchFileId=FILE_001485473M5npNp&fileSn=0,2313
141,129150,2,260901 (조간) 제주4·3사건 희생자 유족 추가신고 길 열린다... 보상금 신청도 3년 연장(사회통합지원과).pdf,,,deferred,,https://www.mois.go.kr/cmm/fms/FileDown.do?atchFileId=FILE_001485473M5npNp&fileSn=1,
142,129108,1,260831 (석간) 아세안 재난관리 역량강화과정 새로운 또다른 4년 여정의 첫발을 내딛다(국가재난안전교육원).hwpx,hwpx,165256,extracted,,https://www.mois.go.kr/cmm/fms/FileDown.do?atchFileId=FILE_00148586ix8gVUH&fileSn=0,1374
142,129108,2,260831 (석간) 아세안 재난관리 역량강화과정 새로운 또다른 4년 여정의 첫발을 내딛다(국가재난안전교육원).pdf,,,deferred,,https://www.mois.go.kr/cmm/fms/FileDown.do?atchFileId=FILE_00148586ix8gVUH&fileSn=1,
143,129106,1,260831 (석간) 한일 지방행정 경험 나누며 협력의 길 찾는다 제26회 한일 내정관계자 교류회의 개최(자치행정과).hwp,hwp,194560,extracted,,https://www.mois.go.kr/cmm/fms/FileDown.do?atchFileId=FILE_00148584y34TuC0&fileSn=0,2031
143,129106,2,260831 (석간) 한일 지방행정 경험 나누며 협력의 길 찾는다 제26회 한일 내정관계자 교류회의 개최(자치행정과).pdf,,,deferred,,https://www.mois.go.kr/cmm/fms/FileDown.do?atchFileId=FILE_00148584y34TuC0&fileSn=1,
144,129105,1,260831 (조간) “영업신고와 사업자등록 한곳에서 한 번에” 8월 31일부터 원스톱 서비스 전국 시행(원스톱행정서비스추진단).hwpx,hwpx,331580,extracted,,https://www.mois.go.kr/cmm/fms/FileDown.do?atchFileId=FILE_00148620wL0EGYl&fileSn=0,2811
144,129105,2,260831 (조간) “영업신고와 사업자등록 한곳에서 한 번에” 8월 31일부터 원스톱 서비스 전국 시행(원스톱행정서비스추진단).pdf,,,deferred,,https://www.mois.go.kr/cmm/fms/FileDown.do?atchFileId=FILE_00148620wL0EGYl&fileSn=1,
145,129104,1,260831 (조간) AI기반 산업안전 침수·화재 대응까지 국민 안전 지키는 우수 기술 한자리에(재난안전산업과).hwpx,hwpx,3476555,extracted,,https://www.mois.go.kr/cmm/fms/FileDown.do?atchFileId=FILE_001485839_qM-T7&fileSn=0,2642
145,129104,2,260831 (조간) AI기반 산업안전 침수·화재 대응까지 국민 안전 지키는 우수 기술 한자리에(재난안전산업과).pdf,,,deferred,,https://www.mois.go.kr/cmm/fms/FileDown.do?atchFileId=FILE_001485839_qM-T7&fileSn=1,
146,129103,1,260831 (조간) 지역사랑상품권 5개년 법정 기본계획 최초 수립 지역경제 선순환 이끈다(민생경제지원과).hwpx,hwpx,324143,extracted,,https://www.mois.go.kr/cmm/fms/FileDown.do?atchFileId=FILE_00148619-VVORKR&fileSn=0,5432
146,129103,2,260831 (조간) 지역사랑상품권 5개년 법정 기본계획 최초 수립 지역경제 선순환 이끈다(민생경제지원과).pdf,,,deferred,,https://www.mois.go.kr/cmm/fms/FileDown.do?atchFileId=FILE_00148619-VVORKR&fileSn=1,
147,129102,1,260831 (조간) “주민의 아이디어로 지역문제 해결” 행안부 2026년 주민자치 우수사례 공모 (주민자치혁신과).hwpx,hwpx,111301,extracted,,https://www.mois.go.kr/cmm/fms/FileDown.do?atchFileId=FILE_00148582DxSK3Lo&fileSn=0,1442
147,129102,2,260831 (조간) “주민의 아이디어로 지역문제 해결” 행안부 2026년 주민자치 우수사례 공모 (주민자치혁신과).pdf,,,deferred,,https://www.mois.go.kr/cmm/fms/FileDown.do?atchFileId=FILE_00148582DxSK3Lo&fileSn=1,
148,129101,1,260831 (8월 29일(토) 18시) 쓰봉크럽 with 우리동네 새단장 행안부-여기어때 속초 해수욕장에서 손잡았다(자치행정과).hwpx,hwpx,111769,extracted,,https://www.mois.go.kr/cmm/fms/FileDown.do?atchFileId=FILE_00148618VNZtVnF&fileSn=0,1891
148,129101,2,260831 (8월 29일(토) 18시) 쓰봉크럽 with 우리동네 새단장 행안부-여기어때 속초 해수욕장에서 손잡았다(자치행정과).pdf,,,deferred,,https://www.mois.go.kr/cmm/fms/FileDown.do?atchFileId=FILE_00148618VNZtVnF&fileSn=1,
149,129134,1,260830 (즉시) 8.29~31일 호우 대처 중대본 회의 개최(자연재난대응과).hwpx,hwpx,9689309,extracted,,https://www.mois.go.kr/cmm/fms/FileDown.do?atchFileId=FILE_00148633xaZxBD1&fileSn=0,1179
149,129134,2,260830 (즉시) 8.29~31일 호우 대처 중대본 회의 개최(자연재난대응과).pdf,,,deferred,,https://www.mois.go.kr/cmm/fms/FileDown.do?atchFileId=FILE_00148633xaZxBD1&fileSn=1,
150,129133,1,260830 (즉시보도) 전남광주·울산·전북·경북지역 호우특보 중앙재난안전대책본부 1단계 가동(자연재난대응과) (수정).hwpx,hwpx,1012978,extracted,,https://www.mois.go.kr/cmm/fms/FileDown.do?atchFileId=FILE_00148632P0zoSoO&fileSn=0,1195
150,129133,2,260830 (즉시보도) 전남광주·울산·전북·경북지역 호우특보 중앙재난안전대책본부 1단계 가동(자연재난대응과) (수정).pdf,,,deferred,,https://www.mois.go.kr/cmm/fms/FileDown.do?atchFileId=FILE_00148632P0zoSoO&fileSn=1,
151,129100,1,260828 (16시30분) 8.29~31일 호우 대비 관계기관 대책회의 개최(자연재난대응과).hwpx,hwpx,9695435,extracted,,https://www.mois.go.kr/cmm/fms/FileDown.do?atchFileId=FILE_00148581_bvEMpS&fileSn=0,1826
151,129100,2,260828 (16시30분) 8.29~31일 호우 대비 관계기관 대책회의 개최(자연재난대응과).pdf,,,deferred,,https://www.mois.go.kr/cmm/fms/FileDown.do?atchFileId=FILE_00148581_bvEMpS&fileSn=1,
152,129085,1,260829 (16시) 윤호중 행정안전부 장관 2026여수세계섬박람회 최종 현장 점검(균형발전진흥과).hwpx,hwpx,171520,extracted,,https://www.mois.go.kr/cmm/fms/FileDown.do?atchFileId=FILE_00148573t5XAiAW&fileSn=0,1780
152,129085,2,260829 (16시) 윤호중 행정안전부 장관 2026여수세계섬박람회 최종 현장 점검(균형발전진흥과).pdf,,,deferred,,https://www.mois.go.kr/cmm/fms/FileDown.do?atchFileId=FILE_00148573t5XAiAW&fileSn=1,
153,129086,1,260829 (15시) 행안부 미래대응기금 설명과 지방 의견 청취(교부세과).hwpx,hwpx,266932,extracted,,https://www.mois.go.kr/cmm/fms/FileDown.do?atchFileId=FILE_00148574BAbzTJP&fileSn=0,994
153,129086,2,260829 (15시) 행안부 미래대응기금 설명과 지방 의견 청취(교부세과).pdf,,,deferred,,https://www.mois.go.kr/cmm/fms/FileDown.do?atchFileId=FILE_00148574BAbzTJP&fileSn=1,
154,129099,1,260828 (즉시) 행정안전부 장관 충남 천안시 공장 화재 관련 긴급 지시(국토산업재난대응과).hwpx,hwpx,139255,extracted,,https://www.mois.go.kr/cmm/fms/FileDown.do?atchFileId=FILE_00148580GGJsghT&fileSn=0,440
154,129099,2,260828 (즉시) 행정안전부 장관 충남 천안시 공장 화재 관련 긴급 지시(국토산업재난대응과).pdf,,,deferred,,https://www.mois.go.kr/cmm/fms/FileDown.do?atchFileId=FILE_00148580GGJsghT&fileSn=1,
155,129074,1,260828 (석간) 새마을금고 2026년 상반기 영업실적(지역금융지원과).hwpx,hwpx,154221,extracted,,https://www.mois.go.kr/cmm/fms/FileDown.do?atchFileId=FILE_00148540d79IUI_&fileSn=0,4158
155,129074,2,260828 (석간) 새마을금고 2026년 상반기 영업실적(지역금융지원과).pdf,,,deferred,,https://www.mois.go.kr/cmm/fms/FileDown.do?atchFileId=FILE_00148540d79IUI_&fileSn=1,
156,129047,1,260828 (조간) 공공 정보시스템 1만 5천여 개 등급 전면 재조정 국민 영향 중심으로 개편(정보자원관리혁신과).hwpx,hwpx,348089,extracted,,https://www.mois.go.kr/cmm/fms/FileDown.do?atchFileId=FILE_00148509aOLxeSi&fileSn=0,2954
156,129047,2,260828 (조간) 공공 정보시스템 1만 5천여 개 등급 전면 재조정 국민 영향 중심으로 개편(정보자원관리혁신과).pdf,,,deferred,,https://www.mois.go.kr/cmm/fms/FileDown.do?atchFileId=FILE_00148509aOLxeSi&fileSn=1,
157,129045,1,260828 (조간) 법으로 보호받는 모바일신분증 8월 28일부터 안심하고 사용한다(국민맞춤서비스과).hwpx,hwpx,276435,extracted,,https://www.mois.go.kr/cmm/fms/FileDown.do?atchFileId=FILE_00148508SvTULQd&fileSn=0,1602
157,129045,2,260828 (조간) 법으로 보호받는 모바일신분증 8월 28일부터 안심하고 사용한다(국민맞춤서비스과).pdf,,,deferred,,https://www.mois.go.kr/cmm/fms/FileDown.do?atchFileId=FILE_00148508SvTULQd&fileSn=1,
158,129044,1,260828 (조간) 온오프라인으로 전하는 국민 목소리 에스컬레이터 안전 대책에 담는다(국민참여정책과).hwpx,hwpx,217424,extracted,,https://www.mois.go.kr/cmm/fms/FileDown.do?atchFileId=FILE_00148507vPRWppn&fileSn=0,2328
158,129044,2,260828 (조간) 온오프라인으로 전하는 국민 목소리 에스컬레이터 안전 대책에 담는다(국민참여정책과).pdf,,,deferred,,https://www.mois.go.kr/cmm/fms/FileDown.do?atchFileId=FILE_00148507vPRWppn&fileSn=1,
159,129038,1,260827 (10시30분) 호우 피해 신속 복구를 위한 복구대책지원본부 회의 개최(복구지원과).hwpx,hwpx,157527,extracted,,https://www.mois.go.kr/cmm/fms/FileDown.do?atchFileId=FILE_00148400llD2_mE&fileSn=0,1391
159,129038,2,260827 (10시30분) 호우 피해 신속 복구를 위한 복구대책지원본부 회의 개최(복구지원과).pdf,,,deferred,,https://www.mois.go.kr/cmm/fms/FileDown.do?atchFileId=FILE_00148400llD2_mE&fileSn=1,
160,129030,1,1. 260826 (회의 종료 시) 윤호중 행안부 장관 긴급 경찰 지휘부 회의 개최 제주 실종사건 등 대책 논의(기획재정담담관).hwpx,hwpx,273354,extracted,,https://www.mois.go.kr/cmm/fms/FileDown.do?atchFileId=FILE_00148498vGuAr94&fileSn=0,1710
160,129030,2,1. 260826 (회의 종료 시) 윤호중 행안부 장관 긴급 경찰 지휘부 회의 개최 제주 실종사건 등 대책 논의(기획재정담담관).pdf,,,deferred,,https://www.mois.go.kr/cmm/fms/FileDown.do?atchFileId=FILE_00148498vGuAr94&fileSn=1,
160,129030,3,2. [모두발언] 260826 긴급 경찰지휘부 회의 모두발언.hwpx,hwpx,60716,extracted,,https://www.mois.go.kr/cmm/fms/FileDown.do?atchFileId=FILE_00148498vGuAr94&fileSn=2,2042
160,129030,4,2. [모두발언] 260826 긴급 경찰지휘부 회의 모두발언.pdf,,,deferred,,https://www.mois.go.kr/cmm/fms/FileDown.do?atchFileId=FILE_00148498vGuAr94&fileSn=3,
161,129007,1,260827 (16시) 대형 물류시설 화재안전 합동점검 실시(국토산업재난대응과).hwpx,hwpx,93745,extracted,,https://www.mois.go.kr/cmm/fms/FileDown.do?atchFileId=FILE_00148439rT0IVSa&fileSn=0,908
161,129007,2,260827 (16시) 대형 물류시설 화재안전 합동점검 실시(국토산업재난대응과).pdf,,,deferred,,https://www.mois.go.kr/cmm/fms/FileDown.do?atchFileId=FILE_00148439rT0IVSa&fileSn=1,
162,129005,1,1. (보도자료) 260827 (조간) 2026년 지방세제 개편안 발표(지방세정책과).hwpx,hwpx,157289,extracted,,https://www.mois.go.kr/cmm/fms/FileDown.do?atchFileId=FILE_00148518Z2zGY_F&fileSn=0,3938
162,129005,2,1. (보도자료) 260827 (조간) 2026년 지방세제 개편안 발표(지방세정책과).pdf,,,deferred,,https://www.mois.go.kr/cmm/fms/FileDown.do?atchFileId=FILE_00148518Z2zGY_F&fileSn=1,
162,129005,3,2. (보도 참고자료1) 2026년 지방세제 개편안.hwpx,hwpx,334215,extracted,,https://www.mois.go.kr/cmm/fms/FileDown.do?atchFileId=FILE_00148518Z2zGY_F&fileSn=2,28655
162,129005,4,2. (보도 참고자료1) 2026년 지방세제 개편안.pdf,,,deferred,,https://www.mois.go.kr/cmm/fms/FileDown.do?atchFileId=FILE_00148518Z2zGY_F&fileSn=3,
162,129005,5,3. (보도 참고자료2) 2026년 지방세제 개편안 참고자료.hwpx,hwpx,343688,extracted,,https://www.mois.go.kr/cmm/fms/FileDown.do?atchFileId=FILE_00148518Z2zGY_F&fileSn=4,45587
162,129005,6,3. (보도 참고자료2) 2026년 지방세제 개편안 참고자료.pdf,,,deferred,,https://www.mois.go.kr/cmm/fms/FileDown.do?atchFileId=FILE_00148518Z2zGY_F&fileSn=5,
162,129005,7,4. (보도 참고자료3) 2026년 지방세제 개편안 문답자료.hwpx,hwpx,234605,extracted,,https://www.mois.go.kr/cmm/fms/FileDown.do?atchFileId=FILE_00148518Z2zGY_F&fileSn=6,23418
162,129005,8,4. (보도 참고자료3) 2026년 지방세제 개편안 문답자료.pdf,,,deferred,,https://www.mois.go.kr/cmm/fms/FileDown.do?atchFileId=FILE_00148518Z2zGY_F&fileSn=7,
162,129005,9,5. (인포그래픽) 2026년 지방세제 개편안.pdf,pdf,1109141,extracted,,https://www.mois.go.kr/cmm/fms/FileDown.do?atchFileId=FILE_00148518Z2zGY_F&fileSn=8,7003
162,129005,10,6. 260826 지방세발전위원회 모두발언.pdf,pdf,100300,extracted,,https://www.mois.go.kr/cmm/fms/FileDown.do?atchFileId=FILE_00148518Z2zGY_F&fileSn=9,1348
163,129004,1,260827 (조간) “우리 결혼할까요” 예비부부라면 꼭 챙겨야 할 공공서비스(혁신기획과).hwpx,hwpx,96745,extracted,,https://www.mois.go.kr/cmm/fms/FileDown.do?atchFileId=FILE_00148437iZaFsTX&fileSn=0,2898
163,129004,2,260827 (조간) “우리 결혼할까요” 예비부부라면 꼭 챙겨야 할 공공서비스(혁신기획과).pdf,,,deferred,,https://www.mois.go.kr/cmm/fms/FileDown.do?atchFileId=FILE_00148437iZaFsTX&fileSn=1,
164,128978,1,260826 (16시) 행정안전부 민간단체와 거제시 수해복구 봉사 나서(민간협력공동체과).hwpx,hwpx,111370,extracted,,https://www.mois.go.kr/cmm/fms/FileDown.do?atchFileId=FILE_00148410qKPrk0N&fileSn=0,1145
164,128978,2,260826 (16시) 행정안전부 민간단체와 거제시 수해복구 봉사 나서(민간협력공동체과).pdf,,,deferred,,https://www.mois.go.kr/cmm/fms/FileDown.do?atchFileId=FILE_00148410qKPrk0N&fileSn=1,
165,128980,1,[보도자료] 260826 (15시) 국민이 주인 되는 정부 AI로 만든다 AI 민주정부 실현 본격 추진(인공지능정부정책과).hwpx,hwpx,296539,extracted,,https://www.mois.go.kr/cmm/fms/FileDown.do?atchFileId=FILE_00148432NNnhUEh&fileSn=0,4198
165,128980,2,[보도자료] 260826 (15시) 국민이 주인 되는 정부 AI로 만든다 AI 민주정부 실현 본격 추진(인공지능정부정책과).pdf,,,deferred,,https://www.mois.go.kr/cmm/fms/FileDown.do?atchFileId=FILE_00148432NNnhUEh&fileSn=1,
166,128979,1,260826 (조간) 디지털 행정서비스와 행정 혁신 경험을 필리핀 공무원과 공유한다(지방자치인재개발원 국제교육협력과).hwpx,hwpx,122760,extracted,,https://www.mois.go.kr/cmm/fms/FileDown.do?atchFileId=FILE_00148431ByhaGsD&fileSn=0,1830
166,128979,2,260826 (조간) 디지털 행정서비스와 행정 혁신 경험을 필리핀 공무원과 공유한다(지방자치인재개발원 국제교육협력과).pdf,,,deferred,,https://www.mois.go.kr/cmm/fms/FileDown.do?atchFileId=FILE_00148431ByhaGsD&fileSn=1,
167,128977,1,260826 (조간) “민간 AI 역량 모아 공공문제 해결한다” 행안부 2026년 AI 분석모델 개발 경진대회 개최(공공데이터분석관리과).hwpx,hwpx,275326,extracted,,https://www.mois.go.kr/cmm/fms/FileDown.do?atchFileId=FILE_00148409pHnmSND&fileSn=0,1663
167,128977,2,260826 (조간) “민간 AI 역량 모아 공공문제 해결한다” 행안부 2026년 AI 분석모델 개발 경진대회 개최(공공데이터분석관리과).pdf,,,deferred,,https://www.mois.go.kr/cmm/fms/FileDown.do?atchFileId=FILE_00148409pHnmSND&fileSn=1,
168,128976,1,260826 (조간) 2026년 행정안전통계연보 발간(데이터정보화담당관).hwpx,hwpx,676561,extracted,,https://www.mois.go.kr/cmm/fms/FileDown.do?atchFileId=FILE_00148408PXvDFQ3&fileSn=0,3140
168,128976,2,260826 (조간) 2026년 행정안전통계연보 발간(데이터정보화담당관).pdf,,,deferred,,https://www.mois.go.kr/cmm/fms/FileDown.do?atchFileId=FILE_00148408PXvDFQ3&fileSn=1,
169,128967,1,260824 (16시) 해남군 지진 상황 점검을 위한 전문가회의 개최(지진방재관리과).hwpx,hwpx,1013976,extracted,,https://www.mois.go.kr/cmm/fms/FileDown.do?atchFileId=FILE_00148424ltym4Nn&fileSn=0,1907
169,128967,2,260824 (16시) 해남군 지진 상황 점검을 위한 전문가회의 개최(지진방재관리과).pdf,,,deferred,,https://www.mois.go.kr/cmm/fms/FileDown.do?atchFileId=FILE_00148424ltym4Nn&fileSn=1,
170,128927,1,260825 (조간) 재난안전통신망 교육 기관 맞춤형 실전훈련 중심으로 바뀐다(재난안전통신망과).hwpx,hwpx,164168,extracted,,https://www.mois.go.kr/cmm/fms/FileDown.do?atchFileId=FILE_00148392uufEopN&fileSn=0,1554
170,128927,2,260825 (조간) 재난안전통신망 교육 기관 맞춤형 실전훈련 중심으로 바뀐다(재난안전통신망과).pdf,,,deferred,,https://www.mois.go.kr/cmm/fms/FileDown.do?atchFileId=FILE_00148392uufEopN&fileSn=1,
171,128946,1,260824 (조간) 생활 속 안전 실천을 기록하는 2026년 어린이 안전일기 공모전 개최(안전문화교육과).hwpx,hwpx,4961014,extracted,,https://www.mois.go.kr/cmm/fms/FileDown.do?atchFileId=FILE_00148378ZeN7JaB&fileSn=0,2027
171,128946,2,260824 (조간) 생활 속 안전 실천을 기록하는 2026년 어린이 안전일기 공모전 개최(안전문화교육과).pdf,,,deferred,,https://www.mois.go.kr/cmm/fms/FileDown.do?atchFileId=FILE_00148378ZeN7JaB&fileSn=1,
172,128942,1,260824 (조간) 새 학기에도 안심하고 등교하도록 학교 주변 위해요소 집중 점검(안전개선과).hwpx,hwpx,1002047,extracted,,https://www.mois.go.kr/cmm/fms/FileDown.do?atchFileId=FILE_00148411-K7tQHL&fileSn=0,3238
172,128942,2,260824 (조간) 새 학기에도 안심하고 등교하도록 학교 주변 위해요소 집중 점검(안전개선과).pdf,,,deferred,,https://www.mois.go.kr/cmm/fms/FileDown.do?atchFileId=FILE_00148411-K7tQHL&fileSn=1,
173,128941,1,260824 (조간) 고유가 피해지원금 8월 31일까지 꼭 사용하세요(재정정책과).hwpx,hwpx,280998,extracted,,https://www.mois.go.kr/cmm/fms/FileDown.do?atchFileId=FILE_00148340pEHo4gM&fileSn=0,705
173,128941,2,260824 (조간) 고유가 피해지원금 8월 31일까지 꼭 사용하세요(재정정책과).pdf,,,deferred,,https://www.mois.go.kr/cmm/fms/FileDown.do?atchFileId=FILE_00148340pEHo4gM&fileSn=1,
174,128940,1,260824 (조간) 복잡한 표·그림 대신 고품질 텍스트로 행안부 인공지능(AI) 친화적 보고서 전면 도입(혁신행정담당관).hwpx,hwpx,298025,extracted,,https://www.mois.go.kr/cmm/fms/FileDown.do?atchFileId=FILE_001483394PMYHx-&fileSn=0,2570
174,128940,2,260824 (조간) 복잡한 표·그림 대신 고품질 텍스트로 행안부 인공지능(AI) 친화적 보고서 전면 도입(혁신행정담당관).pdf,,,deferred,,https://www.mois.go.kr/cmm/fms/FileDown.do?atchFileId=FILE_001483394PMYHx-&fileSn=1,
175,128951,1,260823 (즉시보도) 해남군 소규모 지진 반복 발생에 따라 관계기관 대책회의 개최(지진방재관리과).hwpx,hwpx,898856,extracted,,https://www.mois.go.kr/cmm/fms/FileDown.do?atchFileId=FILE_00148395LfZ1CfW&fileSn=0,1298
175,128951,2,260823 (즉시보도) 해남군 소규모 지진 반복 발생에 따라 관계기관 대책회의 개최(지진방재관리과).pdf,,,deferred,,https://www.mois.go.kr/cmm/fms/FileDown.do?atchFileId=FILE_00148395LfZ1CfW&fileSn=1,
176,128952,1,260822 (11시) 집중호우 피해지역 복구와 함께 폭염 안전까지 촘촘히 챙긴다(기후재난관리과).hwpx,hwpx,1606101,extracted,,https://www.mois.go.kr/cmm/fms/FileDown.do?atchFileId=FILE_00148394uCXhlyG&fileSn=0,1366
176,128952,2,260822 (11시) 집중호우 피해지역 복구와 함께 폭염 안전까지 촘촘히 챙긴다(기후재난관리과).pdf,,,deferred,,https://www.mois.go.kr/cmm/fms/FileDown.do?atchFileId=FILE_00148394uCXhlyG&fileSn=1,
177,128944,1,260821 (즉시) 8.15.~18. 호우 피해지역 특별재난지역 우선 선포(복구지원과).hwpx,hwpx,178374,extracted,,https://www.mois.go.kr/cmm/fms/FileDown.do?atchFileId=FILE_00148414nyd5WZx&fileSn=0,5496
177,128944,2,260821 (즉시) 8.15.~18. 호우 피해지역 특별재난지역 우선 선포(복구지원과).pdf,,,deferred,,https://www.mois.go.kr/cmm/fms/FileDown.do?atchFileId=FILE_00148414nyd5WZx&fileSn=1,
178,128932,1,260821 (9시) 8월 호우 대응 「중앙재난안전대책본부」 「복구대책지원본부」 체제로 전환 (복구지원과).hwpx,hwpx,152988,extracted,,https://www.mois.go.kr/cmm/fms/FileDown.do?atchFileId=FILE_00148338dFNAf6k&fileSn=0,909
178,128932,2,260821 (9시) 8월 호우 대응 「중앙재난안전대책본부」 「복구대책지원본부」 체제로 전환 (복구지원과).pdf,,,deferred,,https://www.mois.go.kr/cmm/fms/FileDown.do?atchFileId=FILE_00148338dFNAf6k&fileSn=1,
179,128922,1,260820 (즉시) 검찰청 소속 공무원 중수청 특례 임용을 위한 희망신청 결과 총 2375명 접수(중수청 개청준비단).hwpx,hwpx,91932,extracted,,https://www.mois.go.kr/cmm/fms/FileDown.do?atchFileId=FILE_00148384fG5DUJX&fileSn=0,1066
179,128922,2,260820 (즉시) 검찰청 소속 공무원 중수청 특례 임용을 위한 희망신청 결과 총 2375명 접수(중수청 개청준비단).pdf,,,deferred,,https://www.mois.go.kr/cmm/fms/FileDown.do?atchFileId=FILE_00148384fG5DUJX&fileSn=1,
180,128919,1,260820 (16시) 정부 가뭄피해지역 살핀다(기후재난관리과).hwpx,hwpx,3799825,extracted,,https://www.mois.go.kr/cmm/fms/FileDown.do?atchFileId=FILE_00148382dGOC3om&fileSn=0,1350
180,128919,2,260820 (16시) 정부 가뭄피해지역 살핀다(기후재난관리과).pdf,,,deferred,,https://www.mois.go.kr/cmm/fms/FileDown.do?atchFileId=FILE_00148382dGOC3om&fileSn=1,
181,128917,1,260820 (즉시) 중대본 4차 회의 호우피해 조기 복구 및주민 일상 회복 지원대책 논의(자연재난대응과).hwpx,hwpx,290555,extracted,,https://www.mois.go.kr/cmm/fms/FileDown.do?atchFileId=FILE_00148381sj4PwL9&fileSn=0,1591
181,128917,2,260820 (즉시) 중대본 4차 회의 호우피해 조기 복구 및주민 일상 회복 지원대책 논의(자연재난대응과).pdf,,,deferred,,https://www.mois.go.kr/cmm/fms/FileDown.do?atchFileId=FILE_00148381sj4PwL9&fileSn=1,
182,128904,1,260820 ★ (본회의 의결 시) 「사회연대경제기본법」 본회의 통과...지역·민생 문제 함께 해결하는 경제 열린다(사회연대경제제도과).hwpx,hwpx,2759161,extracted,,https://www.mois.go.kr/cmm/fms/FileDown.do?atchFileId=FILE_00148413MDevCM1&fileSn=0,3929
182,128904,2,260820 ★ (본회의 의결 시) 「사회연대경제기본법」 본회의 통과...지역·민생 문제 함께 해결하는 경제 열린다(사회연대경제제도과).pdf,,,deferred,,https://www.mois.go.kr/cmm/fms/FileDown.do?atchFileId=FILE_00148413MDevCM1&fileSn=1,
183,128838,1,260820 (조간) 8월 20일 오후 2시 전국 민방위 훈련 실시(민방위과).hwpx,hwpx,165370,extracted,,https://www.mois.go.kr/cmm/fms/FileDown.do?atchFileId=FILE_00148272aJTVnWg&fileSn=0,1537
183,128838,2,260820 (조간) 8월 20일 오후 2시 전국 민방위 훈련 실시(민방위과).pdf,,,deferred,,https://www.mois.go.kr/cmm/fms/FileDown.do?atchFileId=FILE_00148272aJTVnWg&fileSn=1,
184,128771,1,260819 (조간) 수사·소송 부담 덜고 소신껏 일한다 행안부 적극행정 지방공무원 보호 대폭 강화(공무원단체과).hwpx,hwpx,302606,extracted,,https://www.mois.go.kr/cmm/fms/FileDown.do?atchFileId=FILE_00148186y7mEHZi&fileSn=0,3249
184,128771,2,260819 (조간) 수사·소송 부담 덜고 소신껏 일한다 행안부 적극행정 지방공무원 보호 대폭 강화(공무원단체과).pdf,,,deferred,,https://www.mois.go.kr/cmm/fms/FileDown.do?atchFileId=FILE_00148186y7mEHZi&fileSn=1,
185,128837,1,260819 (10시) 7월 호우 피해 복구에 총 713억 원 투입(복구지원과).hwpx,hwpx,149697,extracted,,https://www.mois.go.kr/cmm/fms/FileDown.do?atchFileId=FILE_00148271oMIWgYn&fileSn=0,5914
185,128837,2,260819 (10시) 7월 호우 피해 복구에 총 713억 원 투입(복구지원과).pdf,,,deferred,,https://www.mois.go.kr/cmm/fms/FileDown.do?atchFileId=FILE_00148271oMIWgYn&fileSn=1,
186,128863,1,[보도자료] 260819 (브리핑 시작 시) 중수청장후보추천위원회 구성 및 제청 대상자 천거 공고(인사기획관).hwpx,hwpx,290705,extracted,,https://www.mois.go.kr/cmm/fms/FileDown.do?atchFileId=FILE_00148277OotZTJZ&fileSn=0,4249
186,128863,2,[보도자료] 260819 (브리핑 시작 시) 중수청장후보추천위원회 구성 및 제청 대상자 천거 공고(인사기획관).pdf,,,deferred,,https://www.mois.go.kr/cmm/fms/FileDown.do?atchFileId=FILE_00148277OotZTJZ&fileSn=1,
187,128828,1,(수정) 260818 (즉시) 윤호중 장관 경남 통영‧거제 호우 피해지역 현장 점검(재난대응총괄과).hwpx,hwpx,163247,extracted,,https://www.mois.go.kr/cmm/fms/FileDown.do?atchFileId=FILE_001482100WiajOR&fileSn=0,1481
187,128828,2,(수정) 260818 (즉시) 윤호중 장관 경남 통영‧거제 호우 피해지역 현장 점검(재난대응총괄과).pdf,,,deferred,,https://www.mois.go.kr/cmm/fms/FileDown.do?atchFileId=FILE_001482100WiajOR&fileSn=1,
188,128827,1,260818 (14시) 을지연습 훈련 시 폭염 대비 안전관리 강화(기후재난관리과).hwpx,hwpx,265670,extracted,,https://www.mois.go.kr/cmm/fms/FileDown.do?atchFileId=FILE_00148205P0Dd3Ex&fileSn=0,1980
188,128827,2,260818 (14시) 을지연습 훈련 시 폭염 대비 안전관리 강화(기후재난관리과).pdf,,,deferred,,https://www.mois.go.kr/cmm/fms/FileDown.do?atchFileId=FILE_00148205P0Dd3Ex&fileSn=1,
189,128825,1,260818 (국무회의 종료시) 국민 권리보호는 두텁게 중대범죄는 엄정하게 10월2일 출범 위한 중수청법 하위법령 국무회의 의결(중수청설립지원단).hwpx,hwpx,163169,extracted,,https://www.mois.go.kr/cmm/fms/FileDown.do?atchFileId=FILE_00148190aXse6ms&fileSn=0,3579
189,128825,2,260818 (국무회의 종료시) 국민 권리보호는 두텁게 중대범죄는 엄정하게 10월2일 출범 위한 중수청법 하위법령 국무회의 의결(중수청설립지원단).pdf,,,deferred,,https://www.mois.go.kr/cmm/fms/FileDown.do?atchFileId=FILE_00148190aXse6ms&fileSn=1,
190,128770,1,260818 (조간) 재난 현장의 핵심 정보를 손목 위에서 재난안전통신망 전용 스마트워치 개발 추진(재난안전연구개발과).hwpx,hwpx,122349,extracted,,https://www.mois.go.kr/cmm/fms/FileDown.do?atchFileId=FILE_00148185Zok9rV6&fileSn=0,2833
190,128770,2,260818 (조간) 재난 현장의 핵심 정보를 손목 위에서 재난안전통신망 전용 스마트워치 개발 추진(재난안전연구개발과).pdf,,,deferred,,https://www.mois.go.kr/cmm/fms/FileDown.do?atchFileId=FILE_00148185Zok9rV6&fileSn=1,
191,128773,1,260817 (즉시보도) 중앙재난안전대책본부 8.15~17 호우 상황 점검 및 수습대책 논의(자연재난대응과).hwpx,hwpx,275395,extracted,,https://www.mois.go.kr/cmm/fms/FileDown.do?atchFileId=FILE_00148195JsxA7Yg&fileSn=0,1267
191,128773,2,260817 (즉시보도) 중앙재난안전대책본부 8.15~17 호우 상황 점검 및 수습대책 논의(자연재난대응과).pdf,,,deferred,,https://www.mois.go.kr/cmm/fms/FileDown.do?atchFileId=FILE_00148195JsxA7Yg&fileSn=1,
192,128850,1,260817 (즉시보도) 경남 남해안 지역 집중호우에 따라 중앙재난안전대책본부 비상 1단계 가동(자연재난대응과) (1).hwpx,hwpx,281700,extracted,,https://www.mois.go.kr/cmm/fms/FileDown.do?atchFileId=FILE_00148268vSc5tCn&fileSn=0,722
192,128850,2,260817 (즉시보도) 경남 남해안 지역 집중호우에 따라 중앙재난안전대책본부 비상 1단계 가동(자연재난대응과) (1).pdf,,,deferred,,https://www.mois.go.kr/cmm/fms/FileDown.do?atchFileId=FILE_00148268vSc5tCn&fileSn=1,
193,128849,1,260817 (즉시) 행정안전부 장관 경남 거제시 집중호우 관련 긴급 지시(자연재난대응과) (1).hwpx,hwpx,273197,extracted,,https://www.mois.go.kr/cmm/fms/FileDown.do?atchFileId=FILE_00148266iA5bsTa&fileSn=0,524
193,128849,2,260817 (즉시) 행정안전부 장관 경남 거제시 집중호우 관련 긴급 지시(자연재난대응과) (1).pdf,,,deferred,,https://www.mois.go.kr/cmm/fms/FileDown.do?atchFileId=FILE_00148266iA5bsTa&fileSn=1,
194,128848,1,260816 (즉시보도) 남부지방 호우특보 확대에 따른 호우 위기경보 주의로 상향(자연재난대응과).hwpx,hwpx,7053042,extracted,,https://www.mois.go.kr/cmm/fms/FileDown.do?atchFileId=FILE_00148265_f3Mtgq&fileSn=0,2965
194,128848,2,260816 (즉시보도) 남부지방 호우특보 확대에 따른 호우 위기경보 주의로 상향(자연재난대응과).pdf,,,deferred,,https://www.mois.go.kr/cmm/fms/FileDown.do?atchFileId=FILE_00148265_f3Mtgq&fileSn=1,
195,128762,1,260815 (즉시보도) 행정안전부 장관 8.15~17 호우대비 지시(자연재난대응과).hwpx,hwpx,272919,extracted,,https://www.mois.go.kr/cmm/fms/FileDown.do?atchFileId=FILE_0014816396GrdOX&fileSn=0,1053
195,128762,2,260815 (즉시보도) 행정안전부 장관 8.15~17 호우대비 지시(자연재난대응과).pdf,,,deferred,,https://www.mois.go.kr/cmm/fms/FileDown.do?atchFileId=FILE_0014816396GrdOX&fileSn=1,
196,128756,1,260815 (10시) 내일이 더 빛나는 대체불가 대한민국 제81주년 광복절 경축식 개최(의정담당관).hwpx,hwpx,285298,extracted,,https://www.mois.go.kr/cmm/fms/FileDown.do?atchFileId=FILE_00148162gLLQqkR&fileSn=0,2154
196,128756,2,260815 (10시) 내일이 더 빛나는 대체불가 대한민국 제81주년 광복절 경축식 개최(의정담당관).pdf,,,deferred,,https://www.mois.go.kr/cmm/fms/FileDown.do?atchFileId=FILE_00148162gLLQqkR&fileSn=1,
197,128755,1,260814 (16시30분) 8.15~17일 연휴 기간 호우 대비 관계기관 대응 태세 점검(자연재난대응과).hwpx,hwpx,9689207,extracted,,https://www.mois.go.kr/cmm/fms/FileDown.do?atchFileId=FILE_00148183AlU8tk3&fileSn=0,1571
197,128755,2,260814 (16시30분) 8.15~17일 연휴 기간 호우 대비 관계기관 대응 태세 점검(자연재난대응과).pdf,,,deferred,,https://www.mois.go.kr/cmm/fms/FileDown.do?atchFileId=FILE_00148183AlU8tk3&fileSn=1,
198,128736,1,260815 (조간) 국가재난안전교육원 등 4개 기관 재난안전 역량 강화 업무협약 체결(국가재난안전교육원 기획협력과).hwpx,hwpx,427149,extracted,,https://www.mois.go.kr/cmm/fms/FileDown.do?atchFileId=FILE_00148091Brzm7Q9&fileSn=0,834
198,128736,2,260815 (조간) 국가재난안전교육원 등 4개 기관 재난안전 역량 강화 업무협약 체결(국가재난안전교육원 기획협력과).pdf,,,deferred,,https://www.mois.go.kr/cmm/fms/FileDown.do?atchFileId=FILE_00148091Brzm7Q9&fileSn=1,
199,128735,1,260815 (조간) 폭염 대응에 지방정부 드론 활용 본격 확대(재난안전데이터과).hwpx,hwpx,10769776,extracted,,https://www.mois.go.kr/cmm/fms/FileDown.do?atchFileId=FILE_00148090sGAqKYx&fileSn=0,1613
199,128735,2,260815 (조간) 폭염 대응에 지방정부 드론 활용 본격 확대(재난안전데이터과).pdf,,,deferred,,https://www.mois.go.kr/cmm/fms/FileDown.do?atchFileId=FILE_00148090sGAqKYx&fileSn=1,
200,128751,1,260814 (10시) 남부지역 가뭄에 범정부 총력 대응(기후재난관리과).hwpx,hwpx,1155477,extracted,,https://www.mois.go.kr/cmm/fms/FileDown.do?atchFileId=FILE_001481825XEB23P&fileSn=0,1514
200,128751,2,260814 (10시) 남부지역 가뭄에 범정부 총력 대응(기후재난관리과).pdf,,,deferred,,https://www.mois.go.kr/cmm/fms/FileDown.do?atchFileId=FILE_001481825XEB23P&fileSn=1,
201,128750,1,260814 (즉시) 늦더위에도 수상안전 빈틈없이 정부 안전 관리 강화(재난관리정책과 등).hwpx,hwpx,274182,extracted,,https://www.mois.go.kr/cmm/fms/FileDown.do?atchFileId=FILE_00148181CkuWsTT&fileSn=0,1023
201,128750,2,260814 (즉시) 늦더위에도 수상안전 빈틈없이 정부 안전 관리 강화(재난관리정책과 등).pdf,,,deferred,,https://www.mois.go.kr/cmm/fms/FileDown.do?atchFileId=FILE_00148181CkuWsTT&fileSn=1,
202,128728,1,[보도자료] 260814 (브리핑 시작 시) 수의계약 횟수·금액 제한하고 공금 횡령 차단 행안부 지방정부 신뢰 회복 총력(회계계약제도과 선거의회자치법규과).hwpx,hwpx,270646,extracted,,https://www.mois.go.kr/cmm/fms/FileDown.do?atchFileId=FILE_00148086BL9SF5P&fileSn=0,6049
202,128728,2,[보도자료] 260814 (브리핑 시작 시) 수의계약 횟수·금액 제한하고 공금 횡령 차단 행안부 지방정부 신뢰 회복 총력(회계계약제도과 선거의회자치법규과).pdf,,,deferred,,https://www.mois.go.kr/cmm/fms/FileDown.do?atchFileId=FILE_00148086BL9SF5P&fileSn=1,
203,128718,1,260813 (14시) 우리 동네 더운 곳 한눈에 본다(국가재난안전연구원).hwpx,hwpx,9108266,extracted,,https://www.mois.go.kr/cmm/fms/FileDown.do?atchFileId=FILE_001480434XA51u9&fileSn=0,2080
203,128718,2,260813 (14시) 우리 동네 더운 곳 한눈에 본다(국가재난안전연구원).pdf,,,deferred,,https://www.mois.go.kr/cmm/fms/FileDown.do?atchFileId=FILE_001480434XA51u9&fileSn=1,
204,128717,1,260814 (조간) 휴가철 하천·계곡 불법행위 스마트폰으로 확인하고 바로 신고한다(재난대응총괄과).hwpx,hwpx,3004232,extracted,,https://www.mois.go.kr/cmm/fms/FileDown.do?atchFileId=FILE_00148067dsK5bAj&fileSn=0,1937
204,128717,2,260814 (조간) 휴가철 하천·계곡 불법행위 스마트폰으로 확인하고 바로 신고한다(재난대응총괄과).pdf,,,deferred,,https://www.mois.go.kr/cmm/fms/FileDown.do?atchFileId=FILE_00148067dsK5bAj&fileSn=1,
205,128699,1,260814 (조간) 국가기록원 싱가포르 국립도서관위원회(NLB)와 기록관리 최초 업무협약 체결(국가기록원).hwpx,hwpx,139011,extracted,,https://www.mois.go.kr/cmm/fms/FileDown.do?atchFileId=FILE_00148064NSETsAL&fileSn=0,1592
205,128699,2,260814 (조간) 국가기록원 싱가포르 국립도서관위원회(NLB)와 기록관리 최초 업무협약 체결(국가기록원).pdf,,,deferred,,https://www.mois.go.kr/cmm/fms/FileDown.do?atchFileId=FILE_00148064NSETsAL&fileSn=1,
206,128698,1,260814 (조간) 주민들의 땀방울이 만든 결실 마을기업 새로운 도약 시작한다(사회연대경제지원과).hwpx,hwpx,274976,extracted,,https://www.mois.go.kr/cmm/fms/FileDown.do?atchFileId=FILE_00148065NZlGi8C&fileSn=0,1548
206,128698,2,260814 (조간) 주민들의 땀방울이 만든 결실 마을기업 새로운 도약 시작한다(사회연대경제지원과).pdf,,,deferred,,https://www.mois.go.kr/cmm/fms/FileDown.do?atchFileId=FILE_00148065NZlGi8C&fileSn=1,
207,128697,1,260814 (조간) 대통령기록관 한국-프랑스 수교 140주년 기념 특별전 순회전시 개최(대통령기록관 기록서비스과).hwpx,hwpx,1241464,extracted,,https://www.mois.go.kr/cmm/fms/FileDown.do?atchFileId=FILE_001480622VwFGz9&fileSn=0,3822
207,128697,2,260814 (조간) 대통령기록관 한국-프랑스 수교 140주년 기념 특별전 순회전시 개최(대통령기록관 기록서비스과).pdf,,,deferred,,https://www.mois.go.kr/cmm/fms/FileDown.do?atchFileId=FILE_001480622VwFGz9&fileSn=1,
208,128696,1,260814 (조간) 폭염 속 에어컨 사용 화재 조심하세요(예방안전제도과).hwpx,hwpx,928946,extracted,,https://www.mois.go.kr/cmm/fms/FileDown.do?atchFileId=FILE_00148061k7A4f-u&fileSn=0,1733
208,128696,2,260814 (조간) 폭염 속 에어컨 사용 화재 조심하세요(예방안전제도과).pdf,,,deferred,,https://www.mois.go.kr/cmm/fms/FileDown.do?atchFileId=FILE_00148061k7A4f-u&fileSn=1,
209,128716,1,260813 (11시30분) 가뭄·폭염·수상안전 종합 점검 중앙재난안전대책본부 회의 개최(기후재난관리과).hwpx,hwpx,1158680,extracted,,https://www.mois.go.kr/cmm/fms/FileDown.do?atchFileId=FILE_001480429sOb3N9&fileSn=0,1992
209,128716,2,260813 (11시30분) 가뭄·폭염·수상안전 종합 점검 중앙재난안전대책본부 회의 개최(기후재난관리과).pdf,,,deferred,,https://www.mois.go.kr/cmm/fms/FileDown.do?atchFileId=FILE_001480429sOb3N9&fileSn=1,
210,128692,1,260813 (석간) 일상에서 함께하는 태극기 제81주년 광복절 맞아 온오프라인 캠페인 전개(의정담당관).hwpx,hwpx,14542582,extracted,,https://www.mois.go.kr/cmm/fms/FileDown.do?atchFileId=FILE_00148000rydvGMK&fileSn=0,2090
210,128692,2,260813 (석간) 일상에서 함께하는 태극기 제81주년 광복절 맞아 온오프라인 캠페인 전개(의정담당관).pdf,,,deferred,,https://www.mois.go.kr/cmm/fms/FileDown.do?atchFileId=FILE_00148000rydvGMK&fileSn=1,
211,128682,1,260813 (18시) 여행하며 동네 가꾸고 지역 살린다 행정안전부-(주)여기어때 민관협력 맞손(자치행정과).hwpx,hwpx,110343,extracted,,https://www.mois.go.kr/cmm/fms/FileDown.do?atchFileId=FILE_00147996dK6Pma9&fileSn=0,1800
211,128682,2,260813 (18시) 여행하며 동네 가꾸고 지역 살린다 행정안전부-(주)여기어때 민관협력 맞손(자치행정과).pdf,,,deferred,,https://www.mois.go.kr/cmm/fms/FileDown.do?atchFileId=FILE_00147996dK6Pma9&fileSn=1,
212,128691,1,260812 (즉시) 전주 농수산물시장 화재피해 수습을 위한 긴급 재정 지원(재난관리정책과).hwpx,hwpx,269815,extracted,,https://www.mois.go.kr/cmm/fms/FileDown.do?atchFileId=FILE_00148052o68s_GW&fileSn=0,508
212,128691,2,260812 (즉시) 전주 농수산물시장 화재피해 수습을 위한 긴급 재정 지원(재난관리정책과).pdf,,,deferred,,https://www.mois.go.kr/cmm/fms/FileDown.do?atchFileId=FILE_00148052o68s_GW&fileSn=1,
213,128689,1,260812 (14시) 폭염대피소에서 생활 속 무더위쉼터로 더 가까이 더 편리하게(기후재난관리과).hwpx,hwpx,1556125,extracted,,https://www.mois.go.kr/cmm/fms/FileDown.do?atchFileId=FILE_00148051N56TJrN&fileSn=0,2648
213,128689,2,260812 (14시) 폭염대피소에서 생활 속 무더위쉼터로 더 가까이 더 편리하게(기후재난관리과).pdf,,,deferred,,https://www.mois.go.kr/cmm/fms/FileDown.do?atchFileId=FILE_00148051N56TJrN&fileSn=1,
214,128670,1,260813 (조간) 과장도 주무관도 AI 개발자로...「AI 정부 실험실」 한 달 만에 405개 실험(인공지능정부정책과)(최종).hwpx,hwpx,1433114,extracted,,https://www.mois.go.kr/cmm/fms/FileDown.do?atchFileId=FILE_00148027MKQzk3U&fileSn=0,3077
214,128670,2,260813 (조간) 과장도 주무관도 AI 개발자로...「AI 정부 실험실」 한 달 만에 405개 실험(인공지능정부정책과)(최종).pdf,,,deferred,,https://www.mois.go.kr/cmm/fms/FileDown.do?atchFileId=FILE_00148027MKQzk3U&fileSn=1,
215,128669,1,260813 (조간) 공공 모바일 서비스 국민 눈높이서 바꾼다 공공 모바일 앱 국민평가단 360명 모집(공공서비스혁신과).hwpx,hwpx,253855,extracted,,https://www.mois.go.kr/cmm/fms/FileDown.do?atchFileId=FILE_0014802647ZYhq7&fileSn=0,2288
215,128669,2,260813 (조간) 공공 모바일 서비스 국민 눈높이서 바꾼다 공공 모바일 앱 국민평가단 360명 모집(공공서비스혁신과).pdf,,,deferred,,https://www.mois.go.kr/cmm/fms/FileDown.do?atchFileId=FILE_0014802647ZYhq7&fileSn=1,
216,128676,1,260811 (즉시) 중수청 임용설명회 대검찰청 서울고검 중앙지검 등에서 성황리 개최(중수청 개청준비단).hwpx,hwpx,90276,extracted,,https://www.mois.go.kr/cmm/fms/FileDown.do?atchFileId=FILE_00147940qGBLqHb&fileSn=0,794
216,128676,2,260811 (즉시) 중수청 임용설명회 대검찰청 서울고검 중앙지검 등에서 성황리 개최(중수청 개청준비단).pdf,,,deferred,,https://www.mois.go.kr/cmm/fms/FileDown.do?atchFileId=FILE_00147940qGBLqHb&fileSn=1,
217,128634,1,260812 (조간) 국민이 직접 뽑은 올해 최고의 정부혁신 2026 왕중왕전 온라인 국민평가 시작(혁신기획과).hwpx,hwpx,119824,extracted,,https://www.mois.go.kr/cmm/fms/FileDown.do?atchFileId=FILE_001479729mlpxJr&fileSn=0,1575
217,128634,2,260812 (조간) 국민이 직접 뽑은 올해 최고의 정부혁신 2026 왕중왕전 온라인 국민평가 시작(혁신기획과).pdf,,,deferred,,https://www.mois.go.kr/cmm/fms/FileDown.do?atchFileId=FILE_001479729mlpxJr&fileSn=1,
218,128641,1,260811 (즉시) 행정안전부 장관 경기 평택시 위험물 저장 및 처리시설 화재 관련 긴급 지시(국토산업재난대응과).hwpx,hwpx,270964,extracted,,https://www.mois.go.kr/cmm/fms/FileDown.do?atchFileId=FILE_00147978krzmn4t&fileSn=0,512
218,128641,2,260811 (즉시) 행정안전부 장관 경기 평택시 위험물 저장 및 처리시설 화재 관련 긴급 지시(국토산업재난대응과).pdf,,,deferred,,https://www.mois.go.kr/cmm/fms/FileDown.do?atchFileId=FILE_00147978krzmn4t&fileSn=1,
219,128636,1,260810 (즉시) 중수청 임용설명회에 평검사도 다수 참석 검찰청 인력 특례 임용 절차도 차분하게 진행 중(중수청개청준비단).hwpx,hwpx,94435,extracted,,https://www.mois.go.kr/cmm/fms/FileDown.do?atchFileId=FILE_00147974u3c46lz&fileSn=0,1175
219,128636,2,260810 (즉시) 중수청 임용설명회에 평검사도 다수 참석 검찰청 인력 특례 임용 절차도 차분하게 진행 중(중수청개청준비단).pdf,,,deferred,,https://www.mois.go.kr/cmm/fms/FileDown.do?atchFileId=FILE_00147974u3c46lz&fileSn=1,
220,128630,1,260810 (즉시) 가뭄 폭염 장기화에 재난특교세 긴급 지원(재난관리정책과).hwpx,hwpx,270944,extracted,,https://www.mois.go.kr/cmm/fms/FileDown.do?atchFileId=FILE_00147948pLir3VB&fileSn=0,1099
220,128630,2,260810 (즉시) 가뭄 폭염 장기화에 재난특교세 긴급 지원(재난관리정책과).pdf,,,deferred,,https://www.mois.go.kr/cmm/fms/FileDown.do?atchFileId=FILE_00147948pLir3VB&fileSn=1,
221,128600,1,260811 (조간) 행정안전부 임시조립주택 제도 개선 전담팀(TF) 본격 가동(재난구호과).hwpx,hwpx,104792,extracted,,https://www.mois.go.kr/cmm/fms/FileDown.do?atchFileId=FILE_001479180thOYKM&fileSn=0,1166
221,128600,2,260811 (조간) 행정안전부 임시조립주택 제도 개선 전담팀(TF) 본격 가동(재난구호과).pdf,,,deferred,,https://www.mois.go.kr/cmm/fms/FileDown.do?atchFileId=FILE_001479180thOYKM&fileSn=1,
222,128595,1,260811 (조간) 행안부 폭염 속 민생 안정 최우선! 이동노동자 안전 착한가격업소 활성화 챙겨(지역경제과 기후재난관리과).hwpx,hwpx,3055681,extracted,,https://www.mois.go.kr/cmm/fms/FileDown.do?atchFileId=FILE_00147917c9mencX&fileSn=0,2695
222,128595,2,260811 (조간) 행안부 폭염 속 민생 안정 최우선! 이동노동자 안전 착한가격업소 활성화 챙겨(지역경제과 기후재난관리과).pdf,,,deferred,,https://www.mois.go.kr/cmm/fms/FileDown.do?atchFileId=FILE_00147917c9mencX&fileSn=1,
223,128567,1,260810 (조간) 고향사랑기부 세액공제 확대 등 지방주도 성장 세제개편 추진(균형발전진흥과).hwpx,hwpx,297093,extracted,,https://www.mois.go.kr/cmm/fms/FileDown.do?atchFileId=FILE_00147933SgApGkb&fileSn=0,5465
223,128567,2,260810 (조간) 고향사랑기부 세액공제 확대 등 지방주도 성장 세제개편 추진(균형발전진흥과).pdf,,,deferred,,https://www.mois.go.kr/cmm/fms/FileDown.do?atchFileId=FILE_00147933SgApGkb&fileSn=1,
224,128566,1,260810 (조간) 8월 가뭄 예·경보 발표(기후재난관리과).hwpx,hwpx,12902715,extracted,,https://www.mois.go.kr/cmm/fms/FileDown.do?atchFileId=FILE_00147932uhrQ9ap&fileSn=0,5516
224,128566,2,260810 (조간) 8월 가뭄 예·경보 발표(기후재난관리과).pdf,,,deferred,,https://www.mois.go.kr/cmm/fms/FileDown.do?atchFileId=FILE_00147932uhrQ9ap&fileSn=1,
225,128599,1,260810 (즉시) 인천 옹진해역 모터보트 위치소실 관련 긴급지시(농축산해양재난대응과).hwpx,hwpx,263953,extracted,,https://www.mois.go.kr/cmm/fms/FileDown.do?atchFileId=FILE_001479473j2QY0F&fileSn=0,467
225,128599,2,260810 (즉시) 인천 옹진해역 모터보트 위치소실 관련 긴급지시(농축산해양재난대응과).pdf,,,deferred,,https://www.mois.go.kr/cmm/fms/FileDown.do?atchFileId=FILE_001479473j2QY0F&fileSn=1,
226,128574,1,260810 (조간) 행안부 재난안전관리본부장 폭염 사각지대 외국인 근로자‧가축피해 점검(기후재난관리과)(게시판용).hwpx,hwpx,3247784,extracted,,https://www.mois.go.kr/cmm/fms/FileDown.do?atchFileId=FILE_00147943SANhf_E&fileSn=0,1618
226,128574,2,260810 (조간) 행안부 재난안전관리본부장 폭염 사각지대 외국인 근로자‧가축피해 점검(기후재난관리과)(게시판용).pdf,,,deferred,,https://www.mois.go.kr/cmm/fms/FileDown.do?atchFileId=FILE_00147943SANhf_E&fileSn=1,
227,128573,1,260809 (즉시) 폭염 중대본 강화된 범정부 대응체계 점검(기후재난관리과).hwpx,hwpx,620579,extracted,,https://www.mois.go.kr/cmm/fms/FileDown.do?atchFileId=FILE_0014794255uWvjV&fileSn=0,1838
227,128573,2,260809 (즉시) 폭염 중대본 강화된 범정부 대응체계 점검(기후재난관리과).pdf,,,deferred,,https://www.mois.go.kr/cmm/fms/FileDown.do?atchFileId=FILE_0014794255uWvjV&fileSn=1,
228,128545,1,260808 (12시) 입추(立秋) 지나도 지속되는 폭염 온열질환 조심하세요(국립재난안전연구원).hwpx,hwpx,3139240,extracted,,https://www.mois.go.kr/cmm/fms/FileDown.do?atchFileId=FILE_00147905iprSbde&fileSn=0,1697
228,128545,2,260808 (12시) 입추(立秋) 지나도 지속되는 폭염 온열질환 조심하세요(국립재난안전연구원).pdf,,,deferred,,https://www.mois.go.kr/cmm/fms/FileDown.do?atchFileId=FILE_00147905iprSbde&fileSn=1,
229,128570,1,260808 (11시) 극한 폭염 대응 범정부 총력 대응체계 가동(기후재난관리과).hwpx,hwpx,798536,extracted,,https://www.mois.go.kr/cmm/fms/FileDown.do?atchFileId=FILE_00147930a5ZXUQM&fileSn=0,1708
229,128570,2,260808 (11시) 극한 폭염 대응 범정부 총력 대응체계 가동(기후재난관리과).pdf,,,deferred,,https://www.mois.go.kr/cmm/fms/FileDown.do?atchFileId=FILE_00147930a5ZXUQM&fileSn=1,
230,128564,1,260807 (즉시) 7.8~24일 호우 피해 특별재난지역 선포(복구지원과).hwpx,hwpx,238470,extracted,,https://www.mois.go.kr/cmm/fms/FileDown.do?atchFileId=FILE_00147927VXTwOOe&fileSn=0,5014
230,128564,2,260807 (즉시) 7.8~24일 호우 피해 특별재난지역 선포(복구지원과).pdf,,,deferred,,https://www.mois.go.kr/cmm/fms/FileDown.do?atchFileId=FILE_00147927VXTwOOe&fileSn=1,
231,128541,1,260807 (11시) 폭염 속 태양을 피하자 그늘막 설치 확대(기후재난관리과).hwpx,hwpx,1389461,extracted,,https://www.mois.go.kr/cmm/fms/FileDown.do?atchFileId=FILE_00147901TJUDnVc&fileSn=0,2290
231,128541,2,260807 (11시) 폭염 속 태양을 피하자 그늘막 설치 확대(기후재난관리과).pdf,,,deferred,,https://www.mois.go.kr/cmm/fms/FileDown.do?atchFileId=FILE_00147901TJUDnVc&fileSn=1,
232,128533,1,260807 (석간) 2026년도 지방공기업 경영평가 결과(지방공기업정책과).hwpx,hwpx,319501,extracted,,https://www.mois.go.kr/cmm/fms/FileDown.do?atchFileId=FILE_00147862mD3CDAR&fileSn=0,8526
232,128533,2,260807 (석간) 2026년도 지방공기업 경영평가 결과(지방공기업정책과).pdf,,,deferred,,https://www.mois.go.kr/cmm/fms/FileDown.do?atchFileId=FILE_00147862mD3CDAR&fileSn=1,
233,128531,1,260806 (즉시) 2026년 을지연습 8월 18일부터 21일까지 실전같은 연습으로 국가 비상대비태세 확립(비상대비훈련과).hwpx,hwpx,238092,extracted,,https://www.mois.go.kr/cmm/fms/FileDown.do?atchFileId=FILE_001478526nfjdT9&fileSn=0,1380
233,128531,2,260806 (즉시) 2026년 을지연습 8월 18일부터 21일까지 실전같은 연습으로 국가 비상대비태세 확립(비상대비훈련과).pdf,,,deferred,,https://www.mois.go.kr/cmm/fms/FileDown.do?atchFileId=FILE_001478526nfjdT9&fileSn=1,
234,128523,1,260804 ‘26년 숙의공론화 본격 착수 연말까지 국민과 함께 정책 방향 논의(국민참여정책과).hwpx,hwpx,226226,extracted,,https://www.mois.go.kr/cmm/fms/FileDown.do?atchFileId=FILE_00147861ntovpo2&fileSn=0,1818
234,128523,2,260804 ‘26년 숙의공론화 본격 착수 연말까지 국민과 함께 정책 방향 논의(국민참여정책과).pdf,,,deferred,,https://www.mois.go.kr/cmm/fms/FileDown.do?atchFileId=FILE_00147861ntovpo2&fileSn=1,
235,128488,1,260807 (조간) 자녀 출입국 증명서 이젠 집이나 해외에서 ‘정부24’로 한 번에 뗀다(통합포털정책과).hwpx,hwpx,279907,extracted,,https://www.mois.go.kr/cmm/fms/FileDown.do?atchFileId=FILE_00147810IoJ-40m&fileSn=0,2289
235,128488,2,260807 (조간) 자녀 출입국 증명서 이젠 집이나 해외에서 ‘정부24’로 한 번에 뗀다(통합포털정책과).pdf,,,deferred,,https://www.mois.go.kr/cmm/fms/FileDown.do?atchFileId=FILE_00147810IoJ-40m&fileSn=1,
236,128487,1,260807 (조간) 디지털‧AI 기반 대한민국 우수 공공행정 행정한류 콘텐츠로 세계와 공유한다(행정한류담당관).hwpx,hwpx,350833,extracted,,https://www.mois.go.kr/cmm/fms/FileDown.do?atchFileId=FILE_00147809Idt7Gbc&fileSn=0,1841
236,128487,2,260807 (조간) 디지털‧AI 기반 대한민국 우수 공공행정 행정한류 콘텐츠로 세계와 공유한다(행정한류담당관).pdf,,,deferred,,https://www.mois.go.kr/cmm/fms/FileDown.do?atchFileId=FILE_00147809Idt7Gbc&fileSn=1,
237,128476,1,[보도자료] 260805 (업무보고 종료 시) 모두의 행복 모두의 안전 국민 삶을 플러스+ 하겠습니다(기획재정담당관).hwpx,hwpx,289312,extracted,,https://www.mois.go.kr/cmm/fms/FileDown.do?atchFileId=FILE_00147808AEJTKgb&fileSn=0,4377
237,128476,2,[보도자료] 260805 (업무보고 종료 시) 모두의 행복 모두의 안전 국민 삶을 플러스+ 하겠습니다(기획재정담당관).pdf,,,deferred,,https://www.mois.go.kr/cmm/fms/FileDown.do?atchFileId=FILE_00147808AEJTKgb&fileSn=1,
237,128476,3,260807 행정안전부 업무보고.pdf,pdf,3612965,extracted,,https://www.mois.go.kr/cmm/fms/FileDown.do?atchFileId=FILE_00147808AEJTKgb&fileSn=2,10048
238,128452,1,260806 (조간) 낭만이 가득한 여수 밤바다에서 섬의 특별한 추억을 만나세요(균형발전진흥과).hwpx,hwpx,282197,extracted,,https://www.mois.go.kr/cmm/fms/FileDown.do?atchFileId=FILE_00147787SWxGYi-&fileSn=0,2066
238,128452,2,260806 (조간) 낭만이 가득한 여수 밤바다에서 섬의 특별한 추억을 만나세요(균형발전진흥과).pdf,,,deferred,,https://www.mois.go.kr/cmm/fms/FileDown.do?atchFileId=FILE_00147787SWxGYi-&fileSn=1,
239,128444,1,260805 (16시30분) 중수청 직제·임용령 제정 및 청사 확보 등 개청 준비 본격화(중수청개청준비단).hwpx,hwpx,2509619,extracted,,https://www.mois.go.kr/cmm/fms/FileDown.do?atchFileId=FILE_00147786rG9jCis&fileSn=0,6589
239,128444,2,260805 (16시30분) 중수청 직제·임용령 제정 및 청사 확보 등 개청 준비 본격화(중수청개청준비단).pdf,,,deferred,,https://www.mois.go.kr/cmm/fms/FileDown.do?atchFileId=FILE_00147786rG9jCis&fileSn=1,
240,128432,1,260805 (16시) 부처 장벽 허물고 현장 유공자 포상 3개 부처 합동 수여식 개최(혁신행정담당관).hwpx,hwpx,248094,extracted,,https://www.mois.go.kr/cmm/fms/FileDown.do?atchFileId=FILE_00147784veFepWn&fileSn=0,2849
240,128432,2,260805 (16시) 부처 장벽 허물고 현장 유공자 포상 3개 부처 합동 수여식 개최(혁신행정담당관).pdf,,,deferred,,https://www.mois.go.kr/cmm/fms/FileDown.do?atchFileId=FILE_00147784veFepWn&fileSn=1,
241,128442,1,260804 (국무회의 종료시) 보호구역 및 학교 주변 모든 공사장 보행안전통로 설치 의무화된다(안전개선과).hwpx,hwpx,301782,extracted,,https://www.mois.go.kr/cmm/fms/FileDown.do?atchFileId=FILE_00147785zxf7z9y&fileSn=0,938
241,128442,2,260804 (국무회의 종료시) 보호구역 및 학교 주변 모든 공사장 보행안전통로 설치 의무화된다(안전개선과).pdf,,,deferred,,https://www.mois.go.kr/cmm/fms/FileDown.do?atchFileId=FILE_00147785zxf7z9y&fileSn=1,
242,128431,1,260805 (조간) 보행자 안전을 위협하는 부적합 말뚝(볼라드) 일제 정비한다(안전개선과).hwpx,hwpx,10230561,extracted,,https://www.mois.go.kr/cmm/fms/FileDown.do?atchFileId=FILE_00147791q6J5MmI&fileSn=0,1565
242,128431,2,260805 (조간) 보행자 안전을 위협하는 부적합 말뚝(볼라드) 일제 정비한다(안전개선과).pdf,,,deferred,,https://www.mois.go.kr/cmm/fms/FileDown.do?atchFileId=FILE_00147791q6J5MmI&fileSn=1,
243,128368,1,260803 (17시) 적극적으로 일하는 공무원이 존중받는 사회 제6회 지방정부 적극행정 유공포상 실시(공무원단체과).hwpx,hwpx,306017,extracted,,https://www.mois.go.kr/cmm/fms/FileDown.do?atchFileId=FILE_00147690ruxt8G4&fileSn=0,4476
243,128368,2,260803 (17시) 적극적으로 일하는 공무원이 존중받는 사회 제6회 지방정부 적극행정 유공포상 실시(공무원단체과).pdf,,,deferred,,https://www.mois.go.kr/cmm/fms/FileDown.do?atchFileId=FILE_00147690ruxt8G4&fileSn=1,
244,128422,1,260803 (즉시) 폭염 장기화 중대본 대응 상황 점검회의 개최(기후재난관리과).hwpx,hwpx,3044367,extracted,,https://www.mois.go.kr/cmm/fms/FileDown.do?atchFileId=FILE_00147723zfrmlnB&fileSn=0,1331
244,128422,2,260803 (즉시) 폭염 장기화 중대본 대응 상황 점검회의 개최(기후재난관리과).pdf,,,deferred,,https://www.mois.go.kr/cmm/fms/FileDown.do?atchFileId=FILE_00147723zfrmlnB&fileSn=1,
245,128367,1,260804 (조간) 모두가 안전한 에스컬레이터 이용 문화 국민과 함께 답을 찾는다(국민참여정책과).hwpx,hwpx,213641,extracted,,https://www.mois.go.kr/cmm/fms/FileDown.do?atchFileId=FILE_00147689gpcxoYZ&fileSn=0,1612
245,128367,2,260804 (조간) 모두가 안전한 에스컬레이터 이용 문화 국민과 함께 답을 찾는다(국민참여정책과).pdf,,,deferred,,https://www.mois.go.kr/cmm/fms/FileDown.do?atchFileId=FILE_00147689gpcxoYZ&fileSn=1,
246,128369,1,260803 (조간) 햇빛소득마을 1차 86개 마을 선정 2차 공모에 617개 마을 신청 전국 확산 본격화(햇빛소득마을추진단).hwpx,hwpx,161022,extracted,,https://www.mois.go.kr/cmm/fms/FileDown.do?atchFileId=FILE_001476494I6xoGZ&fileSn=0,2612
246,128369,2,260803 (조간) 햇빛소득마을 1차 86개 마을 선정 2차 공모에 617개 마을 신청 전국 확산 본격화(햇빛소득마을추진단).pdf,,,deferred,,https://www.mois.go.kr/cmm/fms/FileDown.do?atchFileId=FILE_001476494I6xoGZ&fileSn=1,
247,128363,1,260803 (조간) 보존·복원부터 AI 활용 디지털 아카이빙까지 국가기록원 오만 맞춤형 교육 개최(국가기록원 기록협력과).hwpx,hwpx,286243,extracted,,https://www.mois.go.kr/cmm/fms/FileDown.do?atchFileId=FILE_00147647L0T4Mi7&fileSn=0,2748
247,128363,2,260803 (조간) 보존·복원부터 AI 활용 디지털 아카이빙까지 국가기록원 오만 맞춤형 교육 개최(국가기록원 기록협력과).pdf,,,deferred,,https://www.mois.go.kr/cmm/fms/FileDown.do?atchFileId=FILE_00147647L0T4Mi7&fileSn=1,
248,128362,1,260803 (조간) 행정안전부 재난배상책임보험 의무가입 대상 확대 추진(재난보험과).hwpx,hwpx,282769,extracted,,https://www.mois.go.kr/cmm/fms/FileDown.do?atchFileId=FILE_001476466oObxXD&fileSn=0,2947
248,128362,2,260803 (조간) 행정안전부 재난배상책임보험 의무가입 대상 확대 추진(재난보험과).pdf,,,deferred,,https://www.mois.go.kr/cmm/fms/FileDown.do?atchFileId=FILE_001476466oObxXD&fileSn=1,
249,128360,1,260803 (조간) “공공데이터 활용 이제 AI에게 물어보세요” ‘AI기반 공공데이터포털’ 서비스 개시(공공데이터정책과).hwpx,hwpx,182457,extracted,,https://www.mois.go.kr/cmm/fms/FileDown.do?atchFileId=FILE_00147645BZDJepJ&fileSn=0,1786
249,128360,2,260803 (조간) “공공데이터 활용 이제 AI에게 물어보세요” ‘AI기반 공공데이터포털’ 서비스 개시(공공데이터정책과).pdf,,,deferred,,https://www.mois.go.kr/cmm/fms/FileDown.do?atchFileId=FILE_00147645BZDJepJ&fileSn=1,
250,128400,1,260802 (즉시) 중대본 2단계 격상 윤호중 장관 폭염·가뭄 극심한 남부권 점검(기후재난관리과).hwpx,hwpx,3033279,extracted,,https://www.mois.go.kr/cmm/fms/FileDown.do?atchFileId=FILE_00147750iURNNkU&fileSn=0,1491
250,128400,2,260802 (즉시) 중대본 2단계 격상 윤호중 장관 폭염·가뭄 극심한 남부권 점검(기후재난관리과).pdf,,,deferred,,https://www.mois.go.kr/cmm/fms/FileDown.do?atchFileId=FILE_00147750iURNNkU&fileSn=1,
251,128364,1,260801 (12시) 극한 폭염 시 자택 내 온열질환 2배 증가 무더위쉼터 적극 이용 당부(국립재난안전연구원).pdf,,,deferred,,https://www.mois.go.kr/cmm/fms/FileDown.do?atchFileId=FILE_00147648HY9_nJd&fileSn=0,
251,128364,2,260801 (12시) 극한 폭염 시 자택 내 온열질환 2배 증가 무더위쉼터 적극 이용 당부(국립재난안전연구원).hwpx,hwpx,277448,extracted,,https://www.mois.go.kr/cmm/fms/FileDown.do?atchFileId=FILE_00147648HY9_nJd&fileSn=1,2179
252,128314,1,260731 (09시) 전국 노후교량 정부 합동점검 결과 D·E등급 교량 안전대책 추진 (예방안전제도과).pdf,,,deferred,,https://www.mois.go.kr/cmm/fms/FileDown.do?atchFileId=FILE_00147644hCHPv2C&fileSn=0,
252,128314,2,260731 (09시) 전국 노후교량 정부 합동점검 결과 D·E등급 교량 안전대책 추진 (예방안전제도과).hwpx,hwpx,127020,extracted,,https://www.mois.go.kr/cmm/fms/FileDown.do?atchFileId=FILE_00147644hCHPv2C&fileSn=1,1789
253,128299,1,260730 (14시30분) 행정안전부 8월 한 달간 하천·계곡 불법행위 특별단속 실시(재난대응총괄과).hwpx,hwpx,274928,extracted,,https://www.mois.go.kr/cmm/fms/FileDown.do?atchFileId=FILE_00147633-mDLFlX&fileSn=0,1174
253,128299,2,260730 (14시30분) 행정안전부 8월 한 달간 하천·계곡 불법행위 특별단속 실시(재난대응총괄과).pdf,,,deferred,,https://www.mois.go.kr/cmm/fms/FileDown.do?atchFileId=FILE_00147633-mDLFlX&fileSn=1,
254,128296,1,260731 (조간) 행정안전부 본격적인 휴가철 맞아 ‘수상 안전관리’ 총력 대응(재난안전점검과).hwpx,hwpx,11309893,extracted,,https://www.mois.go.kr/cmm/fms/FileDown.do?atchFileId=FILE_00147580jTWckM1&fileSn=0,1601
254,128296,2,260731 (조간) 행정안전부 본격적인 휴가철 맞아 ‘수상 안전관리’ 총력 대응(재난안전점검과).pdf,,,deferred,,https://www.mois.go.kr/cmm/fms/FileDown.do?atchFileId=FILE_00147580jTWckM1&fileSn=1,
255,128295,1,260731 (조간) 제4회 재난안전데이터 활용 창업경진대회 수상작 발표(재난안전데이터과).hwpx,hwpx,248930,extracted,,https://www.mois.go.kr/cmm/fms/FileDown.do?atchFileId=FILE_00147634nclf4Hg&fileSn=0,2840
255,128295,2,260731 (조간) 제4회 재난안전데이터 활용 창업경진대회 수상작 발표(재난안전데이터과).pdf,,,deferred,,https://www.mois.go.kr/cmm/fms/FileDown.do?atchFileId=FILE_00147634nclf4Hg&fileSn=1,
256,128294,1,260731 (조간) 2026년 1분기 생활인구 설 연휴 축제 영화 흥행으로 인구감소지역에 활력(균형발전제도과).hwpx,hwpx,929319,extracted,,https://www.mois.go.kr/cmm/fms/FileDown.do?atchFileId=FILE_00147578JXLYzXf&fileSn=0,2394
256,128294,2,260731 (조간) 2026년 1분기 생활인구 설 연휴 축제 영화 흥행으로 인구감소지역에 활력(균형발전제도과).pdf,,,deferred,,https://www.mois.go.kr/cmm/fms/FileDown.do?atchFileId=FILE_00147578JXLYzXf&fileSn=1,
256,128294,3,[보도참고자료] 국가데이터처 보도자료(2026년 1분기 생활인구 산정결과 세부 내용).hwpx,hwpx,4589486,extracted,,https://www.mois.go.kr/cmm/fms/FileDown.do?atchFileId=FILE_00147578JXLYzXf&fileSn=2,137388
256,128294,4,[보도참고자료] 국가데이터처 보도자료(2026년 1분기 생활인구 산정결과 세부 내용).pdf,,,deferred,,https://www.mois.go.kr/cmm/fms/FileDown.do?atchFileId=FILE_00147578JXLYzXf&fileSn=3,
257,128293,1,260731 (조간) 국가정보자원관리원 혁신 ISP 수행기관 선정 마치고 본격 착수(정보자원관리혁신과).hwpx,hwpx,121231,extracted,,https://www.mois.go.kr/cmm/fms/FileDown.do?atchFileId=FILE_001475770GJquA_&fileSn=0,1577
257,128293,2,260731 (조간) 국가정보자원관리원 혁신 ISP 수행기관 선정 마치고 본격 착수(정보자원관리혁신과).pdf,,,deferred,,https://www.mois.go.kr/cmm/fms/FileDown.do?atchFileId=FILE_001475770GJquA_&fileSn=1,
258,128292,1,260730 (석간) 2035년까지 신규 구매‧임차 경찰 차량 전기･수소차로 100% 보급한다(행정제도과).hwpx,hwpx,199999,extracted,,https://www.mois.go.kr/cmm/fms/FileDown.do?atchFileId=FILE_00147576X-eJN1r&fileSn=0,2011
258,128292,2,260730 (석간) 2035년까지 신규 구매‧임차 경찰 차량 전기･수소차로 100% 보급한다(행정제도과).pdf,,,deferred,,https://www.mois.go.kr/cmm/fms/FileDown.do?atchFileId=FILE_00147576X-eJN1r&fileSn=1,
259,128242,1,260730 (18시) 중대본부장 무더위쉼터 및 폭염 대응 현장점검 실시(기후재난관리과).hwpx,hwpx,3037632,extracted,,https://www.mois.go.kr/cmm/fms/FileDown.do?atchFileId=FILE_001475898D5-klY&fileSn=0,1198
259,128242,2,260730 (18시) 중대본부장 무더위쉼터 및 폭염 대응 현장점검 실시(기후재난관리과).pdf,,,deferred,,https://www.mois.go.kr/cmm/fms/FileDown.do?atchFileId=FILE_001475898D5-klY&fileSn=1,
260,128234,1,260730 (18시) 군(軍) 유휴부지가 주민 소득으로 윤호중 장관 햇빛소득마을 찾아 점검 (햇빛소득마을추진단).hwpx,hwpx,278233,extracted,,https://www.mois.go.kr/cmm/fms/FileDown.do?atchFileId=FILE_00147581BWGFq-N&fileSn=0,1533
260,128234,2,260730 (18시) 군(軍) 유휴부지가 주민 소득으로 윤호중 장관 햇빛소득마을 찾아 점검 (햇빛소득마을추진단).pdf,,,deferred,,https://www.mois.go.kr/cmm/fms/FileDown.do?atchFileId=FILE_00147581BWGFq-N&fileSn=1,
261,128276,1,260729 (12시) 일본 구마모토현 강진 계기 전문가와 국내 지진 대응체계 점검(지진방재관리과).hwpx,hwpx,896159,extracted,,https://www.mois.go.kr/cmm/fms/FileDown.do?atchFileId=FILE_00147617JOGQ6z-&fileSn=0,1451
261,128276,2,260729 (12시) 일본 구마모토현 강진 계기 전문가와 국내 지진 대응체계 점검(지진방재관리과).pdf,,,deferred,,https://www.mois.go.kr/cmm/fms/FileDown.do?atchFileId=FILE_00147617JOGQ6z-&fileSn=1,
262,128241,1,260730 (조간) 폭염 속 여름휴가 안전하게 다녀오세요(예방안전제도과).hwpx,hwpx,7312370,extracted,,https://www.mois.go.kr/cmm/fms/FileDown.do?atchFileId=FILE_00147588JRi4GEE&fileSn=0,2152
262,128241,2,260730 (조간) 폭염 속 여름휴가 안전하게 다녀오세요(예방안전제도과).pdf,,,deferred,,https://www.mois.go.kr/cmm/fms/FileDown.do?atchFileId=FILE_00147588JRi4GEE&fileSn=1,
263,128233,1,260730 (조간) 여행 경비는 줄이고 만족은 높이고 여름휴가 공공서비스로 즐기세요!(혁신기획과).hwpx,hwpx,120760,extracted,,https://www.mois.go.kr/cmm/fms/FileDown.do?atchFileId=FILE_00147560ElgNM42&fileSn=0,2420
263,128233,2,260730 (조간) 여행 경비는 줄이고 만족은 높이고 여름휴가 공공서비스로 즐기세요!(혁신기획과).pdf,,,deferred,,https://www.mois.go.kr/cmm/fms/FileDown.do?atchFileId=FILE_00147560ElgNM42&fileSn=1,
264,128232,1,260729 (석간) 올여름 피서지 물놀이 폭염 사고 막는다 보령 지역 피서지 안전 현장점검 실시(재난안전점검과).hwpx,hwpx,3767358,extracted,,https://www.mois.go.kr/cmm/fms/FileDown.do?atchFileId=FILE_00147559TQvv9nN&fileSn=0,1436
264,128232,2,260729 (석간) 올여름 피서지 물놀이 폭염 사고 막는다 보령 지역 피서지 안전 현장점검 실시(재난안전점검과).pdf,,,deferred,,https://www.mois.go.kr/cmm/fms/FileDown.do?atchFileId=FILE_00147559TQvv9nN&fileSn=1,
265,128243,1,260728 (즉시) 행안부 일본 구마모토현 강진 계기 긴급 상황점검회의 개최(지진방재관리과).hwpx,hwpx,899118,extracted,,https://www.mois.go.kr/cmm/fms/FileDown.do?atchFileId=FILE_00147569nG6E2-h&fileSn=0,919
265,128243,2,260728 (즉시) 행안부 일본 구마모토현 강진 계기 긴급 상황점검회의 개최(지진방재관리과).pdf,,,deferred,,https://www.mois.go.kr/cmm/fms/FileDown.do?atchFileId=FILE_00147569nG6E2-h&fileSn=1,
266,128201,1,260729 (17시) 생명존중 안전사회 구현을 위한 국민생명안전위원회 본격 가동(국민생명안전위원회 생명안전기획단)(최종).hwpx,hwpx,271726,extracted,,https://www.mois.go.kr/cmm/fms/FileDown.do?atchFileId=FILE_00147547TL3w4pU&fileSn=0,1363
266,128201,2,260729 (17시) 생명존중 안전사회 구현을 위한 국민생명안전위원회 본격 가동(국민생명안전위원회 생명안전기획단)(최종).pdf,,,deferred,,https://www.mois.go.kr/cmm/fms/FileDown.do?atchFileId=FILE_00147547TL3w4pU&fileSn=1,
267,128209,1,260729 (조간) 깨끗한 하천계곡 국민과 함께 만들어 갑니다(재난대응총괄과).hwpx,hwpx,16623262,extracted,,https://www.mois.go.kr/cmm/fms/FileDown.do?atchFileId=FILE_00147554WHvPu-u&fileSn=0,1540
267,128209,2,260729 (조간) 깨끗한 하천계곡 국민과 함께 만들어 갑니다(재난대응총괄과).pdf,,,deferred,,https://www.mois.go.kr/cmm/fms/FileDown.do?atchFileId=FILE_00147554WHvPu-u&fileSn=1,
268,128200,1,260729 (조간) 행정안전부 2026년 국민안전교육 우수기관 9곳 선정(안전문화교육과).hwpx,hwpx,141677,extracted,,https://www.mois.go.kr/cmm/fms/FileDown.do?atchFileId=FILE_00147546vX3BbWE&fileSn=0,1407
268,128200,2,260729 (조간) 행정안전부 2026년 국민안전교육 우수기관 9곳 선정(안전문화교육과).pdf,,,deferred,,https://www.mois.go.kr/cmm/fms/FileDown.do?atchFileId=FILE_00147546vX3BbWE&fileSn=1,
269,128160,1,260728 (18시) 행안부-맥도날드-충주·홍천·진주·창녕 ‘한국의 맛’으로 지역활력 불어넣는다(균형발전제도과).hwpx,hwpx,218773,extracted,,https://www.mois.go.kr/cmm/fms/FileDown.do?atchFileId=FILE_00147494XfYAWA8&fileSn=0,1769
269,128160,2,260728 (18시) 행안부-맥도날드-충주·홍천·진주·창녕 ‘한국의 맛’으로 지역활력 불어넣는다(균형발전제도과).pdf,,,deferred,,https://www.mois.go.kr/cmm/fms/FileDown.do?atchFileId=FILE_00147494XfYAWA8&fileSn=1,
270,128192,1,260727 (14시) 폭염 위기경보 심각 격상 중앙재난안전대책본부 가동해 총력대응(기후재난관리과).hwpx,hwpx,426822,extracted,,https://www.mois.go.kr/cmm/fms/FileDown.do?atchFileId=FILE_00147507jNcy0Hb&fileSn=0,1304
270,128192,2,260727 (14시) 폭염 위기경보 심각 격상 중앙재난안전대책본부 가동해 총력대응(기후재난관리과).pdf,,,deferred,,https://www.mois.go.kr/cmm/fms/FileDown.do?atchFileId=FILE_00147507jNcy0Hb&fileSn=1,
271,128183,1,260727 (월 12시 보도가능) 광화문 현판 국민이 하루 종일 머리 맞댔다... 첫 ‘모두의 토론회’ 마무리(국민참여정책과).hwpx,hwpx,98742,extracted,,https://www.mois.go.kr/cmm/fms/FileDown.do?atchFileId=FILE_00147539z8knt8v&fileSn=0,1754
271,128183,2,260727 (월 12시 보도가능) 광화문 현판 국민이 하루 종일 머리 맞댔다... 첫 ‘모두의 토론회’ 마무리(국민참여정책과).pdf,,,deferred,,https://www.mois.go.kr/cmm/fms/FileDown.do?atchFileId=FILE_00147539z8knt8v&fileSn=1,
272,128161,1,260728 (조간) 행안부-복지부 호우 피해자 ‘재난심리회복지원’ 강화(재난현장지원총괄과).hwpx,hwpx,271170,extracted,,https://www.mois.go.kr/cmm/fms/FileDown.do?atchFileId=FILE_001474950gMX4O0&fileSn=0,1387
272,128161,2,260728 (조간) 행안부-복지부 호우 피해자 ‘재난심리회복지원’ 강화(재난현장지원총괄과).pdf,,,deferred,,https://www.mois.go.kr/cmm/fms/FileDown.do?atchFileId=FILE_001474950gMX4O0&fileSn=1,
273,128159,1,260727 (11시) 민선 9기 첫 중앙지방정책협의회 개최 ‘모두의 지방자치’를 위한 소통과 협력 당부(자치행정과).hwpx,hwpx,280929,extracted,,https://www.mois.go.kr/cmm/fms/FileDown.do?atchFileId=FILE_00147493Y3JlSYR&fileSn=0,1821
273,128159,2,260727 (11시) 민선 9기 첫 중앙지방정책협의회 개최 ‘모두의 지방자치’를 위한 소통과 협력 당부(자치행정과).pdf,,,deferred,,https://www.mois.go.kr/cmm/fms/FileDown.do?atchFileId=FILE_00147493Y3JlSYR&fileSn=1,
274,128158,1,260727 (조간) 시원한 물놀이 안전수칙 지키며 즐겨요!(예방안전제도과).hwpx,hwpx,12307908,extracted,,https://www.mois.go.kr/cmm/fms/FileDown.do?atchFileId=FILE_00147492zu1OUAx&fileSn=0,2263
274,128158,2,260727 (조간) 시원한 물놀이 안전수칙 지키며 즐겨요!(예방안전제도과).pdf,,,deferred,,https://www.mois.go.kr/cmm/fms/FileDown.do?atchFileId=FILE_00147492zu1OUAx&fileSn=1,
275,128157,1,260727 (16시) ’그날의 의병 오늘의 우리‘ 주제로 7월 27일 ｢제16회 의병의 날 기념식｣ 개최(사회통합지원과).hwpx,hwpx,286617,extracted,,https://www.mois.go.kr/cmm/fms/FileDown.do?atchFileId=FILE_00147491w7vhOnP&fileSn=0,2968
275,128157,2,260727 (16시) ’그날의 의병 오늘의 우리‘ 주제로 7월 27일 ｢제16회 의병의 날 기념식｣ 개최(사회통합지원과).pdf,,,deferred,,https://www.mois.go.kr/cmm/fms/FileDown.do?atchFileId=FILE_00147491w7vhOnP&fileSn=1,
276,128153,1,260725 (16시30분) 본격적인 폭염 대비 현장 대응상황 점검(기후재난관리과)(1).hwpx,hwpx,3896703,extracted,,https://www.mois.go.kr/cmm/fms/FileDown.do?atchFileId=FILE_001475018MsjASL&fileSn=0,1231
276,128153,2,260725 (16시30분) 본격적인 폭염 대비 현장 대응상황 점검(기후재난관리과)(1).pdf,,,deferred,,https://www.mois.go.kr/cmm/fms/FileDown.do?atchFileId=FILE_001475018MsjASL&fileSn=1,
277,128149,1,260724 (즉시) 폭염 중대경보 발효에 따른 대응상황 점검회의 개최(기후재난관리과).hwpx,hwpx,272349,extracted,,https://www.mois.go.kr/cmm/fms/FileDown.do?atchFileId=FILE_00147476QtWuqd_&fileSn=0,882
277,128149,2,260724 (즉시) 폭염 중대경보 발효에 따른 대응상황 점검회의 개최(기후재난관리과).pdf,,,deferred,,https://www.mois.go.kr/cmm/fms/FileDown.do?atchFileId=FILE_00147476QtWuqd_&fileSn=1,
278,128142,1,260724 (11시) 7월 호우 대응 중앙재난안전대책본부 복구대책지원본부 체제로 전환 (복구지원과).hwpx,hwpx,161861,extracted,,https://www.mois.go.kr/cmm/fms/FileDown.do?atchFileId=FILE_00147454z-37WZ4&fileSn=0,817
278,128142,2,260724 (11시) 7월 호우 대응 중앙재난안전대책본부 복구대책지원본부 체제로 전환 (복구지원과).pdf,,,deferred,,https://www.mois.go.kr/cmm/fms/FileDown.do?atchFileId=FILE_00147454z-37WZ4&fileSn=1,
279,128113,1,260724 (석간) 금융당국 합동 특별관리를 통한 새마을금고 건전성 집중 관리 연말까지 이어간다(지역금융지원과).hwpx,hwpx,211355,extracted,,https://www.mois.go.kr/cmm/fms/FileDown.do?atchFileId=FILE_00147439ZUa-SaD&fileSn=0,1945
279,128113,2,260724 (석간) 금융당국 합동 특별관리를 통한 새마을금고 건전성 집중 관리 연말까지 이어간다(지역금융지원과).pdf,,,deferred,,https://www.mois.go.kr/cmm/fms/FileDown.do?atchFileId=FILE_00147439ZUa-SaD&fileSn=1,
280,128101,1,260724 (조간) 한국자유총연맹 특별검사 결과 발표(자치새마을협력과).hwpx,hwpx,175075,extracted,,https://www.mois.go.kr/cmm/fms/FileDown.do?atchFileId=FILE_00147406agWJFYC&fileSn=0,1966
280,128101,2,260724 (조간) 한국자유총연맹 특별검사 결과 발표(자치새마을협력과).pdf,,,deferred,,https://www.mois.go.kr/cmm/fms/FileDown.do?atchFileId=FILE_00147406agWJFYC&fileSn=1,
281,128095,1,260724 (조간) 국민과 함께하는 첫 ‘모두의 토론회’ 7월 26일 ‘광화문 현판 병기’ 주제로 문을 연다(국민참여정책과).hwpx,hwpx,100982,extracted,,https://www.mois.go.kr/cmm/fms/FileDown.do?atchFileId=FILE_00147477kV5Bj-B&fileSn=0,2427
281,128095,2,260724 (조간) 국민과 함께하는 첫 ‘모두의 토론회’ 7월 26일 ‘광화문 현판 병기’ 주제로 문을 연다(국민참여정책과).pdf,,,deferred,,https://www.mois.go.kr/cmm/fms/FileDown.do?atchFileId=FILE_00147477kV5Bj-B&fileSn=1,
282,128080,1,260723 (16시) 행정안전부 을지연습 전국 통제부장 회의 개최(비상대비훈련과).hwpx,hwpx,275852,extracted,,https://www.mois.go.kr/cmm/fms/FileDown.do?atchFileId=FILE_00147376NFHytgJ&fileSn=0,1330
282,128080,2,260723 (16시) 행정안전부 을지연습 전국 통제부장 회의 개최(비상대비훈련과).pdf,,,deferred,,https://www.mois.go.kr/cmm/fms/FileDown.do?atchFileId=FILE_00147376NFHytgJ&fileSn=1,
283,128081,1,[보도자료] 260723 (조간) 공무원이 직접 만든 AI 과제 AI 정부 실험실에서 속속 등장(인공지능정부정책과).hwpx,hwpx,3075310,extracted,,https://www.mois.go.kr/cmm/fms/FileDown.do?atchFileId=FILE_0014737728cJ4GI&fileSn=0,3817
283,128081,2,[보도자료] 260723 (조간) 공무원이 직접 만든 AI 과제 AI 정부 실험실에서 속속 등장(인공지능정부정책과).pdf,,,deferred,,https://www.mois.go.kr/cmm/fms/FileDown.do?atchFileId=FILE_0014737728cJ4GI&fileSn=1,
284,128079,1,260723 (조간) 인공지능 시대 법원판결문 개방 논의를 위해 민관이 한자리에 모여(공공데이터정책과).hwpx,hwpx,282690,extracted,,https://www.mois.go.kr/cmm/fms/FileDown.do?atchFileId=FILE_00147375qyNz6lZ&fileSn=0,2341
284,128079,2,260723 (조간) 인공지능 시대 법원판결문 개방 논의를 위해 민관이 한자리에 모여(공공데이터정책과).pdf,,,deferred,,https://www.mois.go.kr/cmm/fms/FileDown.do?atchFileId=FILE_00147375qyNz6lZ&fileSn=1,
285,128067,1,260722 (11시) 행정안전부 특별성과 포상금 우수 운영기관으로 금융위원회 선정·포상(혁신기획과).hwpx,hwpx,107311,extracted,,https://www.mois.go.kr/cmm/fms/FileDown.do?atchFileId=FILE_00147360mjLUsAY&fileSn=0,1458
285,128067,2,260722 (11시) 행정안전부 특별성과 포상금 우수 운영기관으로 금융위원회 선정·포상(혁신기획과).pdf,,,deferred,,https://www.mois.go.kr/cmm/fms/FileDown.do?atchFileId=FILE_00147360mjLUsAY&fileSn=1,
286,128066,1,260722 (석간) 호남권 이어 충청·경북·강원권까지 국정철학·국정과제 행정 최일선으로 확산된다(지방자치인재개발원 기획협력과).hwpx,hwpx,189241,extracted,,https://www.mois.go.kr/cmm/fms/FileDown.do?atchFileId=FILE_00147359NbCJxnG&fileSn=0,1400
286,128066,2,260722 (석간) 호남권 이어 충청·경북·강원권까지 국정철학·국정과제 행정 최일선으로 확산된다(지방자치인재개발원 기획협력과).pdf,,,deferred,,https://www.mois.go.kr/cmm/fms/FileDown.do?atchFileId=FILE_00147359NbCJxnG&fileSn=1,
287,128010,1,260722 (16시) 어서오세요섬의날입니다잘부탁드립니다 제7회 섬의 날 홍보대사 위촉식 개최(균형발전진흥과).hwpx,hwpx,283175,extracted,,https://www.mois.go.kr/cmm/fms/FileDown.do?atchFileId=FILE_00147310eveBjWi&fileSn=0,2585
287,128010,2,260722 (16시) 어서오세요섬의날입니다잘부탁드립니다 제7회 섬의 날 홍보대사 위촉식 개최(균형발전진흥과).pdf,,,deferred,,https://www.mois.go.kr/cmm/fms/FileDown.do?atchFileId=FILE_00147310eveBjWi&fileSn=1,
288,128014,1,260722 (15시) 반헌법적 행위 간첩조작사건 관련자 등 부적절한 정부포상 대대적 취소(상훈담당관).hwpx,hwpx,233625,extracted,,https://www.mois.go.kr/cmm/fms/FileDown.do?atchFileId=FILE_00147334hOpzjCd&fileSn=0,1952
288,128014,2,260722 (15시) 반헌법적 행위 간첩조작사건 관련자 등 부적절한 정부포상 대대적 취소(상훈담당관).pdf,,,deferred,,https://www.mois.go.kr/cmm/fms/FileDown.do?atchFileId=FILE_00147334hOpzjCd&fileSn=1,
289,128012,1,260722 (15시) 초과근무 제도 개선 “일한 만큼 보상 관리‧감독은 철저”(지방인사제도과).hwpx,hwpx,252287,extracted,,https://www.mois.go.kr/cmm/fms/FileDown.do?atchFileId=FILE_00147332cvBTol7&fileSn=0,4112
289,128012,2,260722 (15시) 초과근무 제도 개선 “일한 만큼 보상 관리‧감독은 철저”(지방인사제도과).pdf,,,deferred,,https://www.mois.go.kr/cmm/fms/FileDown.do?atchFileId=FILE_00147332cvBTol7&fileSn=1,
290,128048,1,260721 (13시20분) 윤호중 중대본부장 필승교 수위 상승에 따른 상황관리 및 대피 준비 등 철저 지시(자연재난대응과).hwpx,hwpx,276220,extracted,,https://www.mois.go.kr/cmm/fms/FileDown.do?atchFileId=FILE_00147363j6bl0s0&fileSn=0,586
290,128048,2,260721 (13시20분) 윤호중 중대본부장 필승교 수위 상승에 따른 상황관리 및 대피 준비 등 철저 지시(자연재난대응과).pdf,,,deferred,,https://www.mois.go.kr/cmm/fms/FileDown.do?atchFileId=FILE_00147363j6bl0s0&fileSn=1,
291,128013,1,2. 260722 (조간) 국립재난안전연구원 안동 하회마을에 문화유산 침수계측장비 시범 설치(국립재난안전연구원).hwpx,hwpx,284349,extracted,,https://www.mois.go.kr/cmm/fms/FileDown.do?atchFileId=FILE_00147333INp6Fde&fileSn=0,761
291,128013,2,2. 260722 (조간) 국립재난안전연구원 안동 하회마을에 문화유산 침수계측장비 시범 설치(국립재난안전연구원).pdf,,,deferred,,https://www.mois.go.kr/cmm/fms/FileDown.do?atchFileId=FILE_00147333INp6Fde&fileSn=1,
292,128011,1,260722 (조간) UNTFSSE 사회연대경제 우호그룹 가입으로 국제협력 네트워크 강화한다(사회연대경제제도과).hwpx,hwpx,276118,extracted,,https://www.mois.go.kr/cmm/fms/FileDown.do?atchFileId=FILE_001473302DVFQvT&fileSn=0,1328
292,128011,2,260722 (조간) UNTFSSE 사회연대경제 우호그룹 가입으로 국제협력 네트워크 강화한다(사회연대경제제도과).pdf,,,deferred,,https://www.mois.go.kr/cmm/fms/FileDown.do?atchFileId=FILE_001473302DVFQvT&fileSn=1,
293,128018,1,260721 (즉시보도) 침수 피해 산불 이재민의 주거 안정을 신속히 지원하고 임시조립주택 관리 체계를 전면 점검하겠습니다(복구지원과).hwpx,hwpx,277959,extracted,,https://www.mois.go.kr/cmm/fms/FileDown.do?atchFileId=FILE_00147199y_g12qY&fileSn=0,1471
293,128018,2,260721 (즉시보도) 침수 피해 산불 이재민의 주거 안정을 신속히 지원하고 임시조립주택 관리 체계를 전면 점검하겠습니다(복구지원과).pdf,,,deferred,,https://www.mois.go.kr/cmm/fms/FileDown.do?atchFileId=FILE_00147199y_g12qY&fileSn=1,
294,128001,1,260721 (08시) 한국관광의 별 이어 한국관광의 샛별 뜬다(지역경제과).hwpx,hwpx,557485,extracted,,https://www.mois.go.kr/cmm/fms/FileDown.do?atchFileId=FILE_001473074yh4Cwd&fileSn=0,4063
294,128001,2,260721 (08시) 한국관광의 별 이어 한국관광의 샛별 뜬다(지역경제과).pdf,,,deferred,,https://www.mois.go.kr/cmm/fms/FileDown.do?atchFileId=FILE_001473074yh4Cwd&fileSn=1,
295,128004,1,260720 (즉시) 윤호중 중대본부장 집중호우와 산사태 등 추가 피해 예방 지시(자연재난대응과).hwpx,hwpx,9700672,extracted,,https://www.mois.go.kr/cmm/fms/FileDown.do?atchFileId=FILE_00147309sRebmdn&fileSn=0,1553
295,128004,2,260720 (즉시) 윤호중 중대본부장 집중호우와 산사태 등 추가 피해 예방 지시(자연재난대응과).pdf,,,deferred,,https://www.mois.go.kr/cmm/fms/FileDown.do?atchFileId=FILE_00147309sRebmdn&fileSn=1,
296,128000,1,260720 (16시30분) 윤호중 행정안전부장관 인천 물류창고 화재사고 현장 방문(국토산업재난대응과).hwpx,hwpx,88803,extracted,,https://www.mois.go.kr/cmm/fms/FileDown.do?atchFileId=FILE_00147306hfciNd-&fileSn=0,990
296,128000,2,260720 (16시30분) 윤호중 행정안전부장관 인천 물류창고 화재사고 현장 방문(국토산업재난대응과).pdf,,,deferred,,https://www.mois.go.kr/cmm/fms/FileDown.do?atchFileId=FILE_00147306hfciNd-&fileSn=1,
297,127999,1,260721 (조간) 세계유산과 기록의 동행 가치의 전승과 미래를 논하다(국가기록원 기록협력과).hwpx,hwpx,3688098,extracted,,https://www.mois.go.kr/cmm/fms/FileDown.do?atchFileId=FILE_00147305kcr9nq-&fileSn=0,2057
298,127998,1,260720 (보도참고자료) 자살예방상담전화 109 상담 공백 줄인다 자원봉사자 현장 지원(자치새마을협력과).hwpx,hwpx,131185,extracted,,https://www.mois.go.kr/cmm/fms/FileDown.do?atchFileId=FILE_0014730401iYp4B&fileSn=0,1903
298,127998,2,260720 (보도참고자료) 자살예방상담전화 109 상담 공백 줄인다 자원봉사자 현장 지원(자치새마을협력과).pdf,,,deferred,,https://www.mois.go.kr/cmm/fms/FileDown.do?atchFileId=FILE_0014730401iYp4B&fileSn=1,
299,127997,1,260720 (즉시) 호우피해 응급복구 및 폭염 취약계층 안전대책을 위한 긴급 재정 지원(재난관리정책과).hwpx,hwpx,91230,extracted,,https://www.mois.go.kr/cmm/fms/FileDown.do?atchFileId=FILE_00147303UlaOnA6&fileSn=0,1267
299,127997,2,260720 (즉시) 호우피해 응급복구 및 폭염 취약계층 안전대책을 위한 긴급 재정 지원(재난관리정책과).pdf,,,deferred,,https://www.mois.go.kr/cmm/fms/FileDown.do?atchFileId=FILE_00147303UlaOnA6&fileSn=1,
300,127928,1,260721 (조간) 고향사랑기부로 여는 여름 답례품으로 즐기는 휴가(균형발전진흥과).hwpx,hwpx,20243949,extracted,,https://www.mois.go.kr/cmm/fms/FileDown.do?atchFileId=FILE_00147241NdO6li6&fileSn=0,5044
300,127928,2,260721 (조간) 고향사랑기부로 여는 여름 답례품으로 즐기는 휴가(균형발전진흥과).pdf,,,deferred,,https://www.mois.go.kr/cmm/fms/FileDown.do?atchFileId=FILE_00147241NdO6li6&fileSn=1,
301,127926,1,260720 (09시) 한국의 세계기록유산 20종 한자리에 한국의 기록 세계의 기억 부산에서 개막(국가기록원 서비스정책과).hwpx,hwpx,14911989,extracted,,https://www.mois.go.kr/cmm/fms/FileDown.do?atchFileId=FILE_00147236-qghuB4&fileSn=0,4775
301,127926,2,260720 (09시) 한국의 세계기록유산 20종 한자리에 한국의 기록 세계의 기억 부산에서 개막(국가기록원 서비스정책과).pdf,,,deferred,,https://www.mois.go.kr/cmm/fms/FileDown.do?atchFileId=FILE_00147236-qghuB4&fileSn=1,
302,127925,1,260720 (조간) 한국형 공무원 교육훈련 개도국 교육기관에 전수한다(지방자치인재개발원 국제교육협력과).hwpx,hwpx,142274,extracted,,https://www.mois.go.kr/cmm/fms/FileDown.do?atchFileId=FILE_00147235iCiGyTR&fileSn=0,1954
302,127925,2,260720 (조간) 한국형 공무원 교육훈련 개도국 교육기관에 전수한다(지방자치인재개발원 국제교육협력과).pdf,,,deferred,,https://www.mois.go.kr/cmm/fms/FileDown.do?atchFileId=FILE_00147235iCiGyTR&fileSn=1,
303,127924,1,260720 (조간) 지진 지진해일 대피장소 1만 2천여 곳 점검 더 찾기 쉽게 정비(지진방재관리과).hwpx,hwpx,2949434,extracted,,https://www.mois.go.kr/cmm/fms/FileDown.do?atchFileId=FILE_00147234YSOEayt&fileSn=0,1854
303,127924,2,260720 (조간) 지진 지진해일 대피장소 1만 2천여 곳 점검 더 찾기 쉽게 정비(지진방재관리과).pdf,,,deferred,,https://www.mois.go.kr/cmm/fms/FileDown.do?atchFileId=FILE_00147234YSOEayt&fileSn=1,
304,127923,1,260720 (조간) 2026년 재난예방 사진 및 영상 공모전 개최(재난관리정책과).hwpx,hwpx,7288723,extracted,,https://www.mois.go.kr/cmm/fms/FileDown.do?atchFileId=FILE_00147233g9-YgbB&fileSn=0,1325
304,127923,2,260720 (조간) 2026년 재난예방 사진 및 영상 공모전 개최(재난관리정책과).pdf,,,deferred,,https://www.mois.go.kr/cmm/fms/FileDown.do?atchFileId=FILE_00147233g9-YgbB&fileSn=1,
305,127922,1,260720 (조간) 국민 아이디어가 만드는 주소정책(주소정책과).hwpx,hwpx,486588,extracted,,https://www.mois.go.kr/cmm/fms/FileDown.do?atchFileId=FILE_00147232uzrFKK0&fileSn=0,1425
305,127922,2,260720 (조간) 국민 아이디어가 만드는 주소정책(주소정책과).pdf,,,deferred,,https://www.mois.go.kr/cmm/fms/FileDown.do?atchFileId=FILE_00147232uzrFKK0&fileSn=1,
306,127943,1,260719 (즉시) 윤호중 중앙재난안전대책본부장 긴급 지시(자연재난대응과).hwpx,hwpx,276111,extracted,,https://www.mois.go.kr/cmm/fms/FileDown.do?atchFileId=FILE_00147262SBNHY3v&fileSn=0,958
306,127943,2,260719 (즉시) 윤호중 중앙재난안전대책본부장 긴급 지시(자연재난대응과).pdf,,,deferred,,https://www.mois.go.kr/cmm/fms/FileDown.do?atchFileId=FILE_00147262SBNHY3v&fileSn=1,
307,127942,1,260718 (즉시) 호우지역 확대에 따라 위기경보 수준 ‘경계’ 격상 및 중앙재난안전대책본부 2단계 가동(자연재난대응과).hwpx,hwpx,826405,extracted,,https://www.mois.go.kr/cmm/fms/FileDown.do?atchFileId=FILE_001472616i2TwG1&fileSn=0,1015
307,127942,2,260718 (즉시) 호우지역 확대에 따라 위기경보 수준 ‘경계’ 격상 및 중앙재난안전대책본부 2단계 가동(자연재난대응과).pdf,,,deferred,,https://www.mois.go.kr/cmm/fms/FileDown.do?atchFileId=FILE_001472616i2TwG1&fileSn=1,
308,127941,1,260717 (즉시보도) 대구경기충남경북지역 호우 특보 중앙재난안전대책본부 1단계 가동(자연재난대응과).hwpx,hwpx,835867,extracted,,https://www.mois.go.kr/cmm/fms/FileDown.do?atchFileId=FILE_00147140GwbqEfk&fileSn=0,822
308,127941,2,260717 (즉시보도) 대구경기충남경북지역 호우 특보 중앙재난안전대책본부 1단계 가동(자연재난대응과).pdf,,,deferred,,https://www.mois.go.kr/cmm/fms/FileDown.do?atchFileId=FILE_00147140GwbqEfk&fileSn=1,
309,127940,1,260717 (16시30분) 윤호중장관 연휴 기간 호우 대응 공백 없도록 관계기관 긴급회의 개최(자연재난대응과).hwpx,hwpx,9695332,extracted,,https://www.mois.go.kr/cmm/fms/FileDown.do?atchFileId=FILE_00147139RgsaPPg&fileSn=0,1815
309,127940,2,260717 (16시30분) 윤호중장관 연휴 기간 호우 대응 공백 없도록 관계기관 긴급회의 개최(자연재난대응과).pdf,,,deferred,,https://www.mois.go.kr/cmm/fms/FileDown.do?atchFileId=FILE_00147139RgsaPPg&fileSn=1,
310,127930,1,260717 (16시30분) 윤호중장관 연휴 기간 호우 대응 공백 없도록 관계기관 긴급회의 개최(자연재난대응과).hwpx,hwpx,9695332,extracted,,https://www.mois.go.kr/cmm/fms/FileDown.do?atchFileId=FILE_00147137FA48Exw&fileSn=0,1815
310,127930,2,260717 (16시30분) 윤호중장관 연휴 기간 호우 대응 공백 없도록 관계기관 긴급회의 개최(자연재난대응과).pdf,,,deferred,,https://www.mois.go.kr/cmm/fms/FileDown.do?atchFileId=FILE_00147137FA48Exw&fileSn=1,
311,127885,1,260717 (18시) 주민이 체감하는 자치경찰 추진 방안 전문가와 함께 논의한다(자치분권제도과).hwpx,hwpx,342562,extracted,,https://www.mois.go.kr/cmm/fms/FileDown.do?atchFileId=FILE_00147231tKtHKAY&fileSn=0,1775
311,127885,2,260717 (18시) 주민이 체감하는 자치경찰 추진 방안 전문가와 함께 논의한다(자치분권제도과).pdf,,,deferred,,https://www.mois.go.kr/cmm/fms/FileDown.do?atchFileId=FILE_00147231tKtHKAY&fileSn=1,
312,127921,1,260717 (보도참고자료) 상반기 행정안전부-지방정부 지방보조금 부정수급 일제점검 결과 적발 주요사례(재정협력과).hwpx,hwpx,56539,extracted,,https://www.mois.go.kr/cmm/fms/FileDown.do?atchFileId=FILE_00147230p0Bh41p&fileSn=0,920
312,127921,2,260717 (보도참고자료) 상반기 행정안전부-지방정부 지방보조금 부정수급 일제점검 결과 적발 주요사례(재정협력과).pdf,,,deferred,,https://www.mois.go.kr/cmm/fms/FileDown.do?atchFileId=FILE_00147230p0Bh41p&fileSn=1,
313,127920,1,260716 (16시) 정부 낙동강권역 운문댐 가뭄에 선제 대응한다(기후재난관리과).hwpx,hwpx,272823,extracted,,https://www.mois.go.kr/cmm/fms/FileDown.do?atchFileId=FILE_00147136PcW_Jqd&fileSn=0,953
313,127920,2,260716 (16시) 정부 낙동강권역 운문댐 가뭄에 선제 대응한다(기후재난관리과).pdf,,,deferred,,https://www.mois.go.kr/cmm/fms/FileDown.do?atchFileId=FILE_00147136PcW_Jqd&fileSn=1,
314,127884,1,260717 (16시) 상반기 행정안전부-지방정부 지방보조금 부정수급 일제 점검으로 부정수급 근절 총력(재정협력과).hwpx,hwpx,311376,extracted,,https://www.mois.go.kr/cmm/fms/FileDown.do?atchFileId=FILE_00147186OMXt4nu&fileSn=0,5392
314,127884,2,260717 (16시) 상반기 행정안전부-지방정부 지방보조금 부정수급 일제 점검으로 부정수급 근절 총력(재정협력과).pdf,,,deferred,,https://www.mois.go.kr/cmm/fms/FileDown.do?atchFileId=FILE_00147186OMXt4nu&fileSn=1,
315,127876,1,260716 (10시30분) 행안부-문체부 지역경제 활성화를 위한 지역관광 정책협의회 출범(지역경제과).hwpx,hwpx,546715,extracted,,https://www.mois.go.kr/cmm/fms/FileDown.do?atchFileId=FILE_00147213HLyRs9L&fileSn=0,1620
315,127876,2,260716 (10시30분) 행안부-문체부 지역경제 활성화를 위한 지역관광 정책협의회 출범(지역경제과).pdf,,,deferred,,https://www.mois.go.kr/cmm/fms/FileDown.do?atchFileId=FILE_00147213HLyRs9L&fileSn=1,
316,127856,1,260716 (17시30분) 고유가 피해지원금 지급 등 탁월한 성과 낸 주역들에게 특별성과포상금 신속 수여(혁신행정담당관).hwpx,hwpx,255906,extracted,,https://www.mois.go.kr/cmm/fms/FileDown.do?atchFileId=FILE_00147164QAr9Cg_&fileSn=0,2144
316,127856,2,260716 (17시30분) 고유가 피해지원금 지급 등 탁월한 성과 낸 주역들에게 특별성과포상금 신속 수여(혁신행정담당관).pdf,,,deferred,,https://www.mois.go.kr/cmm/fms/FileDown.do?atchFileId=FILE_00147164QAr9Cg_&fileSn=1,
317,127874,1,260715 (즉시) 행안부 노동의 정상적인 대가 지급을 위한 환경미화원 임금지급 실태조사(회계계약제도과).hwpx,hwpx,277855,extracted,,https://www.mois.go.kr/cmm/fms/FileDown.do?atchFileId=FILE_00147184i9XIo-C&fileSn=0,1543
317,127874,2,260715 (즉시) 행안부 노동의 정상적인 대가 지급을 위한 환경미화원 임금지급 실태조사(회계계약제도과).pdf,,,deferred,,https://www.mois.go.kr/cmm/fms/FileDown.do?atchFileId=FILE_00147184i9XIo-C&fileSn=1,
318,127848,1,260716 (조간) 스마트폰으로 집에서 간편하게 2026년 주민등록 사실조사 실시(주민과).hwpx,hwpx,1839971,extracted,,https://www.mois.go.kr/cmm/fms/FileDown.do?atchFileId=FILE_00147161SHFohII&fileSn=0,3129
318,127848,2,260716 (조간) 스마트폰으로 집에서 간편하게 2026년 주민등록 사실조사 실시(주민과).pdf,,,deferred,,https://www.mois.go.kr/cmm/fms/FileDown.do?atchFileId=FILE_00147161SHFohII&fileSn=1,
319,127859,1,260714 (즉시보도) 행정안전부 장관 7.14~15일 호우강풍 대비 관련 긴급지시(자연재난대응과).hwpx,hwpx,283982,extracted,,https://www.mois.go.kr/cmm/fms/FileDown.do?atchFileId=FILE_00147166OlImrVm&fileSn=0,741
319,127859,2,260714 (즉시보도) 행정안전부 장관 7.14~15일 호우강풍 대비 관련 긴급지시(자연재난대응과).pdf,,,deferred,,https://www.mois.go.kr/cmm/fms/FileDown.do?atchFileId=FILE_00147166OlImrVm&fileSn=1,
320,127828,1,260715 (16시) 민선 9기 지방자치단체장 재난안전역량 다지다(재난대응훈련과).hwpx,hwpx,230807,extracted,,https://www.mois.go.kr/cmm/fms/FileDown.do?atchFileId=FILE_00147119eVUACB4&fileSn=0,1823
320,127828,2,260715 (16시) 민선 9기 지방자치단체장 재난안전역량 다지다(재난대응훈련과).pdf,,,deferred,,https://www.mois.go.kr/cmm/fms/FileDown.do?atchFileId=FILE_00147119eVUACB4&fileSn=1,
321,127837,1,260714 (국무회의 종료시) 청년·소상공인 등 공유재산 사용기회 넓히고 헐값 매각은 막는다(공유재산정책과)(대변인실 수정)(최종).hwpx,hwpx,281961,extracted,,https://www.mois.go.kr/cmm/fms/FileDown.do?atchFileId=FILE_00147069B1Ir-EV&fileSn=0,1917
321,127837,2,260714 (국무회의 종료시) 청년·소상공인 등 공유재산 사용기회 넓히고 헐값 매각은 막는다(공유재산정책과)(대변인실 수정)(최종).pdf,,,deferred,,https://www.mois.go.kr/cmm/fms/FileDown.do?atchFileId=FILE_00147069B1Ir-EV&fileSn=1,
322,127836,1,260714 (국무회의 종료시) 재난피해자 지원은 한 곳에서 일상 회복은 실태조사로 꼼꼼하게(안전정책총괄과)(최종).hwpx,hwpx,302305,extracted,,https://www.mois.go.kr/cmm/fms/FileDown.do?atchFileId=FILE_00147068e8SzauO&fileSn=0,1305
322,127836,2,260714 (국무회의 종료시) 재난피해자 지원은 한 곳에서 일상 회복은 실태조사로 꼼꼼하게(안전정책총괄과)(최종).pdf,,,deferred,,https://www.mois.go.kr/cmm/fms/FileDown.do?atchFileId=FILE_00147068e8SzauO&fileSn=1,
323,127826,1,260715 (조간) 오송 참사 3년 기억과 애도를 넘어 더 안전한 내일로(7.15오송지하차도참사피해자지원단).hwpx,hwpx,299103,extracted,,https://www.mois.go.kr/cmm/fms/FileDown.do?atchFileId=FILE_00147118Oac0ZEE&fileSn=0,1596
323,127826,2,260715 (조간) 오송 참사 3년 기억과 애도를 넘어 더 안전한 내일로(7.15오송지하차도참사피해자지원단).pdf,,,deferred,,https://www.mois.go.kr/cmm/fms/FileDown.do?atchFileId=FILE_00147118Oac0ZEE&fileSn=1,
324,127827,1,260714 (10시) 7.14~15일 호우·강풍 대비 관계기관 대책회의 개최(자연재난대응과).hwpx,hwpx,9694553,extracted,,https://www.mois.go.kr/cmm/fms/FileDown.do?atchFileId=FILE_00147133TEw3erd&fileSn=0,1442
324,127827,2,260714 (10시) 7.14~15일 호우·강풍 대비 관계기관 대책회의 개최(자연재난대응과).pdf,,,deferred,,https://www.mois.go.kr/cmm/fms/FileDown.do?atchFileId=FILE_00147133TEw3erd&fileSn=1,
325,127799,1,260713 (17시) 재난안전관리본부장 오송 참사 3주기 지하차도 안전 현장에서 살핀다(715오송참사피해자지원단).hwpx,hwpx,154371,extracted,,https://www.mois.go.kr/cmm/fms/FileDown.do?atchFileId=FILE_00147132OM8NvC6&fileSn=0,1731
325,127799,2,260713 (17시) 재난안전관리본부장 오송 참사 3주기 지하차도 안전 현장에서 살핀다(715오송참사피해자지원단).pdf,,,deferred,,https://www.mois.go.kr/cmm/fms/FileDown.do?atchFileId=FILE_00147132OM8NvC6&fileSn=1,
326,127772,1,260714 (16시) 여름철 다중운집인파사고 대비태세 점검(사회재난대응총괄과).hwpx,hwpx,3412013,extracted,,https://www.mois.go.kr/cmm/fms/FileDown.do?atchFileId=FILE_00147082kjTLRqL&fileSn=0,3956
326,127772,2,260714 (16시) 여름철 다중운집인파사고 대비태세 점검(사회재난대응총괄과).pdf,,,deferred,,https://www.mois.go.kr/cmm/fms/FileDown.do?atchFileId=FILE_00147082kjTLRqL&fileSn=1,
327,127771,1,260714 (조간) AI 발견 고위험 취약점에 대한 신속한 보안 패치 적용을 적극행정으로 인정 면책 적용 (디지털보안정책과).hwpx,hwpx,100940,extracted,,https://www.mois.go.kr/cmm/fms/FileDown.do?atchFileId=FILE_00147072VHGzQKe&fileSn=0,2149
327,127771,2,260714 (조간) AI 발견 고위험 취약점에 대한 신속한 보안 패치 적용을 적극행정으로 인정 면책 적용 (디지털보안정책과).pdf,,,deferred,,https://www.mois.go.kr/cmm/fms/FileDown.do?atchFileId=FILE_00147072VHGzQKe&fileSn=1,
328,127770,1,260714 (조간) 공무원이 직접 만든 AI 법령 비서 시범 개시(공공인공지능혁신과).hwpx,hwpx,235993,extracted,,https://www.mois.go.kr/cmm/fms/FileDown.do?atchFileId=FILE_00147030FNItlAx&fileSn=0,2392
328,127770,2,260714 (조간) 공무원이 직접 만든 AI 법령 비서 시범 개시(공공인공지능혁신과).pdf,,,deferred,,https://www.mois.go.kr/cmm/fms/FileDown.do?atchFileId=FILE_00147030FNItlAx&fileSn=1,
329,127769,1,260714 (조간) 국민의 위대한 용기와 행동을 기린다. 빛의 위원회 공식 출범(빛의위원회지원단).hwpx,hwpx,169137,extracted,,https://www.mois.go.kr/cmm/fms/FileDown.do?atchFileId=FILE_0014702977oLin8&fileSn=0,1437
329,127769,2,260714 (조간) 국민의 위대한 용기와 행동을 기린다. 빛의 위원회 공식 출범(빛의위원회지원단).pdf,,,deferred,,https://www.mois.go.kr/cmm/fms/FileDown.do?atchFileId=FILE_0014702977oLin8&fileSn=1,
330,127759,1,260713 (조간) 울산에 폭염 특화 재난안전산업 진흥시설 조성 나선다(재난안전산업과).hwpx,hwpx,4283811,extracted,,https://www.mois.go.kr/cmm/fms/FileDown.do?atchFileId=FILE_00147054qHmN1gO&fileSn=0,1844
330,127759,2,260713 (조간) 울산에 폭염 특화 재난안전산업 진흥시설 조성 나선다(재난안전산업과).pdf,,,deferred,,https://www.mois.go.kr/cmm/fms/FileDown.do?atchFileId=FILE_00147054qHmN1gO&fileSn=1,
331,127768,1,260712 (16시) 전국적 폭염 위험 확산에 따른 관계부처 대응상황 긴급 점검(기후재난관리과).hwpx,hwpx,3038376,extracted,,https://www.mois.go.kr/cmm/fms/FileDown.do?atchFileId=FILE_00147062zp1syvc&fileSn=0,1261
331,127768,2,260712 (16시) 전국적 폭염 위험 확산에 따른 관계부처 대응상황 긴급 점검(기후재난관리과).pdf,,,deferred,,https://www.mois.go.kr/cmm/fms/FileDown.do?atchFileId=FILE_00147062zp1syvc&fileSn=1,
332,127767,1,260712 (10시) 경북남부에 첫 폭염중대경보 발표 폭염 위험 최고 단계 범정부 폭염 총력대응체계 가동(기후재난관리과).hwpx,hwpx,1079305,extracted,,https://www.mois.go.kr/cmm/fms/FileDown.do?atchFileId=FILE_00147071UbQdITT&fileSn=0,4258
332,127767,2,260712 (10시) 경북남부에 첫 폭염중대경보 발표 폭염 위험 최고 단계 범정부 폭염 총력대응체계 가동(기후재난관리과).pdf,,,deferred,,https://www.mois.go.kr/cmm/fms/FileDown.do?atchFileId=FILE_00147071UbQdITT&fileSn=1,
333,127763,1,260711 (16시30분) 재난안전관리본부장 폭염 취약계층 보호 위해 동자동 쪽방촌 방문(재난자원관리과).hwpx,hwpx,274910,extracted,,https://www.mois.go.kr/cmm/fms/FileDown.do?atchFileId=FILE_00147050AxIqY6A&fileSn=0,1208
333,127763,2,260711 (16시30분) 재난안전관리본부장 폭염 취약계층 보호 위해 동자동 쪽방촌 방문(재난자원관리과).pdf,,,deferred,,https://www.mois.go.kr/cmm/fms/FileDown.do?atchFileId=FILE_00147050AxIqY6A&fileSn=1,
334,127760,1,260713 (조간) 폭염 대비 우수사례 현장 예방정책에 적극 활용한다(기후재난관리과).hwpx,hwpx,3866409,extracted,,https://www.mois.go.kr/cmm/fms/FileDown.do?atchFileId=FILE_00147056JMBDC7g&fileSn=0,1616
334,127760,2,260713 (조간) 폭염 대비 우수사례 현장 예방정책에 적극 활용한다(기후재난관리과).pdf,,,deferred,,https://www.mois.go.kr/cmm/fms/FileDown.do?atchFileId=FILE_00147056JMBDC7g&fileSn=1,
335,127751,1,260710 (18시) 반복되는 노후 공동주택 화재 아동사망 긴급 현장점검 및 보완대책 추진(국토산업재난대응과).hwpx,hwpx,277111,extracted,,https://www.mois.go.kr/cmm/fms/FileDown.do?atchFileId=FILE_00147053zOuV0Yp&fileSn=0,1088
335,127751,2,260710 (18시) 반복되는 노후 공동주택 화재 아동사망 긴급 현장점검 및 보완대책 추진(국토산업재난대응과).pdf,,,deferred,,https://www.mois.go.kr/cmm/fms/FileDown.do?atchFileId=FILE_00147053zOuV0Yp&fileSn=1,
336,127750,1,260710 (즉시) 행정안전부 재난안전관리본부장 공주 지역 호우 피해 현장 방문(재난대응총괄과).hwpx,hwpx,279040,extracted,,https://www.mois.go.kr/cmm/fms/FileDown.do?atchFileId=FILE_001470522TVGVrN&fileSn=0,629
336,127750,2,260710 (즉시) 행정안전부 재난안전관리본부장 공주 지역 호우 피해 현장 방문(재난대응총괄과).pdf,,,deferred,,https://www.mois.go.kr/cmm/fms/FileDown.do?atchFileId=FILE_001470522TVGVrN&fileSn=1,
337,127749,1,260710 (즉시) 호우 피해지역 재난특교세 긴급 지원(재난관리정책과).hwpx,hwpx,95031,extracted,,https://www.mois.go.kr/cmm/fms/FileDown.do?atchFileId=FILE_00147051vMDN-uS&fileSn=0,656
337,127749,2,260710 (즉시) 호우 피해지역 재난특교세 긴급 지원(재난관리정책과).pdf,,,deferred,,https://www.mois.go.kr/cmm/fms/FileDown.do?atchFileId=FILE_00147051vMDN-uS&fileSn=1,
338,127716,1,260711 (16시) 7월 가뭄 예경보 발표(기후재난관리과).hwpx,hwpx,1142208,extracted,,https://www.mois.go.kr/cmm/fms/FileDown.do?atchFileId=FILE_001470316tWVV5x&fileSn=0,3729
338,127716,2,260711 (16시) 7월 가뭄 예경보 발표(기후재난관리과).pdf,,,deferred,,https://www.mois.go.kr/cmm/fms/FileDown.do?atchFileId=FILE_001470316tWVV5x&fileSn=1,
339,127717,1,260711 (15시) 폭염 위기경보 경계 단계로 격상 행정안전부 추진상황 점검회의 개최(기후재난관리과).hwpx,hwpx,538940,extracted,,https://www.mois.go.kr/cmm/fms/FileDown.do?atchFileId=FILE_00146950yEp_NZl&fileSn=0,1017
339,127717,2,260711 (15시) 폭염 위기경보 경계 단계로 격상 행정안전부 추진상황 점검회의 개최(기후재난관리과).pdf,,,deferred,,https://www.mois.go.kr/cmm/fms/FileDown.do?atchFileId=FILE_00146950yEp_NZl&fileSn=1,
340,127705,1,260709 (16시) 윤호중 행정안전부 장관 호우 대처상황 점검 중대본 회의 주재(자연재난대응과).hwpx,hwpx,9502742,extracted,,https://www.mois.go.kr/cmm/fms/FileDown.do?atchFileId=FILE_00147006pRJ4KV_&fileSn=0,1386
340,127705,2,260709 (16시) 윤호중 행정안전부 장관 호우 대처상황 점검 중대본 회의 주재(자연재난대응과).pdf,,,deferred,,https://www.mois.go.kr/cmm/fms/FileDown.do?atchFileId=FILE_00147006pRJ4KV_&fileSn=1,
341,127696,1,260710 (16시) 앞으로 네이버페이·카카오페이·토스도 행안부 주민등록증 진위확인 서비스 이용(주민과).hwpx,hwpx,754226,extracted,,https://www.mois.go.kr/cmm/fms/FileDown.do?atchFileId=FILE_00147001SB6ohcj&fileSn=0,1886
341,127696,2,260710 (16시) 앞으로 네이버페이·카카오페이·토스도 행안부 주민등록증 진위확인 서비스 이용(주민과).pdf,,,deferred,,https://www.mois.go.kr/cmm/fms/FileDown.do?atchFileId=FILE_00147001SB6ohcj&fileSn=1,
342,127672,1,260710 (조간) 대한민국 인구 정책의 어제와 오늘 역대 대통령의 기록으로 한눈에 본다(대통령기록관 기록서비스과)(최종).hwpx,hwpx,4588087,extracted,,https://www.mois.go.kr/cmm/fms/FileDown.do?atchFileId=FILE_001468275DXFjSs&fileSn=0,3893
342,127672,2,260710 (조간) 대한민국 인구 정책의 어제와 오늘 역대 대통령의 기록으로 한눈에 본다(대통령기록관 기록서비스과)(최종).pdf,,,deferred,,https://www.mois.go.kr/cmm/fms/FileDown.do?atchFileId=FILE_001468275DXFjSs&fileSn=1,
343,127671,1,260710 (조간) 공직문화 혁신 변화의 1년을 돌아보다! 2026년 조직문화 새로고침(F5) 총회 개최(행정제도과)(최종).hwpx,hwpx,151116,extracted,,https://www.mois.go.kr/cmm/fms/FileDown.do?atchFileId=FILE_00146826EMlAOVb&fileSn=0,1960
343,127671,2,260710 (조간) 공직문화 혁신 변화의 1년을 돌아보다! 2026년 조직문화 새로고침(F5) 총회 개최(행정제도과)(최종).pdf,,,deferred,,https://www.mois.go.kr/cmm/fms/FileDown.do?atchFileId=FILE_00146826EMlAOVb&fileSn=1,
344,127691,1,260709 (즉시) 홍수특보에 따른 중대본부장 긴급 지시사항 통보(자연재난대응과).hwpx,hwpx,819598,extracted,,https://www.mois.go.kr/cmm/fms/FileDown.do?atchFileId=FILE_00146958hBQIkuT&fileSn=0,565
344,127691,2,260709 (즉시) 홍수특보에 따른 중대본부장 긴급 지시사항 통보(자연재난대응과).pdf,,,deferred,,https://www.mois.go.kr/cmm/fms/FileDown.do?atchFileId=FILE_00146958hBQIkuT&fileSn=1,
345,127678,1,260709 (즉시) 중대본 긴급 호우 대처상황 점검회의 개최(자연재난대응과).hwpx,hwpx,626066,extracted,,https://www.mois.go.kr/cmm/fms/FileDown.do?atchFileId=FILE_00146945UOxWKOv&fileSn=0,797
345,127678,2,260709 (즉시) 중대본 긴급 호우 대처상황 점검회의 개최(자연재난대응과).pdf,,,deferred,,https://www.mois.go.kr/cmm/fms/FileDown.do?atchFileId=FILE_00146945UOxWKOv&fileSn=1,
346,127627,1,260709 (18시) 행정안전부 장관 국정자원 대구센터 방문 행정정보시스템 안전관리 등 현장점검(국가정보자원관리원 대구센터).hwpx,hwpx,178199,extracted,,https://www.mois.go.kr/cmm/fms/FileDown.do?atchFileId=FILE_00146930ghRa5Si&fileSn=0,1446
346,127627,2,260709 (18시) 행정안전부 장관 국정자원 대구센터 방문 행정정보시스템 안전관리 등 현장점검(국가정보자원관리원 대구센터).pdf,,,deferred,,https://www.mois.go.kr/cmm/fms/FileDown.do?atchFileId=FILE_00146930ghRa5Si&fileSn=1,
347,127626,1,260709 (17시) 하천·계곡 국민 쉼터로 회복 대구 팔공산 기도터 정비현장 점검(하천계곡불법시설정비지원단).hwpx,hwpx,277566,extracted,,https://www.mois.go.kr/cmm/fms/FileDown.do?atchFileId=FILE_00146933HaYC_ZH&fileSn=0,1410
347,127626,2,260709 (17시) 하천·계곡 국민 쉼터로 회복 대구 팔공산 기도터 정비현장 점검(하천계곡불법시설정비지원단).pdf,,,deferred,,https://www.mois.go.kr/cmm/fms/FileDown.do?atchFileId=FILE_00146933HaYC_ZH&fileSn=1,
348,127622,1,260709 (17시) 행정안전부-신한금융그룹의 사회연대경제를 위한 가치있는 동행(사회연대경제지원과).hwpx,hwpx,93140,extracted,,https://www.mois.go.kr/cmm/fms/FileDown.do?atchFileId=FILE_00146860pWdcvzE&fileSn=0,1912
348,127622,2,260709 (17시) 행정안전부-신한금융그룹의 사회연대경제를 위한 가치있는 동행(사회연대경제지원과).pdf,,,deferred,,https://www.mois.go.kr/cmm/fms/FileDown.do?atchFileId=FILE_00146860pWdcvzE&fileSn=1,
349,127625,1,260709 (14시) 매년 받는 주민등록 사실조사 아파트아이로 안내받아 핸드폰으로 참여하세요(주민과).hwpx,hwpx,393017,extracted,,https://www.mois.go.kr/cmm/fms/FileDown.do?atchFileId=FILE_001469328q3CKK5&fileSn=0,1818
349,127625,2,260709 (14시) 매년 받는 주민등록 사실조사 아파트아이로 안내받아 핸드폰으로 참여하세요(주민과).pdf,,,deferred,,https://www.mois.go.kr/cmm/fms/FileDown.do?atchFileId=FILE_001469328q3CKK5&fileSn=1,
350,127646,1,260708 (즉시) 세종 충남북 전북 호우 특보 중앙재난안전대책본부 1단계 가동(자연재난대응과).pdf,,,deferred,,https://www.mois.go.kr/cmm/fms/FileDown.do?atchFileId=FILE_00146954ByFlwFr&fileSn=0,
350,127646,2,260708 (즉시) 세종 충남북 전북 호우 특보 중앙재난안전대책본부 1단계 가동(자연재난대응과).hwpx,hwpx,832766,extracted,,https://www.mois.go.kr/cmm/fms/FileDown.do?atchFileId=FILE_00146954ByFlwFr&fileSn=1,852
351,127623,1,260709 (조간) 상생과 연대로 잇는 마을 든든한 울타리 속 웃는 아이들 6대 분야 지방정부 인력보강으로 주민 체감 행정 지원(자치분권제도과).hwpx,hwpx,278542,extracted,,https://www.mois.go.kr/cmm/fms/FileDown.do?atchFileId=FILE_00146931Cc6AANv&fileSn=0,1824
351,127623,2,260709 (조간) 상생과 연대로 잇는 마을 든든한 울타리 속 웃는 아이들 6대 분야 지방정부 인력보강으로 주민 체감 행정 지원(자치분권제도과).pdf,,,deferred,,https://www.mois.go.kr/cmm/fms/FileDown.do?atchFileId=FILE_00146931Cc6AANv&fileSn=1,
352,127629,1,260708 (9시) 행정안전부 장관 7.8~9일 호우 대비 관련 긴급지시(자연재난대응과).hwpx,hwpx,285652,extracted,,https://www.mois.go.kr/cmm/fms/FileDown.do?atchFileId=FILE_00146907vkaeDgF&fileSn=0,805
352,127629,2,260708 (9시) 행정안전부 장관 7.8~9일 호우 대비 관련 긴급지시(자연재난대응과).pdf,,,deferred,,https://www.mois.go.kr/cmm/fms/FileDown.do?atchFileId=FILE_00146907vkaeDgF&fileSn=1,
353,127617,1,260707 (17시30분) 7.8~9일 호우 대비 관계기관 대책회의 개최(자연재난대응과).hwpx,hwpx,9693761,extracted,,https://www.mois.go.kr/cmm/fms/FileDown.do?atchFileId=FILE_00146858LK0C_5e&fileSn=0,1516
353,127617,2,260707 (17시30분) 7.8~9일 호우 대비 관계기관 대책회의 개최(자연재난대응과).pdf,,,deferred,,https://www.mois.go.kr/cmm/fms/FileDown.do?atchFileId=FILE_00146858LK0C_5e&fileSn=1,
354,127576,1,260708 (16시) 행정안전부 유럽 폭염 사례 바탕으로 국내 시사점을 도출한다(기후재난관리과).hwpx,hwpx,126951,extracted,,https://www.mois.go.kr/cmm/fms/FileDown.do?atchFileId=FILE_001468807DC8IwT&fileSn=0,1143
354,127576,2,260708 (16시) 행정안전부 유럽 폭염 사례 바탕으로 국내 시사점을 도출한다(기후재난관리과).pdf,,,deferred,,https://www.mois.go.kr/cmm/fms/FileDown.do?atchFileId=FILE_001468807DC8IwT&fileSn=1,
355,127578,1,260708 (14시30분) 국민 편의 높이고 삶 윤택하게... 적극행정 유공자 포상 실시(공무원단체과).hwp,hwp,312320,extracted,,https://www.mois.go.kr/cmm/fms/FileDown.do?atchFileId=FILE_001468914d7uRNU&fileSn=0,5533
355,127578,2,260708 (14시30분) 국민 편의 높이고 삶 윤택하게... 적극행정 유공자 포상 실시(공무원단체과).pdf,,,deferred,,https://www.mois.go.kr/cmm/fms/FileDown.do?atchFileId=FILE_001468914d7uRNU&fileSn=1,
356,127583,1,260708 (조간) 국제사회와 AI 민주정부 비전 공유 및 주요 거점국가와 AI 협력 확대(인공지능정부협력과).hwpx,hwpx,343779,extracted,,https://www.mois.go.kr/cmm/fms/FileDown.do?atchFileId=FILE_00146857nJ-wF3D&fileSn=0,2372
356,127583,2,260708 (조간) 국제사회와 AI 민주정부 비전 공유 및 주요 거점국가와 AI 협력 확대(인공지능정부협력과).pdf,,,deferred,,https://www.mois.go.kr/cmm/fms/FileDown.do?atchFileId=FILE_00146857nJ-wF3D&fileSn=1,
357,127582,1,260708 (조간) 광화문 현판 한글 병기 국민에게 묻는다 26일 모두의 토론회 개최(국민참여정책과).hwpx,hwpx,210020,extracted,,https://www.mois.go.kr/cmm/fms/FileDown.do?atchFileId=FILE_00146856akKaaYY&fileSn=0,1571
357,127582,2,260708 (조간) 광화문 현판 한글 병기 국민에게 묻는다 26일 모두의 토론회 개최(국민참여정책과).pdf,,,deferred,,https://www.mois.go.kr/cmm/fms/FileDown.do?atchFileId=FILE_00146856akKaaYY&fileSn=1,
358,127580,1,260708 (조간) 자연사회재난 성금 격차 없앤다 재난국민성금제도 일원화 세미나 개최(재난구호과).hwpx,hwpx,275247,extracted,,https://www.mois.go.kr/cmm/fms/FileDown.do?atchFileId=FILE_00146855hvabIFl&fileSn=0,1135
358,127580,2,260708 (조간) 자연사회재난 성금 격차 없앤다 재난국민성금제도 일원화 세미나 개최(재난구호과).pdf,,,deferred,,https://www.mois.go.kr/cmm/fms/FileDown.do?atchFileId=FILE_00146855hvabIFl&fileSn=1,
359,127575,1,260708 (조간) 재난안전정보 더 가까이 더 쉽게 생활밀착형 홍보로 국민 안전의식 높인다(자연재난대응과).hwpx,hwpx,1680464,extracted,,https://www.mois.go.kr/cmm/fms/FileDown.do?atchFileId=FILE_00146879fmfWC5Y&fileSn=0,1371
359,127575,2,260708 (조간) 재난안전정보 더 가까이 더 쉽게 생활밀착형 홍보로 국민 안전의식 높인다(자연재난대응과).pdf,,,deferred,,https://www.mois.go.kr/cmm/fms/FileDown.do?atchFileId=FILE_00146879fmfWC5Y&fileSn=1,
360,127524,1,260707 (18시) 민선 9기 출범 계기 지방세입 체납관리단 전국 확산 본격화(지방소득소비세제과).hwpx,hwpx,130864,extracted,,https://www.mois.go.kr/cmm/fms/FileDown.do?atchFileId=FILE_001468481ugn-_V&fileSn=0,1782
360,127524,2,260707 (18시) 민선 9기 출범 계기 지방세입 체납관리단 전국 확산 본격화(지방소득소비세제과).pdf,,,deferred,,https://www.mois.go.kr/cmm/fms/FileDown.do?atchFileId=FILE_001468481ugn-_V&fileSn=1,
361,127523,1,260706 (10시30분) 이북5도위원회 평안남도와 일천만이산가족위원회 음악극 대동강의 눈물 평화의 꽃으로 피다 개최(이북5도위원회).hwpx,hwpx,213997,extracted,,https://www.mois.go.kr/cmm/fms/FileDown.do?atchFileId=FILE_001468471ov0Pei&fileSn=0,1292
361,127523,2,260706 (10시30분) 이북5도위원회 평안남도와 일천만이산가족위원회 음악극 대동강의 눈물 평화의 꽃으로 피다 개최(이북5도위원회).pdf,,,deferred,,https://www.mois.go.kr/cmm/fms/FileDown.do?atchFileId=FILE_001468471ov0Pei&fileSn=1,
362,127521,1,260706 (조간) 생성형 AI와 재난안전의 만남 2026 지진안전 AI 영상 공모전 개최(지진방재관리과).hwpx,hwpx,5269324,extracted,,https://www.mois.go.kr/cmm/fms/FileDown.do?atchFileId=FILE_00146845k7WZKpb&fileSn=0,2609
362,127521,2,260706 (조간) 생성형 AI와 재난안전의 만남 2026 지진안전 AI 영상 공모전 개최(지진방재관리과).pdf,,,deferred,,https://www.mois.go.kr/cmm/fms/FileDown.do?atchFileId=FILE_00146845k7WZKpb&fileSn=1,
363,127520,1,260706 (조간) 버려지던 지방정부 포인트 주민 구호와 지역사회 공헌으로 되돌아온다(회계계약제도과).hwpx,hwpx,222400,extracted,,https://www.mois.go.kr/cmm/fms/FileDown.do?atchFileId=FILE_00146844C2O06lZ&fileSn=0,1239
363,127520,2,260706 (조간) 버려지던 지방정부 포인트 주민 구호와 지역사회 공헌으로 되돌아온다(회계계약제도과).pdf,,,deferred,,https://www.mois.go.kr/cmm/fms/FileDown.do?atchFileId=FILE_00146844C2O06lZ&fileSn=1,
364,127518,1,260706 (조간) 지방정부 10대 자원봉사 테마 릴레이 전북에서 인천까지 대장정 마무리!! (민간협력공동체과).hwpx,hwpx,232873,extracted,,https://www.mois.go.kr/cmm/fms/FileDown.do?atchFileId=FILE_00146843uOaCsRV&fileSn=0,2943
364,127518,2,260706 (조간) 지방정부 10대 자원봉사 테마 릴레이 전북에서 인천까지 대장정 마무리!! (민간협력공동체과).pdf,,,deferred,,https://www.mois.go.kr/cmm/fms/FileDown.do?atchFileId=FILE_00146843uOaCsRV&fileSn=1,
365,127517,1,260706 (9시) 행정안전부-기아 신선식품 배송서비스 의성서 출범(균형발전제도과).hwpx,hwpx,216792,extracted,,https://www.mois.go.kr/cmm/fms/FileDown.do?atchFileId=FILE_00146842ysZdvoU&fileSn=0,2048
365,127517,2,260706 (9시) 행정안전부-기아 신선식품 배송서비스 의성서 출범(균형발전제도과).pdf,,,deferred,,https://www.mois.go.kr/cmm/fms/FileDown.do?atchFileId=FILE_00146842ysZdvoU&fileSn=1,
366,127525,1,260704 (보도참고자료) 고유가 피해지원금 신청 지급 마감 결과(7.3. 18시 기준).hwpx,hwpx,296926,extracted,,https://www.mois.go.kr/cmm/fms/FileDown.do?atchFileId=FILE_00146849Ieiicqi&fileSn=0,1649
366,127525,2,260704 (보도참고자료) 고유가 피해지원금 신청 지급 마감 결과(7.3. 18시 기준).pdf,,,deferred,,https://www.mois.go.kr/cmm/fms/FileDown.do?atchFileId=FILE_00146849Ieiicqi&fileSn=1,
367,127501,1,260704 (16시) 데이터 기반 재난 이후 일상회복 지원 재난회복 실태조사 발전 논의(국립재난안전연구원).hwpx,hwpx,214874,extracted,,https://www.mois.go.kr/cmm/fms/FileDown.do?atchFileId=FILE_00146737v7-2ZJZ&fileSn=0,915
367,127501,2,260704 (16시) 데이터 기반 재난 이후 일상회복 지원 재난회복 실태조사 발전 논의(국립재난안전연구원).pdf,,,deferred,,https://www.mois.go.kr/cmm/fms/FileDown.do?atchFileId=FILE_00146737v7-2ZJZ&fileSn=1,
368,127499,1,260702 (16시) 중대범죄수사청 지방청 청사 입지 선정(중대범죄수사청개청준비단).hwpx,hwpx,122995,extracted,,https://www.mois.go.kr/cmm/fms/FileDown.do?atchFileId=FILE_00146767awO09He&fileSn=0,629
368,127499,2,260702 (16시) 중대범죄수사청 지방청 청사 입지 선정(중대범죄수사청개청준비단).pdf,,,deferred,,https://www.mois.go.kr/cmm/fms/FileDown.do?atchFileId=FILE_00146767awO09He&fileSn=1,
369,127456,1,260703 (16시) 자진 신고·철거 기간 끝 하천·계곡 불법시설 정비 본격화(재난대응총괄과).hwpx,hwpx,276011,extracted,,https://www.mois.go.kr/cmm/fms/FileDown.do?atchFileId=FILE_00146754mpTeBxa&fileSn=0,932
369,127456,2,260703 (16시) 자진 신고·철거 기간 끝 하천·계곡 불법시설 정비 본격화(재난대응총괄과).pdf,,,deferred,,https://www.mois.go.kr/cmm/fms/FileDown.do?atchFileId=FILE_00146754mpTeBxa&fileSn=1,
370,127506,1,260703 (14시) 윤호중 장관 민선 9기 지방정부와 여름철 재난·안전대책 종합 점검(자연재난대응과).hwpx,hwpx,99386,extracted,,https://www.mois.go.kr/cmm/fms/FileDown.do?atchFileId=FILE_001467406Fo3MbD&fileSn=0,1938
370,127506,2,260703 (14시) 윤호중 장관 민선 9기 지방정부와 여름철 재난·안전대책 종합 점검(자연재난대응과).pdf,,,deferred,,https://www.mois.go.kr/cmm/fms/FileDown.do?atchFileId=FILE_001467406Fo3MbD&fileSn=1,
371,127460,1,260703 (조간) 공무원이 직접 만드는 AI 행정혁신 AI 정부 실험실에서 시작된다(인공지능정부정책과).hwpx,hwpx,255032,extracted,,https://www.mois.go.kr/cmm/fms/FileDown.do?atchFileId=FILE_00146758-dKX0Mv&fileSn=0,2821
371,127460,2,260703 (조간) 공무원이 직접 만드는 AI 행정혁신 AI 정부 실험실에서 시작된다(인공지능정부정책과).pdf,,,deferred,,https://www.mois.go.kr/cmm/fms/FileDown.do?atchFileId=FILE_00146758-dKX0Mv&fileSn=1,
372,127458,1,260703 (조간) 우리나라 대표 섬 제주도에서 2027년 제8회 섬의 날 기념행사 열린다(균형발전진흥과).hwpx,hwpx,275789,extracted,,https://www.mois.go.kr/cmm/fms/FileDown.do?atchFileId=FILE_00146756InY7k2L&fileSn=0,2021
372,127458,2,260703 (조간) 우리나라 대표 섬 제주도에서 2027년 제8회 섬의 날 기념행사 열린다(균형발전진흥과).pdf,,,deferred,,https://www.mois.go.kr/cmm/fms/FileDown.do?atchFileId=FILE_00146756InY7k2L&fileSn=1,
373,127457,1,260703 (조간) 단체장 바뀌어도 행정 공백 없습니다 전국 121개 지역 인수위 설치(자치행정과).hwpx,hwpx,287497,extracted,,https://www.mois.go.kr/cmm/fms/FileDown.do?atchFileId=FILE_00146755Qn0PgfF&fileSn=0,3593
373,127457,2,260703 (조간) 단체장 바뀌어도 행정 공백 없습니다 전국 121개 지역 인수위 설치(자치행정과).pdf,,,deferred,,https://www.mois.go.kr/cmm/fms/FileDown.do?atchFileId=FILE_00146755Qn0PgfF&fileSn=1,
374,127522,1,260702 (석간) 행안부 풀뿌리 민주주의 확산 본격 시동 전국 주민자치회 담당 공무원 워크숍 개최(주민자치혁신과)(최종).hwpx,hwpx,206324,extracted,,https://www.mois.go.kr/cmm/fms/FileDown.do?atchFileId=FILE_00146846dqevVAo&fileSn=0,1423
374,127522,2,260702 (석간) 행안부 풀뿌리 민주주의 확산 본격 시동 전국 주민자치회 담당 공무원 워크숍 개최(주민자치혁신과)(최종).pdf,,,deferred,,https://www.mois.go.kr/cmm/fms/FileDown.do?atchFileId=FILE_00146846dqevVAo&fileSn=1,
376,127455,1,260701 (즉시) 지방세 신고·납부 기한 추가 연장 안내(지방세입정보과).hwpx,hwpx,226769,extracted,,https://www.mois.go.kr/cmm/fms/FileDown.do?atchFileId=FILE_00146753VkXdiVW&fileSn=0,781
376,127455,2,260701 (즉시) 지방세 신고·납부 기한 추가 연장 안내(지방세입정보과).pdf,,,deferred,,https://www.mois.go.kr/cmm/fms/FileDown.do?atchFileId=FILE_00146753VkXdiVW&fileSn=1,
377,127415,1,260702 (조간) 지방공공기관 비정규직 처우 개선 및 가정 친화적 근무 환경 마련(지방공공기관관리과).hwpx,hwpx,210444,extracted,,https://www.mois.go.kr/cmm/fms/FileDown.do?atchFileId=FILE_00146726yN_74qz&fileSn=0,1744
377,127415,2,260702 (조간) 지방공공기관 비정규직 처우 개선 및 가정 친화적 근무 환경 마련(지방공공기관관리과).pdf,,,deferred,,https://www.mois.go.kr/cmm/fms/FileDown.do?atchFileId=FILE_00146726yN_74qz&fileSn=1,
378,127414,1,260702 (조간) 수해·화재로 젖은 기록물 당황하지 말고 한 장으로 구하세요(국가기록원 복원관리과).hwpx,hwpx,2711496,extracted,,https://www.mois.go.kr/cmm/fms/FileDown.do?atchFileId=FILE_001467251f1nsFx&fileSn=0,2033
378,127414,2,260702 (조간) 수해·화재로 젖은 기록물 당황하지 말고 한 장으로 구하세요(국가기록원 복원관리과).pdf,,,deferred,,https://www.mois.go.kr/cmm/fms/FileDown.do?atchFileId=FILE_001467251f1nsFx&fileSn=1,
379,127413,1,260702 (조간) 2025년 국가안전관리집행계획 평가 국민안전 지킨 실질적 성과 확인(안전사업조정과).hwpx,hwpx,3360519,extracted,,https://www.mois.go.kr/cmm/fms/FileDown.do?atchFileId=FILE_00146724DB_DhWD&fileSn=0,2591
379,127413,2,260702 (조간) 2025년 국가안전관리집행계획 평가 국민안전 지킨 실질적 성과 확인(안전사업조정과).pdf,,,deferred,,https://www.mois.go.kr/cmm/fms/FileDown.do?atchFileId=FILE_00146724DB_DhWD&fileSn=1,
380,127412,1,260702 (조간) 2027년 재난안전예산 국민 생활안전과 현장 대응력 강화에 집중 투자(안전사업조정과).hwpx,hwpx,220745,extracted,,https://www.mois.go.kr/cmm/fms/FileDown.do?atchFileId=FILE_00146723B2adtrI&fileSn=0,2305
380,127412,2,260702 (조간) 2027년 재난안전예산 국민 생활안전과 현장 대응력 강화에 집중 투자(안전사업조정과).pdf,,,deferred,,https://www.mois.go.kr/cmm/fms/FileDown.do?atchFileId=FILE_00146723B2adtrI&fileSn=1,
381,127433,1,260701 (즉시) 지방세 서비스 일시 중단 및 민원 처리 안내(지방세입정보과).hwpx,hwpx,212769,extracted,,https://www.mois.go.kr/cmm/fms/FileDown.do?atchFileId=FILE_00146751wx47C6Z&fileSn=0,707
381,127433,2,260701 (즉시) 지방세 서비스 일시 중단 및 민원 처리 안내(지방세입정보과).pdf,,,deferred,,https://www.mois.go.kr/cmm/fms/FileDown.do?atchFileId=FILE_00146751wx47C6Z&fileSn=1,
382,127358,1,260701 (14시) “말로 하는 민원서류 발급” 올 연말도입 2천만명이 써본 AI정부24 더 편해집니다(통합포털정책과)(최종).hwpx,hwpx,187382,extracted,,https://www.mois.go.kr/cmm/fms/FileDown.do?atchFileId=FILE_00146712qWnqEba&fileSn=0,3246
382,127358,2,260701 (14시) “말로 하는 민원서류 발급” 올 연말도입 2천만명이 써본 AI정부24 더 편해집니다(통합포털정책과)(최종).pdf,,,deferred,,https://www.mois.go.kr/cmm/fms/FileDown.do?atchFileId=FILE_00146712qWnqEba&fileSn=1,
383,127394,1,260630 (국무회의 종료시) 학생 안전을 최우선으로 학교 주변 급경사지 관리 강화한다(재난경감과).hwpx,hwpx,302004,extracted,,https://www.mois.go.kr/cmm/fms/FileDown.do?atchFileId=FILE_001467056Aa2Mvr&fileSn=0,847
383,127394,2,260630 (국무회의 종료시) 학생 안전을 최우선으로 학교 주변 급경사지 관리 강화한다(재난경감과).pdf,,,deferred,,https://www.mois.go.kr/cmm/fms/FileDown.do?atchFileId=FILE_001467056Aa2Mvr&fileSn=1,
384,127393,1,260630 (국무회의 종료시) 긴급한 재난 상황 대피 더 자세히 안내하고 빈틈없이 지원한다(재난대응총괄과).hwpx,hwpx,300969,extracted,,https://www.mois.go.kr/cmm/fms/FileDown.do?atchFileId=FILE_00146704PHLYkSO&fileSn=0,815
384,127393,2,260630 (국무회의 종료시) 긴급한 재난 상황 대피 더 자세히 안내하고 빈틈없이 지원한다(재난대응총괄과).pdf,,,deferred,,https://www.mois.go.kr/cmm/fms/FileDown.do?atchFileId=FILE_00146704PHLYkSO&fileSn=1,
385,127392,1,260630 (국무회의 종료시) 주한미군 반환공여구역 토지매입비 국비 지원 최대 95%까지 확대(균형발전진흥과).hwpx,hwpx,277759,extracted,,https://www.mois.go.kr/cmm/fms/FileDown.do?atchFileId=FILE_00146703iwYeWcS&fileSn=0,1390
385,127392,2,260630 (국무회의 종료시) 주한미군 반환공여구역 토지매입비 국비 지원 최대 95%까지 확대(균형발전진흥과).pdf,,,deferred,,https://www.mois.go.kr/cmm/fms/FileDown.do?atchFileId=FILE_00146703iwYeWcS&fileSn=1,
386,127390,1,260630 (국무회의 종료시) 국민의 일상을 돌보고 지역에 활력을 더하는 사회연대경제 관계부처 합동 「사회연대경제 발전 종합계획」 발표(사회연대경제제도과).hwpx,hwpx,9449898,extracted,,https://www.mois.go.kr/cmm/fms/FileDown.do?atchFileId=FILE_00146701OVWTeDS&fileSn=0,9610
386,127390,2,260630 (국무회의 종료시) 국민의 일상을 돌보고 지역에 활력을 더하는 사회연대경제 관계부처 합동 「사회연대경제 발전 종합계획」 발표(사회연대경제제도과).pdf,,,deferred,,https://www.mois.go.kr/cmm/fms/FileDown.do?atchFileId=FILE_00146701OVWTeDS&fileSn=1,
386,127390,3,[별첨] 사회연대경제 발전 종합계획.hwpx,hwpx,8901535,extracted,,https://www.mois.go.kr/cmm/fms/FileDown.do?atchFileId=FILE_00146701OVWTeDS&fileSn=2,45602
386,127390,4,[별첨] 사회연대경제 발전 종합계획.pdf,,,deferred,,https://www.mois.go.kr/cmm/fms/FileDown.do?atchFileId=FILE_00146701OVWTeDS&fileSn=3,
387,127359,1,260701 (조간) 행안부 부마항쟁 기념식 준비 관련 국가배상소송 항소 포기(사회통합지원과).hwpx,hwpx,115856,extracted,,https://www.mois.go.kr/cmm/fms/FileDown.do?atchFileId=FILE_00146659nfOIIgw&fileSn=0,1069
387,127359,2,260701 (조간) 행안부 부마항쟁 기념식 준비 관련 국가배상소송 항소 포기(사회통합지원과).pdf,,,deferred,,https://www.mois.go.kr/cmm/fms/FileDown.do?atchFileId=FILE_00146659nfOIIgw&fileSn=1,
388,127357,1,260701 (조간) 경제협력개발기구(OECD) 공공부문 신뢰도 조사 결과 대한민국 중앙정부 신뢰도 역대 최고 순위 달성(혁신기획과).hwpx,hwpx,494211,extracted,,https://www.mois.go.kr/cmm/fms/FileDown.do?atchFileId=FILE_00146657HTSJeBi&fileSn=0,2569
388,127357,2,260701 (조간) 경제협력개발기구(OECD) 공공부문 신뢰도 조사 결과 대한민국 중앙정부 신뢰도 역대 최고 순위 달성(혁신기획과).pdf,,,deferred,,https://www.mois.go.kr/cmm/fms/FileDown.do?atchFileId=FILE_00146657HTSJeBi&fileSn=1,
389,127345,1,260701 (조간) 낭만을 찾아 떠나는 섬 여행 전국 88개 찾아가고 싶은 섬 선정(균형발전진흥과).hwpx,hwpx,1793811,extracted,,https://www.mois.go.kr/cmm/fms/FileDown.do?atchFileId=FILE_00146656k0vIUFP&fileSn=0,2698
389,127345,2,260701 (조간) 낭만을 찾아 떠나는 섬 여행 전국 88개 찾아가고 싶은 섬 선정(균형발전진흥과).pdf,,,deferred,,https://www.mois.go.kr/cmm/fms/FileDown.do?atchFileId=FILE_00146656k0vIUFP&fileSn=1,
390,127341,1,260701 (조간) 경제협력개발기구(OECD) 공공부문 신뢰도 조사 결과 대한민국 중앙정부 신뢰도 역대 최고 순위 달성(혁신기획과).hwpx,hwpx,475350,extracted,,https://www.mois.go.kr/cmm/fms/FileDown.do?atchFileId=FILE_00146655ryoAjX7&fileSn=0,2655
390,127341,2,260701 (조간) 경제협력개발기구(OECD) 공공부문 신뢰도 조사 결과 대한민국 중앙정부 신뢰도 역대 최고 순위 달성(혁신기획과).pdf,,,deferred,,https://www.mois.go.kr/cmm/fms/FileDown.do?atchFileId=FILE_00146655ryoAjX7&fileSn=1,
391,127354,1,260629 (즉시) 전국 폭염 위기경보 주의 단계로 격상(기후재난관리과).hwpx,hwpx,676769,extracted,,https://www.mois.go.kr/cmm/fms/FileDown.do?atchFileId=FILE_00146671hsTuqit&fileSn=0,760
391,127354,2,260629 (즉시) 전국 폭염 위기경보 주의 단계로 격상(기후재난관리과).pdf,,,deferred,,https://www.mois.go.kr/cmm/fms/FileDown.do?atchFileId=FILE_00146671hsTuqit&fileSn=1,
392,127338,1,260629 (16시) 본격적인 장마철 전 전국 빗물받이 정비 완료로 침수 대비에 만전(재난관리정책과).hwpx,hwpx,282859,extracted,,https://www.mois.go.kr/cmm/fms/FileDown.do?atchFileId=FILE_00146550vjJEPXo&fileSn=0,2804
392,127338,2,260629 (16시) 본격적인 장마철 전 전국 빗물받이 정비 완료로 침수 대비에 만전(재난관리정책과).pdf,,,deferred,,https://www.mois.go.kr/cmm/fms/FileDown.do?atchFileId=FILE_00146550vjJEPXo&fileSn=1,
393,127268,1,260630 (16시) 데이터로 만든 성과 사회와 함께 나눈다 데이터 이익공유제 논의 첫발(공공데이터정책과).hwpx,hwpx,279517,extracted,,https://www.mois.go.kr/cmm/fms/FileDown.do?atchFileId=FILE_00146572v14MWcR&fileSn=0,1651
393,127268,2,260630 (16시) 데이터로 만든 성과 사회와 함께 나눈다 데이터 이익공유제 논의 첫발(공공데이터정책과).pdf,,,deferred,,https://www.mois.go.kr/cmm/fms/FileDown.do?atchFileId=FILE_00146572v14MWcR&fileSn=1,
394,127328,1,260630 (15시) 행안부 차관 경남 창원창녕 찾아 지역 자원을 활용한 균형성장 방안 모색(자치행정과)(최종).hwpx,hwpx,158097,extracted,,https://www.mois.go.kr/cmm/fms/FileDown.do?atchFileId=FILE_00146638Rj9zCFg&fileSn=0,1866
394,127328,2,260630 (15시) 행안부 차관 경남 창원창녕 찾아 지역 자원을 활용한 균형성장 방안 모색(자치행정과)(최종).pdf,,,deferred,,https://www.mois.go.kr/cmm/fms/FileDown.do?atchFileId=FILE_00146638Rj9zCFg&fileSn=1,
395,127299,1,이미지 파일(역대 대통령기록물 원문 공개 보도자료 관련).zip,,,skipped,텍스트 추출 대상 형식 아님,https://www.mois.go.kr/cmm/fms/FileDown.do?atchFileId=FILE_00146608tQjPdjv&fileSn=2,
395,127299,2,260630 (조간) 주5일제 논의부터 남북정상회담 기록물까지 역대 대통령기록물 원문 3만 1천 건 공개(대통령기록관 기록서비스과).hwpx,hwpx,2669723,extracted,,https://www.mois.go.kr/cmm/fms/FileDown.do?atchFileId=FILE_00146608tQjPdjv&fileSn=3,4513
395,127299,3,260630 (조간) 주5일제 논의부터 남북정상회담 기록물까지 역대 대통령기록물 원문 3만 1천 건 공개(대통령기록관 기록서비스과).pdf,,,deferred,,https://www.mois.go.kr/cmm/fms/FileDown.do?atchFileId=FILE_00146608tQjPdjv&fileSn=4,
396,127298,1,260630 (조간) 본격적인 우기 전 가정과 일터 안전은 풍수해지진보험으로 든든히 대비하세요(재난보험과).hwpx,hwpx,2722717,extracted,,https://www.mois.go.kr/cmm/fms/FileDown.do?atchFileId=FILE_00146568ERNrFsw&fileSn=0,2377
396,127298,2,260630 (조간) 본격적인 우기 전 가정과 일터 안전은 풍수해지진보험으로 든든히 대비하세요(재난보험과).pdf,,,deferred,,https://www.mois.go.kr/cmm/fms/FileDown.do?atchFileId=FILE_00146568ERNrFsw&fileSn=1,
397,127270,1,260630 (조간) 시대를 밝히는 기록의 힘을 느끼다 제19회 기록사랑 공모전 우수작 발표(국가기록원 서비스정책과).hwpx,hwpx,341910,extracted,,https://www.mois.go.kr/cmm/fms/FileDown.do?atchFileId=FILE_00146591pizfkHm&fileSn=0,3108
397,127270,2,260630 (조간) 시대를 밝히는 기록의 힘을 느끼다 제19회 기록사랑 공모전 우수작 발표(국가기록원 서비스정책과).pdf,,,deferred,,https://www.mois.go.kr/cmm/fms/FileDown.do?atchFileId=FILE_00146591pizfkHm&fileSn=1,
398,127269,1,260630 (조간) 국가정보자원관리원 입주기관 협의회 개최(기획전략과).hwpx,hwpx,179957,extracted,,https://www.mois.go.kr/cmm/fms/FileDown.do?atchFileId=FILE_00146573yM9gDmJ&fileSn=0,2191
398,127269,2,260630 (조간) 국가정보자원관리원 입주기관 협의회 개최(기획전략과).pdf,,,deferred,,https://www.mois.go.kr/cmm/fms/FileDown.do?atchFileId=FILE_00146573yM9gDmJ&fileSn=1,
399,127297,1,260629 (조간) 고유가 피해지원금 7월 3일 18시까지 꼭 신청하세요(재정정책과).hwpx,hwpx,1171282,extracted,,https://www.mois.go.kr/cmm/fms/FileDown.do?atchFileId=FILE_00146567C_tw4ta&fileSn=0,2880
399,127297,2,260629 (조간) 고유가 피해지원금 7월 3일 18시까지 꼭 신청하세요(재정정책과).pdf,,,deferred,,https://www.mois.go.kr/cmm/fms/FileDown.do?atchFileId=FILE_00146567C_tw4ta&fileSn=1,
400,127267,1,260629 (조간) 여름철 호우피해 이재민 불편 최소화 맞춤형 구호서비스 본격 가동(재난구호과).hwpx,hwpx,102262,extracted,,https://www.mois.go.kr/cmm/fms/FileDown.do?atchFileId=FILE_00146508xWPdCM8&fileSn=0,1267
400,127267,2,260629 (조간) 여름철 호우피해 이재민 불편 최소화 맞춤형 구호서비스 본격 가동(재난구호과).pdf,,,deferred,,https://www.mois.go.kr/cmm/fms/FileDown.do?atchFileId=FILE_00146508xWPdCM8&fileSn=1,
401,127266,1,260629 (조간) 청년이 지역 안전 지킨다 청년자율방재단 전국 11개 시도로 확대(재난대응총괄과)(최종).hwpx,hwpx,277152,extracted,,https://www.mois.go.kr/cmm/fms/FileDown.do?atchFileId=FILE_00146569l7jFl6t&fileSn=0,1629
401,127266,2,260629 (조간) 청년이 지역 안전 지킨다 청년자율방재단 전국 11개 시도로 확대(재난대응총괄과)(최종).pdf,,,deferred,,https://www.mois.go.kr/cmm/fms/FileDown.do?atchFileId=FILE_00146569l7jFl6t&fileSn=1,
402,127265,1,260629 (조간) 우리 동네 CCTV 이제 AI로 더 똑똑해 진다(재난안전데이터과).hwpx,hwpx,271709,extracted,,https://www.mois.go.kr/cmm/fms/FileDown.do?atchFileId=FILE_00146571P3qAMn_&fileSn=0,1029
402,127265,2,260629 (조간) 우리 동네 CCTV 이제 AI로 더 똑똑해 진다(재난안전데이터과).pdf,,,deferred,,https://www.mois.go.kr/cmm/fms/FileDown.do?atchFileId=FILE_00146571P3qAMn_&fileSn=1,
403,127302,1,260629 (14시) 행안부 장관 여름철 수상 안전관리 실태 불시 점검 및 안전감찰 긴급 지시.hwpx,hwpx,282740,extracted,,https://www.mois.go.kr/cmm/fms/FileDown.do?atchFileId=FILE_00146570NxhFmEn&fileSn=0,1149
403,127302,2,260629 (14시) 행안부 장관 여름철 수상 안전관리 실태 불시 점검 및 안전감찰 긴급 지시.pdf,,,deferred,,https://www.mois.go.kr/cmm/fms/FileDown.do?atchFileId=FILE_00146570NxhFmEn&fileSn=1,
404,127290,1,260626 (즉시) 베네수엘라 강진 계기 국내 지진 대응체계 점검(지진방재관리과).hwpx,hwpx,896904,extracted,,https://www.mois.go.kr/cmm/fms/FileDown.do?atchFileId=FILE_001466076PDlU_M&fileSn=0,1296
404,127290,2,260626 (즉시) 베네수엘라 강진 계기 국내 지진 대응체계 점검(지진방재관리과).pdf,,,deferred,,https://www.mois.go.kr/cmm/fms/FileDown.do?atchFileId=FILE_001466076PDlU_M&fileSn=1,
405,127250,1,260627 (18시) 윤호중 장관 여수세계섬박람회 준비 현장 점검(균형발전진흥과).hwpx,hwpx,278752,extracted,,https://www.mois.go.kr/cmm/fms/FileDown.do?atchFileId=FILE_001464945I1KUzL&fileSn=0,1722
405,127250,2,260627 (18시) 윤호중 장관 여수세계섬박람회 준비 현장 점검(균형발전진흥과).pdf,,,deferred,,https://www.mois.go.kr/cmm/fms/FileDown.do?atchFileId=FILE_001464945I1KUzL&fileSn=1,
406,127249,1,260627 (16시) 윤호중 장관 전남광주통합특별시 출범 준비 현장 점검(범정부지방행정체제개편지원단).hwpx,hwpx,149604,extracted,,https://www.mois.go.kr/cmm/fms/FileDown.do?atchFileId=FILE_0014649391M876W&fileSn=0,1059
406,127249,2,260627 (16시) 윤호중 장관 전남광주통합특별시 출범 준비 현장 점검(범정부지방행정체제개편지원단).pdf,,,deferred,,https://www.mois.go.kr/cmm/fms/FileDown.do?atchFileId=FILE_0014649391M876W&fileSn=1,
407,127248,1,260627 (조간) 제5회 중앙지방정책협의회 개최 통합특별시 출범 및 여름철 재난·민생대책 등 논의(자치행정과).hwpx,hwpx,286543,extracted,,https://www.mois.go.kr/cmm/fms/FileDown.do?atchFileId=FILE_00146492QkU3Yb_&fileSn=0,1677
407,127248,2,260627 (조간) 제5회 중앙지방정책협의회 개최 통합특별시 출범 및 여름철 재난·민생대책 등 논의(자치행정과).pdf,,,deferred,,https://www.mois.go.kr/cmm/fms/FileDown.do?atchFileId=FILE_00146492QkU3Yb_&fileSn=1,
408,127263,1,260626 (11시) 1029 이태원참사 희생자 추가 인정 결정(1029이태원참사피해구제추모지원단).hwpx,hwpx,195756,extracted,,https://www.mois.go.kr/cmm/fms/FileDown.do?atchFileId=FILE_00146559BkYnSf9&fileSn=0,633
408,127263,2,260626 (11시) 1029 이태원참사 희생자 추가 인정 결정(1029이태원참사피해구제추모지원단).pdf,,,deferred,,https://www.mois.go.kr/cmm/fms/FileDown.do?atchFileId=FILE_00146559BkYnSf9&fileSn=1,
409,127208,1,260626 (17시) 건설 현장의 산업재해 경감 현장의 생생한 목소리에서 답을 찾다(예방안전제도과).hwpx,hwpx,277185,extracted,,https://www.mois.go.kr/cmm/fms/FileDown.do?atchFileId=FILE_00146514r8gnqFc&fileSn=0,1064
409,127208,2,260626 (17시) 건설 현장의 산업재해 경감 현장의 생생한 목소리에서 답을 찾다(예방안전제도과).pdf,,,deferred,,https://www.mois.go.kr/cmm/fms/FileDown.do?atchFileId=FILE_00146514r8gnqFc&fileSn=1,
410,127207,1,260626 (17시) AI로 찾고 즉시 차단한다...정부 딥페이크 성범죄 영상물 공동 대응(공공데이터분석관리과).hwpx,hwpx,229466,extracted,,https://www.mois.go.kr/cmm/fms/FileDown.do?atchFileId=FILE_00146513unbKkvA&fileSn=0,2179
410,127207,2,260626 (17시) AI로 찾고 즉시 차단한다...정부 딥페이크 성범죄 영상물 공동 대응(공공데이터분석관리과).pdf,,,deferred,,https://www.mois.go.kr/cmm/fms/FileDown.do?atchFileId=FILE_00146513unbKkvA&fileSn=1,
411,127206,1,260626 (조간) 여름철 빗길 교통사고에 조심하세요(예방안전제도과).hwpx,hwpx,856897,extracted,,https://www.mois.go.kr/cmm/fms/FileDown.do?atchFileId=FILE_001465121ZhDF9D&fileSn=0,1490
411,127206,2,260626 (조간) 여름철 빗길 교통사고에 조심하세요(예방안전제도과).pdf,,,deferred,,https://www.mois.go.kr/cmm/fms/FileDown.do?atchFileId=FILE_001465121ZhDF9D&fileSn=1,
412,127229,1,260625 (즉시) 행정안전부 장관 부산 기장군 어선 전복사고 관련 긴급지시(농축산해양재난대응과).hwpx,hwpx,271226,extracted,,https://www.mois.go.kr/cmm/fms/FileDown.do?atchFileId=FILE_00146399ZDM1Wpf&fileSn=0,463
412,127229,2,260625 (즉시) 행정안전부 장관 부산 기장군 어선 전복사고 관련 긴급지시(농축산해양재난대응과).pdf,,,deferred,,https://www.mois.go.kr/cmm/fms/FileDown.do?atchFileId=FILE_00146399ZDM1Wpf&fileSn=1,
413,127198,1,260625 (17시) 디지털 정부를 넘어 AI 민주정부로! AI 민주정부 실현 전략 발표(인공지능정부정책과).hwpx,hwpx,252177,extracted,,https://www.mois.go.kr/cmm/fms/FileDown.do?atchFileId=FILE_00146338xM90wDL&fileSn=0,1866
413,127198,2,260625 (17시) 디지털 정부를 넘어 AI 민주정부로! AI 민주정부 실현 전략 발표(인공지능정부정책과).pdf,,,deferred,,https://www.mois.go.kr/cmm/fms/FileDown.do?atchFileId=FILE_00146338xM90wDL&fileSn=1,
414,127199,1,260624 (14시) 중대범죄수사청 본청 서울청 입지 선정(중대범죄수사청개청준비단).hwpx,hwpx,116554,extracted,,https://www.mois.go.kr/cmm/fms/FileDown.do?atchFileId=FILE_001463392iAWdbR&fileSn=0,453
414,127199,2,260624 (14시) 중대범죄수사청 본청 서울청 입지 선정(중대범죄수사청개청준비단).pdf,,,deferred,,https://www.mois.go.kr/cmm/fms/FileDown.do?atchFileId=FILE_001463392iAWdbR&fileSn=1,
415,127195,1,260625 (조간) 참여가 예산으로 변화가 일상으로 주민참여예산제도 우수사례 총집합(재정협력과).hwpx,hwpx,200911,extracted,,https://www.mois.go.kr/cmm/fms/FileDown.do?atchFileId=FILE_00146418GLIOPAq&fileSn=0,8215
415,127195,2,260625 (조간) 참여가 예산으로 변화가 일상으로 주민참여예산제도 우수사례 총집합(재정협력과).pdf,,,deferred,,https://www.mois.go.kr/cmm/fms/FileDown.do?atchFileId=FILE_00146418GLIOPAq&fileSn=1,
416,127142,1,260625 (조간) 국민 안전 지키는 우수하고 혁신적인 재난안전제품을 찾습니다!(재난안전산업과).hwpx,hwpx,312479,extracted,,https://www.mois.go.kr/cmm/fms/FileDown.do?atchFileId=FILE_00146369Fk05aTp&fileSn=0,1626
416,127142,2,260625 (조간) 국민 안전 지키는 우수하고 혁신적인 재난안전제품을 찾습니다!(재난안전산업과).pdf,,,deferred,,https://www.mois.go.kr/cmm/fms/FileDown.do?atchFileId=FILE_00146369Fk05aTp&fileSn=1,
417,127141,1,260625 (조간) 더 빨리 찾아온 찜통더위 공공서비스로 대비해 안전한 여름 나세요(혁신기획과).hwpx,hwpx,187484,extracted,,https://www.mois.go.kr/cmm/fms/FileDown.do?atchFileId=FILE_00146368D8bv4Q8&fileSn=0,2456
417,127141,2,260625 (조간) 더 빨리 찾아온 찜통더위 공공서비스로 대비해 안전한 여름 나세요(혁신기획과).pdf,,,deferred,,https://www.mois.go.kr/cmm/fms/FileDown.do?atchFileId=FILE_00146368D8bv4Q8&fileSn=1,
418,127176,1,260624 (11시) 우즈베키스탄과 공공행정 협력의 새로운 장을 열다(한류담당관실).hwpx,hwpx,161828,extracted,,https://www.mois.go.kr/cmm/fms/FileDown.do?atchFileId=FILE_00146416Z4_0GxZ&fileSn=0,2289
418,127176,2,260624 (11시) 우즈베키스탄과 공공행정 협력의 새로운 장을 열다(한류담당관실).pdf,,,deferred,,https://www.mois.go.kr/cmm/fms/FileDown.do?atchFileId=FILE_00146416Z4_0GxZ&fileSn=1,
419,127100,1,260624 (17시) 공공 AI가 여는 산업의 미래 세계를 선도하는 AI 민주정부 구현(인공지능정부정책과)(최종).hwpx,hwpx,228275,extracted,,https://www.mois.go.kr/cmm/fms/FileDown.do?atchFileId=FILE_00146361JezPJaa&fileSn=0,2158
419,127100,2,260624 (17시) 공공 AI가 여는 산업의 미래 세계를 선도하는 AI 민주정부 구현(인공지능정부정책과)(최종).pdf,,,deferred,,https://www.mois.go.kr/cmm/fms/FileDown.do?atchFileId=FILE_00146361JezPJaa&fileSn=1,
420,127114,1,260624 (15시) 다중운집인파 안전관리 사각지대 관계기관이 함께 해소 방안 찾는다(사회재난대응총괄과).hwpx,hwpx,276915,extracted,,https://www.mois.go.kr/cmm/fms/FileDown.do?atchFileId=FILE_00146365tDeTqsg&fileSn=0,1090
420,127114,2,260624 (15시) 다중운집인파 안전관리 사각지대 관계기관이 함께 해소 방안 찾는다(사회재난대응총괄과).pdf,,,deferred,,https://www.mois.go.kr/cmm/fms/FileDown.do?atchFileId=FILE_00146365tDeTqsg&fileSn=1,
421,127138,1,260623 (국무회의 종료시) 핵심 사업 이끌면 고속 승진 중앙-지방-기업 인사교류파격 인센티브(지방인사제도과)(최종).hwpx,hwpx,178014,extracted,,https://www.mois.go.kr/cmm/fms/FileDown.do?atchFileId=FILE_00146367JaHovZ4&fileSn=0,2684
421,127138,2,260623 (국무회의 종료시) 핵심 사업 이끌면 고속 승진 중앙-지방-기업 인사교류파격 인센티브(지방인사제도과)(최종).pdf,,,deferred,,https://www.mois.go.kr/cmm/fms/FileDown.do?atchFileId=FILE_00146367JaHovZ4&fileSn=1,
422,127113,1,260624 (조간) “지역을 바꾸고 가치를 만드는 경험” 사회연대경제 청년 일경험 사업이 본격적으로 시작됩니다(사회연대경제지원과).hwpx,hwpx,2085087,extracted,,https://www.mois.go.kr/cmm/fms/FileDown.do?atchFileId=FILE_00146364YRh-wtd&fileSn=0,2904
422,127113,2,260624 (조간) “지역을 바꾸고 가치를 만드는 경험” 사회연대경제 청년 일경험 사업이 본격적으로 시작됩니다(사회연대경제지원과).pdf,,,deferred,,https://www.mois.go.kr/cmm/fms/FileDown.do?atchFileId=FILE_00146364YRh-wtd&fileSn=1,
423,127112,1,260624 (조간) 고향사랑기부제 현장점검 답례품 품질·기부자 만족도 철저히 관리한다(균형발전진흥과).hwpx,hwpx,148352,extracted,,https://www.mois.go.kr/cmm/fms/FileDown.do?atchFileId=FILE_00146383tCVdmJ1&fileSn=0,1334
423,127112,2,260624 (조간) 고향사랑기부제 현장점검 답례품 품질·기부자 만족도 철저히 관리한다(균형발전진흥과).pdf,,,deferred,,https://www.mois.go.kr/cmm/fms/FileDown.do?atchFileId=FILE_00146383tCVdmJ1&fileSn=1,
424,127101,1,260624 (조간) 아시아-태평양 경제협력체(APEC) 재난 공동대응 위해 한자리에 모인다(재난관리정책과)(최종).hwpx,hwpx,654629,extracted,,https://www.mois.go.kr/cmm/fms/FileDown.do?atchFileId=FILE_00146362KqX5wjx&fileSn=0,2260
424,127101,2,260624 (조간) 아시아-태평양 경제협력체(APEC) 재난 공동대응 위해 한자리에 모인다(재난관리정책과)(최종).pdf,,,deferred,,https://www.mois.go.kr/cmm/fms/FileDown.do?atchFileId=FILE_00146362KqX5wjx&fileSn=1,
425,127121,1,260623 (11시) 서소문 고가차도 붕괴사고 계기 노후 교량 정부 합동 안전점검(예방안전제도과).hwpx,hwpx,273720,extracted,,https://www.mois.go.kr/cmm/fms/FileDown.do?atchFileId=FILE_00146377w0ykYOA&fileSn=0,896
425,127121,2,260623 (11시) 서소문 고가차도 붕괴사고 계기 노후 교량 정부 합동 안전점검(예방안전제도과).pdf,,,deferred,,https://www.mois.go.kr/cmm/fms/FileDown.do?atchFileId=FILE_00146377w0ykYOA&fileSn=1,
426,127099,1,260623 (10시30분) 안전하고 깨끗한 하천·계곡 만들기 민간 전문가도 함께 힘 보탠다(재난자원관리과).hwpx,hwpx,301736,extracted,,https://www.mois.go.kr/cmm/fms/FileDown.do?atchFileId=FILE_00146290BRIo6_-&fileSn=0,889
426,127099,2,260623 (10시30분) 안전하고 깨끗한 하천·계곡 만들기 민간 전문가도 함께 힘 보탠다(재난자원관리과).pdf,,,deferred,,https://www.mois.go.kr/cmm/fms/FileDown.do?atchFileId=FILE_00146290BRIo6_-&fileSn=1,
427,127062,1,260623 (조간) 올여름 더 깨끗한 자연환경을 국민 품으로 하천계곡 불법시설 조사정비 현황 점검(하천계곡불법시설정비지원단).hwpx,hwpx,277643,extracted,,https://www.mois.go.kr/cmm/fms/FileDown.do?atchFileId=FILE_00146311aTcUyxi&fileSn=0,1416
427,127062,2,260623 (조간) 올여름 더 깨끗한 자연환경을 국민 품으로 하천계곡 불법시설 조사정비 현황 점검(하천계곡불법시설정비지원단).pdf,,,deferred,,https://www.mois.go.kr/cmm/fms/FileDown.do?atchFileId=FILE_00146311aTcUyxi&fileSn=1,
428,127045,1,260623 (조간) 임산부 지원 편리하게 받는다 「맘편한임신」 서비스 대리신청 가능(행정정보공유과)(최종).hwpx,hwpx,679025,extracted,,https://www.mois.go.kr/cmm/fms/FileDown.do?atchFileId=FILE_00146639ZiSr6hY&fileSn=0,3397
428,127045,2,260623 (조간) 임산부 지원 편리하게 받는다 「맘편한임신」 서비스 대리신청 가능(행정정보공유과)(최종).pdf,,,deferred,,https://www.mois.go.kr/cmm/fms/FileDown.do?atchFileId=FILE_00146639ZiSr6hY&fileSn=1,
429,127060,1,260622 행안부 장관 대통령 인도 순방 성과 가시화(국제협력담당관).hwpx,hwpx,161259,extracted,,https://www.mois.go.kr/cmm/fms/FileDown.do?atchFileId=FILE_00146269WD1QPEF&fileSn=0,2475
429,127060,2,260622 행안부 장관 대통령 인도 순방 성과 가시화(국제협력담당관).pdf,,,deferred,,https://www.mois.go.kr/cmm/fms/FileDown.do?atchFileId=FILE_00146269WD1QPEF&fileSn=1,
430,127037,1,260622 (조간) 중수청법 시행령 제정안 입법예고(중대범죄수사청설립지원단).hwpx,hwpx,152002,extracted,,https://www.mois.go.kr/cmm/fms/FileDown.do?atchFileId=FILE_00146259gqGVkdz&fileSn=0,1645
430,127037,2,260622 (조간) 중수청법 시행령 제정안 입법예고(중대범죄수사청설립지원단).pdf,,,deferred,,https://www.mois.go.kr/cmm/fms/FileDown.do?atchFileId=FILE_00146259gqGVkdz&fileSn=1,
431,127036,1,260622 (조간) 여름철 호우 대비 재해복구사업 막바지 점검 총력(복구지원과).hwpx,hwpx,298490,extracted,,https://www.mois.go.kr/cmm/fms/FileDown.do?atchFileId=FILE_00146258nIin8XH&fileSn=0,1068
431,127036,2,260622 (조간) 여름철 호우 대비 재해복구사업 막바지 점검 총력(복구지원과).pdf,,,deferred,,https://www.mois.go.kr/cmm/fms/FileDown.do?atchFileId=FILE_00146258nIin8XH&fileSn=1,
432,127035,1,260622 (조간) 어린이 스스로 지키GO! 배우GO! 안전하GO! 2026 어린이안전박람회 개최(안전문화교육과).pdf,pdf,634150,extracted,,https://www.mois.go.kr/cmm/fms/FileDown.do?atchFileId=FILE_001462576Du_WH7&fileSn=0,1952
432,127035,2,260622 (조간) 어린이 스스로 지키GO! 배우GO! 안전하GO! 2026 어린이안전박람회 개최(안전문화교육과).pdf,,,deferred,,https://www.mois.go.kr/cmm/fms/FileDown.do?atchFileId=FILE_001462576Du_WH7&fileSn=1,
433,127034,1,260622 (조간) 역사 배우고 자연을 걷고 기록문화 나들이로 특별한 여름방학(대통령기록관 기록서비스과).hwpx,hwpx,228016,extracted,,https://www.mois.go.kr/cmm/fms/FileDown.do?atchFileId=FILE_00146256_Ym99Uy&fileSn=0,1385
433,127034,2,260622 (조간) 역사 배우고 자연을 걷고 기록문화 나들이로 특별한 여름방학(대통령기록관 기록서비스과).pdf,,,deferred,,https://www.mois.go.kr/cmm/fms/FileDown.do?atchFileId=FILE_00146256_Ym99Uy&fileSn=1,
434,127032,1,260622 (조간) 지역의 문제 민관공산학이 함께 해결한다 지역 주도 민관협력체계 사업 출범(사회연대경제지원과).hwpx,hwpx,157564,extracted,,https://www.mois.go.kr/cmm/fms/FileDown.do?atchFileId=FILE_00146255iELy97d&fileSn=0,1878
434,127032,2,260622 (조간) 지역의 문제 민관공산학이 함께 해결한다 지역 주도 민관협력체계 사업 출범(사회연대경제지원과).pdf,,,deferred,,https://www.mois.go.kr/cmm/fms/FileDown.do?atchFileId=FILE_00146255iELy97d&fileSn=1,
435,127031,1,260619 (16시) 여름철 더위 피하기 위한 물놀이 지정된 구역에서 구명조끼 꼭 착용해 주세요(재난안전점검과).hwpx,hwpx,400178,extracted,,https://www.mois.go.kr/cmm/fms/FileDown.do?atchFileId=FILE_001462542zkDt6k&fileSn=0,900
435,127031,2,260619 (16시) 여름철 더위 피하기 위한 물놀이 지정된 구역에서 구명조끼 꼭 착용해 주세요(재난안전점검과).pdf,,,deferred,,https://www.mois.go.kr/cmm/fms/FileDown.do?atchFileId=FILE_001462542zkDt6k&fileSn=1,
436,126995,1,260619 (10시30분) 6.19~20일 호우 대비 관계기관 대처 상황 긴급점검(자연재난대응과).hwpx,hwpx,9722737,extracted,,https://www.mois.go.kr/cmm/fms/FileDown.do?atchFileId=FILE_00146210znD1n2f&fileSn=0,1155
436,126995,2,260619 (10시30분) 6.19~20일 호우 대비 관계기관 대처 상황 긴급점검(자연재난대응과).pdf,,,deferred,,https://www.mois.go.kr/cmm/fms/FileDown.do?atchFileId=FILE_00146210znD1n2f&fileSn=1,
437,126996,1,260619 (석간) 브레이크 없는 픽시자전거는 이제 그만 픽시자전거 제동장치 제거 시 엄중 처벌(주소정보혁신과).hwp,hwp,162816,extracted,,https://www.mois.go.kr/cmm/fms/FileDown.do?atchFileId=FILE_00146251hj2BIVd&fileSn=0,1375
437,126996,2,260619 (석간) 브레이크 없는 픽시자전거는 이제 그만 픽시자전거 제동장치 제거 시 엄중 처벌(주소정보혁신과).pdf,,,deferred,,https://www.mois.go.kr/cmm/fms/FileDown.do?atchFileId=FILE_00146251hj2BIVd&fileSn=1,
438,126964,1,260619 (조간) 올해 첫 폭염특보 폭염 저감시설 및 취약계층 보호대책 점검(기후재난관리과).hwpx,hwpx,4283865,extracted,,https://www.mois.go.kr/cmm/fms/FileDown.do?atchFileId=FILE_00146202S_XTlaP&fileSn=0,829
438,126964,2,260619 (조간) 올해 첫 폭염특보 폭염 저감시설 및 취약계층 보호대책 점검(기후재난관리과).pdf,,,deferred,,https://www.mois.go.kr/cmm/fms/FileDown.do?atchFileId=FILE_00146202S_XTlaP&fileSn=1,
439,126963,1,260619 (조간) 국가정보자원관리원 재해복구시스템(DR) 구축 정보화전략계획 사업 착수(정보자원관리혁신과).hwpx,hwpx,163946,extracted,,https://www.mois.go.kr/cmm/fms/FileDown.do?atchFileId=FILE_00146225tUm5KDI&fileSn=0,4308
439,126963,2,260619 (조간) 국가정보자원관리원 재해복구시스템(DR) 구축 정보화전략계획 사업 착수(정보자원관리혁신과).pdf,,,deferred,,https://www.mois.go.kr/cmm/fms/FileDown.do?atchFileId=FILE_00146225tUm5KDI&fileSn=1,
440,126962,1,260618 (11시) 행정안전부 한국자유총연맹 자유센터 부지 개발 사업 관련 수사 의뢰(자치새마을협력과).hwpx,hwpx,335557,extracted,,https://www.mois.go.kr/cmm/fms/FileDown.do?atchFileId=FILE_00146224xbuvRPp&fileSn=0,1316
440,126962,2,260618 (11시) 행정안전부 한국자유총연맹 자유센터 부지 개발 사업 관련 수사 의뢰(자치새마을협력과).pdf,,,deferred,,https://www.mois.go.kr/cmm/fms/FileDown.do?atchFileId=FILE_00146224xbuvRPp&fileSn=1,
441,126928,1,260618 (조간) 인도-우즈베키스탄과 정부혁신 재난안전 분야 파트너십을 강화한다(국제협력담당관).hwpx,hwpx,314606,extracted,,https://www.mois.go.kr/cmm/fms/FileDown.do?atchFileId=FILE_00146109mAqs9H3&fileSn=0,2772
441,126928,2,260618 (조간) 인도-우즈베키스탄과 정부혁신 재난안전 분야 파트너십을 강화한다(국제협력담당관).hwpx,,,deferred,,https://www.mois.go.kr/cmm/fms/FileDown.do?atchFileId=FILE_00146109mAqs9H3&fileSn=1,
442,126923,1,260618 (조간) 한국의 행정 혁신·디지털전환 경험 전수 자치인재원 개발도상국 지방행정과정 운영(지방자치인재개발원 국제교육협력과)_최종.hwpx,hwpx,252638,extracted,,https://www.mois.go.kr/cmm/fms/FileDown.do?atchFileId=FILE_00146107LJi4Bl5&fileSn=0,1739
442,126923,2,260618 (조간) 한국의 행정 혁신·디지털전환 경험 전수 자치인재원 개발도상국 지방행정과정 운영(지방자치인재개발원 국제교육협력과)_최종.pdf,,,deferred,,https://www.mois.go.kr/cmm/fms/FileDown.do?atchFileId=FILE_00146107LJi4Bl5&fileSn=1,
443,126922,1,260618(조간) 착한가격에 가스 안전까지 더했다 주민이 더 안심하는 착한가격업소(지역경제과)(최종본).hwpx,hwpx,492349,extracted,,https://www.mois.go.kr/cmm/fms/FileDown.do?atchFileId=FILE_001461062pewwnq&fileSn=0,1737
443,126922,2,260618(조간) 착한가격에 가스 안전까지 더했다 주민이 더 안심하는 착한가격업소(지역경제과)(최종본).pdf,,,deferred,,https://www.mois.go.kr/cmm/fms/FileDown.do?atchFileId=FILE_001461062pewwnq&fileSn=1,
444,126921,1,260618 (조간) 2026년 지방공무원 9급 공채 등 필기시험 6월 20일(토) 전국 동시 실시(지방인사제도과)(최종).hwpx,hwpx,539601,extracted,,https://www.mois.go.kr/cmm/fms/FileDown.do?atchFileId=FILE_00146105YAvoWoc&fileSn=0,4354
444,126921,2,260618 (조간) 2026년 지방공무원 9급 공채 등 필기시험 6월 20일(토) 전국 동시 실시(지방인사제도과)(최종).pdf,,,deferred,,https://www.mois.go.kr/cmm/fms/FileDown.do?atchFileId=FILE_00146105YAvoWoc&fileSn=1,
445,126920,1,260618 (조간) 엑셀만 알던 공무원도 AI로 앱 만든다 공무원 AI 해커톤에 200팀 몰렸다(공공인공지능혁신과).hwpx,hwpx,2934394,extracted,,https://www.mois.go.kr/cmm/fms/FileDown.do?atchFileId=FILE_00146108xaLtZDm&fileSn=0,1712
445,126920,2,260618 (조간) 엑셀만 알던 공무원도 AI로 앱 만든다 공무원 AI 해커톤에 200팀 몰렸다(공공인공지능혁신과).pdf,,,deferred,,https://www.mois.go.kr/cmm/fms/FileDown.do?atchFileId=FILE_00146108xaLtZDm&fileSn=1,
446,126895,1,260617 (17시) 태양광 발전으로 마을 소득 올린다 햇빛소득마을 현장 점검(햇빛소득마을추진단 지원총괄과).hwpx,hwpx,617179,extracted,,https://www.mois.go.kr/cmm/fms/FileDown.do?atchFileId=FILE_00146171MSrcTAO&fileSn=0,1466
446,126895,2,260617 (17시) 태양광 발전으로 마을 소득 올린다 햇빛소득마을 현장 점검(햇빛소득마을추진단 지원총괄과).pdf,,,deferred,,https://www.mois.go.kr/cmm/fms/FileDown.do?atchFileId=FILE_00146171MSrcTAO&fileSn=1,
447,126896,1,260617 (16시) 예년보다 빨라진 무더위 수상 안전관리 대책 조기 가동(재난안전점검과).hwpx,hwpx,616044,extracted,,https://www.mois.go.kr/cmm/fms/FileDown.do?atchFileId=FILE_00146138HoTAuio&fileSn=0,2415
447,126896,2,260617 (16시) 예년보다 빨라진 무더위 수상 안전관리 대책 조기 가동(재난안전점검과).pdf,,,deferred,,https://www.mois.go.kr/cmm/fms/FileDown.do?atchFileId=FILE_00146138HoTAuio&fileSn=1,
448,126918,1,260616 (국무회의 종료시) 전남광주통합특별시 출범을 뒷받침할 시행령 종합 세트 국무회의 의결(자치분권지원과)(최종본).hwpx,hwpx,321635,extracted,,https://www.mois.go.kr/cmm/fms/FileDown.do?atchFileId=FILE_00146103bNYaaZ6&fileSn=0,2748
448,126918,2,260616 (국무회의 종료시) 전남광주통합특별시 출범을 뒷받침할 시행령 종합 세트 국무회의 의결(자치분권지원과)(최종본).pdf,,,deferred,,https://www.mois.go.kr/cmm/fms/FileDown.do?atchFileId=FILE_00146103bNYaaZ6&fileSn=1,
449,126894,1,260617 (조간) 어린이 재난안전교육 지역사회가 함께 나선다(국립재난안전연구원 지진방재센터).hwpx,hwpx,8134350,extracted,,https://www.mois.go.kr/cmm/fms/FileDown.do?atchFileId=FILE_00146170gkWbNeT&fileSn=0,911
449,126894,2,260617 (조간) 어린이 재난안전교육 지역사회가 함께 나선다(국립재난안전연구원 지진방재센터).pdf,,,deferred,,https://www.mois.go.kr/cmm/fms/FileDown.do?atchFileId=FILE_00146170gkWbNeT&fileSn=1,
450,126893,1,260617 (조간) 대통령기록관 세월호참사 비공개 기록물 3건 공개 결정(대통령기록관 기록서비스과).hwpx,hwpx,454633,extracted,,https://www.mois.go.kr/cmm/fms/FileDown.do?atchFileId=FILE_00146169qONSZLa&fileSn=0,1645
450,126893,2,260617 (조간) 대통령기록관 세월호참사 비공개 기록물 3건 공개 결정(대통령기록관 기록서비스과).pdf,,,deferred,,https://www.mois.go.kr/cmm/fms/FileDown.do?atchFileId=FILE_00146169qONSZLa&fileSn=1,
451,126892,1,260617 (조간) 1박 이상 섬 여행하면 최대 10만 원까지 지원(균형발전진흥과).hwp,hwp,621056,extracted,,https://www.mois.go.kr/cmm/fms/FileDown.do?atchFileId=FILE_001461681ktEA6N&fileSn=0,1662
451,126892,2,260617 (조간) 1박 이상 섬 여행하면 최대 10만 원까지 지원(균형발전진흥과).pdf,,,deferred,,https://www.mois.go.kr/cmm/fms/FileDown.do?atchFileId=FILE_001461681ktEA6N&fileSn=1,
452,126842,1,260616 (18시) 윤호중 장관 산림청 방문해 직원들에게 포상금과 커피차 전달(혁신기획과)(최종본).hwpx,hwpx,617602,extracted,,https://www.mois.go.kr/cmm/fms/FileDown.do?atchFileId=FILE_00146113nKY8Q79&fileSn=0,1544
452,126842,2,260616 (18시) 윤호중 장관 산림청 방문해 직원들에게 포상금과 커피차 전달(혁신기획과)(최종본).pdf,,,deferred,,https://www.mois.go.kr/cmm/fms/FileDown.do?atchFileId=FILE_00146113nKY8Q79&fileSn=1,
453,126846,1,260616 (조간) 주민 위한 책임 의정 펼친다 초선의원 찾아가는 직무 연수 운영(지방자치인재개발원 지방의정연수센터)(최종본).hwpx,hwpx,317460,extracted,,https://www.mois.go.kr/cmm/fms/FileDown.do?atchFileId=FILE_00146117FUkTm_v&fileSn=0,2439
453,126846,2,260616 (조간) 주민 위한 책임 의정 펼친다 초선의원 찾아가는 직무 연수 운영(지방자치인재개발원 지방의정연수센터)(최종본).pdf,,,deferred,,https://www.mois.go.kr/cmm/fms/FileDown.do?atchFileId=FILE_00146117FUkTm_v&fileSn=1,
454,126845,1,260616 (조간) 전남광주통합특별시 출범 시스템 통합 작업 필요한 민원서류는 미리 챙겨주세요 (범정부행정체제개편지원단 시스템통합지원과)(최종본).hwpx,hwpx,6648232,extracted,,https://www.mois.go.kr/cmm/fms/FileDown.do?atchFileId=FILE_00146125REM4WdF&fileSn=0,3381
454,126845,2,260616 (조간) 전남광주통합특별시 출범 시스템 통합 작업 필요한 민원서류는 미리 챙겨주세요 (범정부행정체제개편지원단 시스템통합지원과)(최종본).pdf,,,deferred,,https://www.mois.go.kr/cmm/fms/FileDown.do?atchFileId=FILE_00146125REM4WdF&fileSn=1,
455,126844,1,260616 (조간) 산불 피해 막은 현장의 숨은 유공자 정부가 찾아 대대적으로 포상한다(환경산림재난대응과)(최종본).hwpx,hwpx,289525,extracted,,https://www.mois.go.kr/cmm/fms/FileDown.do?atchFileId=FILE_00146115n_9E8pq&fileSn=0,1871
455,126844,2,260616 (조간) 산불 피해 막은 현장의 숨은 유공자 정부가 찾아 대대적으로 포상한다(환경산림재난대응과)(최종본).pdf,,,deferred,,https://www.mois.go.kr/cmm/fms/FileDown.do?atchFileId=FILE_00146115n_9E8pq&fileSn=1,
456,126843,1,260616 (조간) 자동차세 납기 놓치지 마세요 자동차세 납부 기한 7월 3일로 연장(지방세입정보과)(최종본).hwpx,hwpx,490494,extracted,,https://www.mois.go.kr/cmm/fms/FileDown.do?atchFileId=FILE_00146114SJn-7Fv&fileSn=0,1496
456,126843,2,260616 (조간) 자동차세 납기 놓치지 마세요 자동차세 납부 기한 7월 3일로 연장(지방세입정보과)(최종본).pdf,,,deferred,,https://www.mois.go.kr/cmm/fms/FileDown.do?atchFileId=FILE_00146114SJn-7Fv&fileSn=1,
457,126841,1,260615 (석간) 전남광주통합특별시 출범 카운트다운 출범준비 전 분야 종합점검(범정부지방행정체제개편지원단).hwpx,hwpx,288738,extracted,,https://www.mois.go.kr/cmm/fms/FileDown.do?atchFileId=FILE_00146112zuVQWAc&fileSn=0,1637
457,126841,2,260615 (석간) 전남광주통합특별시 출범 카운트다운 출범준비 전 분야 종합점검(범정부지방행정체제개편지원단).pdf,,,deferred,,https://www.mois.go.kr/cmm/fms/FileDown.do?atchFileId=FILE_00146112zuVQWAc&fileSn=1,
458,126840,1,260615 (조간) 윤호중 장관 OECD 무대에서 AI 민주정부 추진 방향 공유(인공지능정부협력과).hwpx,hwpx,547112,extracted,,https://www.mois.go.kr/cmm/fms/FileDown.do?atchFileId=FILE_00146111-yyns3n&fileSn=0,1698
458,126840,2,260615 (조간) 윤호중 장관 OECD 무대에서 AI 민주정부 추진 방향 공유(인공지능정부협력과).pdf,,,deferred,,https://www.mois.go.kr/cmm/fms/FileDown.do?atchFileId=FILE_00146111-yyns3n&fileSn=1,
459,126838,1,260615 (조간) 중앙아시아와 3년의 동행 더 단단해지는 한국형 재난관리 역량 수출(국가재난안전교육원 기획협력과)(최종본).hwpx,hwpx,308648,extracted,,https://www.mois.go.kr/cmm/fms/FileDown.do?atchFileId=FILE_00146096Y7dpvc3&fileSn=0,1153
459,126838,2,260615 (조간) 중앙아시아와 3년의 동행 더 단단해지는 한국형 재난관리 역량 수출(국가재난안전교육원 기획협력과)(최종본).pdf,,,deferred,,https://www.mois.go.kr/cmm/fms/FileDown.do?atchFileId=FILE_00146096Y7dpvc3&fileSn=1,
460,126837,1,260615 (조간) 오송 지하차도 참사 피해자 목소리에 귀기울여 회복 지원체계 발전 논의(국립재난안전연구원 재난원인조사실)(최종본).hwpx,hwpx,1312631,extracted,,https://www.mois.go.kr/cmm/fms/FileDown.do?atchFileId=FILE_00146095TeUQB3U&fileSn=0,1025
460,126837,2,260615 (조간) 오송 지하차도 참사 피해자 목소리에 귀기울여 회복 지원체계 발전 논의(국립재난안전연구원 재난원인조사실)(최종본).pdf,,,deferred,,https://www.mois.go.kr/cmm/fms/FileDown.do?atchFileId=FILE_00146095TeUQB3U&fileSn=1,
461,126836,1,260615 (조간) 재난으로부터 안전 지키기 위한 정보 내 위치 기반으로 한눈에 확인한다(재난정보통신과)(최종본).hwpx,hwpx,3955389,extracted,,https://www.mois.go.kr/cmm/fms/FileDown.do?atchFileId=FILE_00146094QmtHu_Q&fileSn=0,2315
461,126836,2,260615 (조간) 재난으로부터 안전 지키기 위한 정보 내 위치 기반으로 한눈에 확인한다(재난정보통신과)(최종본).pdf,,,deferred,,https://www.mois.go.kr/cmm/fms/FileDown.do?atchFileId=FILE_00146094QmtHu_Q&fileSn=1,
462,126848,1,260613 (12시) 올여름 폭염 대비 무더위 쉼터 운영 현장점검(기후재난관리과).hwpx,hwpx,6023163,extracted,,https://www.mois.go.kr/cmm/fms/FileDown.do?atchFileId=FILE_00146064odWbpGl&fileSn=0,1032
462,126848,2,260613 (12시) 올여름 폭염 대비 무더위 쉼터 운영 현장점검(기후재난관리과).pdf,,,deferred,,https://www.mois.go.kr/cmm/fms/FileDown.do?atchFileId=FILE_00146064odWbpGl&fileSn=1,
463,126839,1,260612 (즉시) 한-이 사회연대경제 협력기반을 다지고 세계청년대회 안전관리 협력도 강화했다(국제협력담당관).hwpx,hwpx,1451020,extracted,,https://www.mois.go.kr/cmm/fms/FileDown.do?atchFileId=FILE_00146100QEMKAeW&fileSn=0,2746
463,126839,2,260612 (즉시) 한-이 사회연대경제 협력기반을 다지고 세계청년대회 안전관리 협력도 강화했다(국제협력담당관).pdf,,,deferred,,https://www.mois.go.kr/cmm/fms/FileDown.do?atchFileId=FILE_00146100QEMKAeW&fileSn=1,
464,126821,1,260613 (15시) 방탄소년단(BTS) 부산 공연 인파 안전 빈틈없이 챙긴다(사회재난대응총괄과).hwpx,hwpx,491745,extracted,,https://www.mois.go.kr/cmm/fms/FileDown.do?atchFileId=FILE_00146072DXSPExX&fileSn=0,1315
464,126821,2,260613 (15시) 방탄소년단(BTS) 부산 공연 인파 안전 빈틈없이 챙긴다(사회재난대응총괄과).pdf,,,deferred,,https://www.mois.go.kr/cmm/fms/FileDown.do?atchFileId=FILE_00146072DXSPExX&fileSn=1,
465,126820,1,260613 (조간) 2026 북중미월드컵 거리응원 첫 경기부터 빈틈없는 안전관리 실시(사회재난대응총괄과).hwpx,hwpx,318740,extracted,,https://www.mois.go.kr/cmm/fms/FileDown.do?atchFileId=FILE_00146071J3JCcKv&fileSn=0,828
465,126820,2,260613 (조간) 2026 북중미월드컵 거리응원 첫 경기부터 빈틈없는 안전관리 실시(사회재난대응총괄과).pdf,,,deferred,,https://www.mois.go.kr/cmm/fms/FileDown.do?atchFileId=FILE_00146071J3JCcKv&fileSn=1,
466,126790,1,260612 (18시30분) 생활 속 정책 국민이 직접 토론한다(국민참여정책과).hwpx,hwpx,489571,extracted,,https://www.mois.go.kr/cmm/fms/FileDown.do?atchFileId=FILE_00146015ESlMt6E&fileSn=0,1810
466,126790,2,260612 (18시30분) 생활 속 정책 국민이 직접 토론한다(국민참여정책과).pdf,,,deferred,,https://www.mois.go.kr/cmm/fms/FileDown.do?atchFileId=FILE_00146015ESlMt6E&fileSn=1,
467,126785,1,260612 (17시) 소통과 경청을 통해 특이 민원 적극 해결한다(민원제도과).hwpx,hwpx,484541,extracted,,https://www.mois.go.kr/cmm/fms/FileDown.do?atchFileId=FILE_001459903BPTZtn&fileSn=0,1009
467,126785,2,260612 (17시) 소통과 경청을 통해 특이 민원 적극 해결한다(민원제도과).pdf,,,deferred,,https://www.mois.go.kr/cmm/fms/FileDown.do?atchFileId=FILE_001459903BPTZtn&fileSn=1,
468,126791,1,260612 (조간) 반복·특이민원 공무원 개인이 아닌 기관이 책임지고 대응한다(민원제도과).hwpx,hwpx,325193,extracted,,https://www.mois.go.kr/cmm/fms/FileDown.do?atchFileId=FILE_0014601604vMkvB&fileSn=0,2584
468,126791,2,260612 (조간) 반복·특이민원 공무원 개인이 아닌 기관이 책임지고 대응한다(민원제도과).pdf,,,deferred,,https://www.mois.go.kr/cmm/fms/FileDown.do?atchFileId=FILE_0014601604vMkvB&fileSn=1,
468,126791,3,260612 (조간) 반복·특이민원 공무원 개인이 아닌 기관이 책임지고 대응한다(민원제도과).hwpx,,,deferred,,https://www.mois.go.kr/cmm/fms/FileDown.do?atchFileId=FILE_0014601604vMkvB&fileSn=2,
468,126791,4,260612 (조간) 반복·특이민원 공무원 개인이 아닌 기관이 책임지고 대응한다(민원제도과).pdf,,,deferred,,https://www.mois.go.kr/cmm/fms/FileDown.do?atchFileId=FILE_0014601604vMkvB&fileSn=3,
469,126789,1,260612 (조간) 강제동원 유족·시민 한자리에 모여 과거의 아픔 함께 기억하고 위로한다(과거사관련업무지원단 대일항쟁기강제동원피해지원과).hwpx,hwpx,2397153,extracted,,https://www.mois.go.kr/cmm/fms/FileDown.do?atchFileId=FILE_00146014ZtCPaW2&fileSn=0,1351
469,126789,2,260612 (조간) 강제동원 유족·시민 한자리에 모여 과거의 아픔 함께 기억하고 위로한다(과거사관련업무지원단 대일항쟁기강제동원피해지원과).pdf,,,deferred,,https://www.mois.go.kr/cmm/fms/FileDown.do?atchFileId=FILE_00146014ZtCPaW2&fileSn=1,
470,126788,1,260612 (조간) 본격적인 더위 시작 선풍기와 에어컨 안전하게 사용해 화재 예방하세요!(예방안전제도과).hwpx,hwpx,1593547,extracted,,https://www.mois.go.kr/cmm/fms/FileDown.do?atchFileId=FILE_00146013PRh7VZg&fileSn=0,1645
470,126788,2,260612 (조간) 본격적인 더위 시작 선풍기와 에어컨 안전하게 사용해 화재 예방하세요!(예방안전제도과).pdf,,,deferred,,https://www.mois.go.kr/cmm/fms/FileDown.do?atchFileId=FILE_00146013PRh7VZg&fileSn=1,
471,126787,1,260612 (조간) 2026년 지방자치단체 합동 평가 결과 공개(자치새마을협력과).hwpx,hwpx,556846,extracted,,https://www.mois.go.kr/cmm/fms/FileDown.do?atchFileId=FILE_00146012VEBUzjJ&fileSn=0,3448
471,126787,2,260612 (조간) 2026년 지방자치단체 합동 평가 결과 공개(자치새마을협력과).pdf,,,deferred,,https://www.mois.go.kr/cmm/fms/FileDown.do?atchFileId=FILE_00146012VEBUzjJ&fileSn=1,
472,126786,1,260612 (조간) 미성년 자녀 민원도 온라인으로 신청 가능 정부24 6월 12일부터 대리 발급 서비스 시작(통합포털정책과).hwpx,hwpx,3668977,extracted,,https://www.mois.go.kr/cmm/fms/FileDown.do?atchFileId=FILE_00146011nXh0IhY&fileSn=0,2109
472,126786,2,260612 (조간) 미성년 자녀 민원도 온라인으로 신청 가능 정부24 6월 12일부터 대리 발급 서비스 시작(통합포털정책과).pdf,,,deferred,,https://www.mois.go.kr/cmm/fms/FileDown.do?atchFileId=FILE_00146011nXh0IhY&fileSn=1,
473,126779,1,260611 (석간) 폭염 대비 무더위쉼터 관리는 더욱 꼼꼼히 우수사례는 더욱 널리!(기후재난관리과).hwpx,hwpx,5031166,extracted,,https://www.mois.go.kr/cmm/fms/FileDown.do?atchFileId=FILE_001459895wWn75R&fileSn=0,1039
473,126779,2,260611 (석간) 폭염 대비 무더위쉼터 관리는 더욱 꼼꼼히 우수사례는 더욱 널리!(기후재난관리과).pdf,,,deferred,,https://www.mois.go.kr/cmm/fms/FileDown.do?atchFileId=FILE_001459895wWn75R&fileSn=1,
474,126763,1,260611 (18시) 수도권 일극 체제 극복 시동 전남광주통합특별시 출범 현황 점검(자치행정과).hwpx,hwpx,475809,extracted,,https://www.mois.go.kr/cmm/fms/FileDown.do?atchFileId=FILE_001459867Dzxvbd&fileSn=0,1791
474,126763,2,260611 (18시) 수도권 일극 체제 극복 시동 전남광주통합특별시 출범 현황 점검(자치행정과).pdf,,,deferred,,https://www.mois.go.kr/cmm/fms/FileDown.do?atchFileId=FILE_001459867Dzxvbd&fileSn=1,
475,126762,1,260611 (17시) 화물열차 탈선으로 유류 누출·폭발 사고 올해 두 번째 레디 코리아 훈련 실시(재난대응훈련과).hwpx,hwpx,524465,extracted,,https://www.mois.go.kr/cmm/fms/FileDown.do?atchFileId=FILE_00145985aHKDcbL&fileSn=0,1582
475,126762,2,260611 (17시) 화물열차 탈선으로 유류 누출·폭발 사고 올해 두 번째 레디 코리아 훈련 실시(재난대응훈련과).pdf,,,deferred,,https://www.mois.go.kr/cmm/fms/FileDown.do?atchFileId=FILE_00145985aHKDcbL&fileSn=1,
476,126761,1,260611 (조간) 지방세입 체납관리단 전국 가동 체납 징수하며 복지 사각지대도 메운다(지방소득소비세제과).hwpx,hwpx,463121,extracted,,https://www.mois.go.kr/cmm/fms/FileDown.do?atchFileId=FILE_00145984W1zAohZ&fileSn=0,1966
476,126761,2,260611 (조간) 지방세입 체납관리단 전국 가동 체납 징수하며 복지 사각지대도 메운다(지방소득소비세제과).pdf,,,deferred,,https://www.mois.go.kr/cmm/fms/FileDown.do?atchFileId=FILE_00145984W1zAohZ&fileSn=1,
477,126758,1,260611 (조간) 모바일 건강보험증 국가 유공자 자격 조회 등 21종 서비스 민간 앱에서 이용한다(공공서비스혁신과).hwpx,hwpx,1821655,extracted,,https://www.mois.go.kr/cmm/fms/FileDown.do?atchFileId=FILE_0014598773AAUBg&fileSn=0,3553
477,126758,2,260611 (조간) 모바일 건강보험증 국가 유공자 자격 조회 등 21종 서비스 민간 앱에서 이용한다(공공서비스혁신과).pdf,,,deferred,,https://www.mois.go.kr/cmm/fms/FileDown.do?atchFileId=FILE_0014598773AAUBg&fileSn=1,
478,126757,1,260611 (조간) 공공 AI 구축 더 쉽고 빠르게 공공부문 AI 도입· 활용 가이드 배포(공공인공지능혁신과).hwpx,hwpx,411106,extracted,,https://www.mois.go.kr/cmm/fms/FileDown.do?atchFileId=FILE_00145981uH6eBIj&fileSn=0,1644
478,126757,2,260611 (조간) 공공 AI 구축 더 쉽고 빠르게 공공부문 AI 도입· 활용 가이드 배포(공공인공지능혁신과).pdf,,,deferred,,https://www.mois.go.kr/cmm/fms/FileDown.do?atchFileId=FILE_00145981uH6eBIj&fileSn=1,
479,126765,1,260610 (11시) 하천계곡 불법시설 정비 기준 마련 청정 자연 되돌리고 지역 경제 살린다(하천계곡불법시설정비지원단).hwpx,hwpx,173565,extracted,,https://www.mois.go.kr/cmm/fms/FileDown.do?atchFileId=FILE_00145898agoiw3V&fileSn=0,1652
479,126765,2,260610 (11시) 하천계곡 불법시설 정비 기준 마련 청정 자연 되돌리고 지역 경제 살린다(하천계곡불법시설정비지원단).pdf,,,deferred,,https://www.mois.go.kr/cmm/fms/FileDown.do?atchFileId=FILE_00145898agoiw3V&fileSn=1,
480,126740,1,260610 (17시) 기록의 날 맞아 미래지향적 기록문화 확산 나선다(국가기록원 기록협력과).hwpx,hwpx,1844666,extracted,,https://www.mois.go.kr/cmm/fms/FileDown.do?atchFileId=FILE_001458964Eaksqx&fileSn=0,2700
480,126740,2,260610 (17시) 기록의 날 맞아 미래지향적 기록문화 확산 나선다(국가기록원 기록협력과).pdf,,,deferred,,https://www.mois.go.kr/cmm/fms/FileDown.do?atchFileId=FILE_001458964Eaksqx&fileSn=1,
481,126739,1,260610 (조간) 주민이 주도하는 돌봄의 힘 행안부 지역별 온마을 돌봄밥상 가동(스마트복지안전공동체추진단 스마트안전기획팀).hwpx,hwpx,182499,extracted,,https://www.mois.go.kr/cmm/fms/FileDown.do?atchFileId=FILE_00145895wNPS_-M&fileSn=0,1750
481,126739,2,260610 (조간) 주민이 주도하는 돌봄의 힘 행안부 지역별 온마을 돌봄밥상 가동(스마트복지안전공동체추진단 스마트안전기획팀).pdf,,,deferred,,https://www.mois.go.kr/cmm/fms/FileDown.do?atchFileId=FILE_00145895wNPS_-M&fileSn=1,
482,126738,1,260610 (조간) 6월 가뭄 예·경보 발표(기후재난관리과).hwpx,hwpx,2187024,extracted,,https://www.mois.go.kr/cmm/fms/FileDown.do?atchFileId=FILE_00145894K7MNx-W&fileSn=0,3163
482,126738,2,260610 (조간) 6월 가뭄 예·경보 발표(기후재난관리과).pdf,,,deferred,,https://www.mois.go.kr/cmm/fms/FileDown.do?atchFileId=FILE_00145894K7MNx-W&fileSn=1,
483,126737,1,260610 (조간) 제39주년 6·10 민주항쟁 기념식 개최(사회통합지원과).hwpx,hwpx,20144511,extracted,,https://www.mois.go.kr/cmm/fms/FileDown.do?atchFileId=FILE_00145930wmzPyWT&fileSn=0,6050
483,126737,2,260610 (조간) 제39주년 6·10 민주항쟁 기념식 개최(사회통합지원과).pdf,,,deferred,,https://www.mois.go.kr/cmm/fms/FileDown.do?atchFileId=FILE_00145930wmzPyWT&fileSn=1,
484,126736,1,260610 (조간) 협동조합 수도에서 사회연대경제 논의하고 100만 명 모이는 세계청년대회 안전관리 교황청과 직접 협력한다(국제협력담당관).hwpx,hwpx,208162,extracted,,https://www.mois.go.kr/cmm/fms/FileDown.do?atchFileId=FILE_00145892eNYq9lt&fileSn=0,2331
484,126736,2,260610 (조간) 협동조합 수도에서 사회연대경제 논의하고 100만 명 모이는 세계청년대회 안전관리 교황청과 직접 협력한다(국제협력담당관).pdf,,,deferred,,https://www.mois.go.kr/cmm/fms/FileDown.do?atchFileId=FILE_00145892eNYq9lt&fileSn=1,
485,126717,1,260609 (17시) 행정안전부 차관 햇빛소득마을 사업지 등 강원도 현장 방문(자치행정과).hwpx,hwpx,616257,extracted,,https://www.mois.go.kr/cmm/fms/FileDown.do?atchFileId=FILE_00145950OldRDVA&fileSn=0,1534
485,126717,2,260609 (17시) 행정안전부 차관 햇빛소득마을 사업지 등 강원도 현장 방문(자치행정과).pdf,,,deferred,,https://www.mois.go.kr/cmm/fms/FileDown.do?atchFileId=FILE_00145950OldRDVA&fileSn=1,
486,126716,1,260609 (조간) 행정안전부 주민자치회 활성화 본격 지원 참고조례 전부개정안 배포(주민자치혁신과).hwpx,hwpx,554215,extracted,,https://www.mois.go.kr/cmm/fms/FileDown.do?atchFileId=FILE_00145949iX2aBQ9&fileSn=0,3158
486,126716,2,260609 (조간) 행정안전부 주민자치회 활성화 본격 지원 참고조례 전부개정안 배포(주민자치혁신과).pdf,,,deferred,,https://www.mois.go.kr/cmm/fms/FileDown.do?atchFileId=FILE_00145949iX2aBQ9&fileSn=1,
487,126715,1,260609 (조간) 침수상황 직접 체험하며 재난대응 역량 높인다(국립재난안전연구원 방재연구실).hwpx,hwpx,3413906,extracted,,https://www.mois.go.kr/cmm/fms/FileDown.do?atchFileId=FILE_001459480HJswjy&fileSn=0,706
487,126715,2,260609 (조간) 침수상황 직접 체험하며 재난대응 역량 높인다(국립재난안전연구원 방재연구실).pdf,,,deferred,,https://www.mois.go.kr/cmm/fms/FileDown.do?atchFileId=FILE_001459480HJswjy&fileSn=1,
488,126714,1,260609 (조간) 자전거 안전문화 확산을 위한 사진영상 공모전 개최(주소정보혁신과).hwpx,hwpx,959799,extracted,,https://www.mois.go.kr/cmm/fms/FileDown.do?atchFileId=FILE_00145947ANGD_Kj&fileSn=0,1590
488,126714,2,260609 (조간) 자전거 안전문화 확산을 위한 사진영상 공모전 개최(주소정보혁신과).pdf,,,deferred,,https://www.mois.go.kr/cmm/fms/FileDown.do?atchFileId=FILE_00145947ANGD_Kj&fileSn=1,
489,126713,1,260609 (조간) 경력직만 뽑으면 경력은 어디서 쌓지 행정안전부에서 청년인턴으로 경력 만든다!(혁신행정담당관).hwpx,hwpx,1415038,extracted,,https://www.mois.go.kr/cmm/fms/FileDown.do?atchFileId=FILE_001459462zEtb-A&fileSn=0,2261
489,126713,2,260609 (조간) 경력직만 뽑으면 경력은 어디서 쌓지 행정안전부에서 청년인턴으로 경력 만든다!(혁신행정담당관).pdf,,,deferred,,https://www.mois.go.kr/cmm/fms/FileDown.do?atchFileId=FILE_001459462zEtb-A&fileSn=1,
490,126712,1,260608 (석간) 기록물 복원 골든타임을 지킨다 대통령기록관 민간 기념단체 복원 역량 강화(대통령기록관 기록보존과).hwpx,hwpx,7801227,extracted,,https://www.mois.go.kr/cmm/fms/FileDown.do?atchFileId=FILE_00145945vTUvmbs&fileSn=0,2156
490,126712,2,260608 (석간) 기록물 복원 골든타임을 지킨다 대통령기록관 민간 기념단체 복원 역량 강화(대통령기록관 기록보존과).pdf,,,deferred,,https://www.mois.go.kr/cmm/fms/FileDown.do?atchFileId=FILE_00145945vTUvmbs&fileSn=1,
491,126711,1,260608 (조간) 행정안전부-UNDRR 지원약정 체결을 통한 재난 협력 강화(재난관리정책과).hwpx,hwpx,1016601,extracted,,https://www.mois.go.kr/cmm/fms/FileDown.do?atchFileId=FILE_00145943GTv1euD&fileSn=0,2506
491,126711,2,260608 (조간) 행정안전부-UNDRR 지원약정 체결을 통한 재난 협력 강화(재난관리정책과).pdf,,,deferred,,https://www.mois.go.kr/cmm/fms/FileDown.do?atchFileId=FILE_00145943GTv1euD&fileSn=1,
492,126710,1,260608 (조간) 햇빛소득마을 1차 공모에 전국 129개 마을 신청(햇빛소득마을추진단 기반조성과).hwpx,hwpx,482784,extracted,,https://www.mois.go.kr/cmm/fms/FileDown.do?atchFileId=FILE_00145942bpPYcZb&fileSn=0,1177
492,126710,2,260608 (조간) 햇빛소득마을 1차 공모에 전국 129개 마을 신청(햇빛소득마을추진단 기반조성과).pdf,,,deferred,,https://www.mois.go.kr/cmm/fms/FileDown.do?atchFileId=FILE_00145942bpPYcZb&fileSn=1,
493,126709,1,260608 (조간) K-디지털 정부 우즈베키스탄 행정 혁신의 본보기 된다... 고위급 연수 실시(지방자치인재개발원 국제교육협력과)).hwpx,hwpx,616797,extracted,,https://www.mois.go.kr/cmm/fms/FileDown.do?atchFileId=FILE_00145941mF-AtLE&fileSn=0,1400
493,126709,2,260608 (조간) K-디지털 정부 우즈베키스탄 행정 혁신의 본보기 된다... 고위급 연수 실시(지방자치인재개발원 국제교육협력과).pdf,,,deferred,,https://www.mois.go.kr/cmm/fms/FileDown.do?atchFileId=FILE_00145941mF-AtLE&fileSn=1,
494,126708,1,260608 (조간) 재난안전데이터 인공지능과 만나 더 똑똑해진다 최고의 인공지능 프롬프트를 찾습니다(재난안전데이터과).hwpx,hwpx,2338088,extracted,,https://www.mois.go.kr/cmm/fms/FileDown.do?atchFileId=FILE_00145920WvlEkFk&fileSn=0,1404
494,126708,2,260608 (조간) 재난안전데이터 인공지능과 만나 더 똑똑해진다 최고의 인공지능 프롬프트를 찾습니다(재난안전데이터과).pdf,,,deferred,,https://www.mois.go.kr/cmm/fms/FileDown.do?atchFileId=FILE_00145920WvlEkFk&fileSn=1,
495,126707,1,260608 (조간) 대학생 스스로 만드는 안전한 지역사회 2026 안전실천 캠퍼스 참가자 모집(안전문화교육과).hwpx,hwpx,456982,extracted,,https://www.mois.go.kr/cmm/fms/FileDown.do?atchFileId=FILE_00145919LGaC9-J&fileSn=0,1200
495,126707,2,260608 (조간) 대학생 스스로 만드는 안전한 지역사회 2026 안전실천 캠퍼스 참가자 모집(안전문화교육과).pdf,,,deferred,,https://www.mois.go.kr/cmm/fms/FileDown.do?atchFileId=FILE_00145919LGaC9-J&fileSn=1,
496,126685,1,260606 (15시) 행복과 안전을 더하는 행정안전부 국민 삶을 플러스 했습니다(기획재정담당관).pdf,,,deferred,,https://www.mois.go.kr/cmm/fms/FileDown.do?atchFileId=FILE_00145944VzsmUar&fileSn=0,
496,126685,2,260606 (15시) 행복과 안전을 더하는 행정안전부 국민 삶을 플러스 했습니다(기획재정담당관).hwpx,hwpx,1479272,extracted,,https://www.mois.go.kr/cmm/fms/FileDown.do?atchFileId=FILE_00145944VzsmUar&fileSn=1,3040
497,126672,1,260606 (14시) 국민 안전권 보장 중수청 설치 입법 유공자에 특별성과포상금 수여(혁신행정담당관).hwpx,hwpx,530175,extracted,,https://www.mois.go.kr/cmm/fms/FileDown.do?atchFileId=FILE_00145838HtAA43x&fileSn=0,1475
497,126672,2,260606 (14시) 국민 안전권 보장 중수청 설치 입법 유공자에 특별성과포상금 수여(혁신행정담당관).pdf,,,deferred,,https://www.mois.go.kr/cmm/fms/FileDown.do?atchFileId=FILE_00145838HtAA43x&fileSn=1,
498,126671,1,260606 (조간) 6월 6일 현충일 오전 10시 1분간 묵념사이렌 울린다(중앙민방위경보통제센터).hwpx,hwpx,522134,extracted,,https://www.mois.go.kr/cmm/fms/FileDown.do?atchFileId=FILE_001458371Sv9awU&fileSn=0,481
498,126671,2,260606 (조간) 6월 6일 현충일 오전 10시 1분간 묵념사이렌 울린다(중앙민방위경보통제센터).pdf,,,deferred,,https://www.mois.go.kr/cmm/fms/FileDown.do?atchFileId=FILE_001458371Sv9awU&fileSn=1,
499,126670,1,260606 (조간) 기본사회 대전환 위해 지방정부와 맞손 권역별 공동연수(워크숍) 돌입(기본사회정책과).hwpx,hwpx,611472,extracted,,https://www.mois.go.kr/cmm/fms/FileDown.do?atchFileId=FILE_00145836Y5pSuAH&fileSn=0,1977
499,126670,2,260606 (조간) 기본사회 대전환 위해 지방정부와 맞손 권역별 공동연수(워크숍) 돌입(기본사회정책과).pdf,,,deferred,,https://www.mois.go.kr/cmm/fms/FileDown.do?atchFileId=FILE_00145836Y5pSuAH&fileSn=1,
500,126639,1,260605 (17시) 여름철 우기폭염 대비 산불피해지 안전관리 현장점검(경북‧경남‧울산초대형 산불피해지원및재건지원단 복구재건지원과).hwpx,hwpx,367031,extracted,,https://www.mois.go.kr/cmm/fms/FileDown.do?atchFileId=FILE_00145833iGpqW88&fileSn=0,1079
500,126639,2,260605 (17시) 여름철 우기폭염 대비 산불피해지 안전관리 현장점검(경북‧경남‧울산초대형 산불피해지원및재건지원단 복구재건지원과).pdf,,,deferred,,https://www.mois.go.kr/cmm/fms/FileDown.do?atchFileId=FILE_00145833iGpqW88&fileSn=1,
501,126659,1,260604 (16시) 행정안전부 지방정부에 민선 9기 성공적 출범 중점 지원 당부(자치행정과).hwpx,hwpx,618816,extracted,,https://www.mois.go.kr/cmm/fms/FileDown.do?atchFileId=FILE_00145834jB1liwU&fileSn=0,1424
501,126659,2,260604 (16시) 행정안전부 지방정부에 민선 9기 성공적 출범 중점 지원 당부(자치행정과).pdf,,,deferred,,https://www.mois.go.kr/cmm/fms/FileDown.do?atchFileId=FILE_00145834jB1liwU&fileSn=1,
502,126638,1,260605 (조간) 재난피해자가 당당히 권리의 주체로 보장받도록 민관이 함께 머리 맞댄다(국립재난안전연구원 재난원인조사실).hwpx,hwpx,4193260,extracted,,https://www.mois.go.kr/cmm/fms/FileDown.do?atchFileId=FILE_00145832qR-SviM&fileSn=0,1301
502,126638,2,260605 (조간) 재난피해자가 당당히 권리의 주체로 보장받도록 민관이 함께 머리 맞댄다(국립재난안전연구원 재난원인조사실).pdf,,,deferred,,https://www.mois.go.kr/cmm/fms/FileDown.do?atchFileId=FILE_00145832qR-SviM&fileSn=1,
503,126637,1,260605 (조간) 마약 범죄 아는 만큼 막을 수 있다 국과수 마약류 감정백서 2025 발간(국립과학수사연구원 마약과).hwpx,hwpx,357828,extracted,,https://www.mois.go.kr/cmm/fms/FileDown.do?atchFileId=FILE_00145831CwtXF8X&fileSn=0,2127
503,126637,2,260605 (조간) 마약 범죄 아는 만큼 막을 수 있다 국과수 마약류 감정백서 2025 발간(국립과학수사연구원 마약과).pdf,,,deferred,,https://www.mois.go.kr/cmm/fms/FileDown.do?atchFileId=FILE_00145831CwtXF8X&fileSn=1,
504,126636,1,260605 (조간) 지방정부 공유재산심의회 대면심의 원칙으로 투명성 대폭 키운다(공유재산정책과).hwpx,hwpx,316596,extracted,,https://www.mois.go.kr/cmm/fms/FileDown.do?atchFileId=FILE_001458309KZRUqD&fileSn=0,1413
504,126636,2,260605 (조간) 지방정부 공유재산심의회 대면심의 원칙으로 투명성 대폭 키운다(공유재산정책과).pdf,,,deferred,,https://www.mois.go.kr/cmm/fms/FileDown.do?atchFileId=FILE_001458309KZRUqD&fileSn=1,
505,126629,1,260604 (15시) 윤호중 행안부 장관 제9회 전국동시지방선거 투·개표 지원상황실 방문(공명선거지원상황실).hwpx,hwpx,534904,extracted,,https://www.mois.go.kr/cmm/fms/FileDown.do?atchFileId=FILE_00145825VIxOJ6F&fileSn=0,932
505,126629,2,260604 (15시) 윤호중 행안부 장관 제9회 전국동시지방선거 투·개표 지원상황실 방문(공명선거지원상황실).pdf,,,deferred,,https://www.mois.go.kr/cmm/fms/FileDown.do?atchFileId=FILE_00145825VIxOJ6F&fileSn=1,
506,126628,1,260604 (조간) 정부 제2차 서해 5도 종합발전계획 수립 확정(균형발전진흥과).hwpx,hwpx,2418498,extracted,,https://www.mois.go.kr/cmm/fms/FileDown.do?atchFileId=FILE_00145824pKjRWEt&fileSn=0,2557
506,126628,2,260604 (조간) 정부 제2차 서해 5도 종합발전계획 수립 확정(균형발전진흥과).pdf,,,deferred,,https://www.mois.go.kr/cmm/fms/FileDown.do?atchFileId=FILE_00145824pKjRWEt&fileSn=1,
507,126627,1,260604 (조간) 지방자치단체 공무원 31만 3924명 여성공무원 비율 52.0%(지방인사제도과).hwpx,hwpx,843222,extracted,,https://www.mois.go.kr/cmm/fms/FileDown.do?atchFileId=FILE_00145823PoYOPML&fileSn=0,3362
507,126627,2,260604 (조간) 지방자치단체 공무원 31만 3924명 여성공무원 비율 52.0%(지방인사제도과).pdf,,,deferred,,https://www.mois.go.kr/cmm/fms/FileDown.do?atchFileId=FILE_00145823PoYOPML&fileSn=1,
508,126602,1,260603 (17시) 김민재 행정안전부 차관 제9회 전국동시지방선거 준비상황 현장점검(선거의회자치법규과).hwpx,hwpx,502837,extracted,,https://www.mois.go.kr/cmm/fms/FileDown.do?atchFileId=FILE_00145773uErZ5Jb&fileSn=0,791
508,126602,2,260603 (17시) 김민재 행정안전부 차관 제9회 전국동시지방선거 준비상황 현장점검(선거의회자치법규과).pdf,,,deferred,,https://www.mois.go.kr/cmm/fms/FileDown.do?atchFileId=FILE_00145773uErZ5Jb&fileSn=1,
509,126601,1,260602 (9시) 기록으로 증명하고 선물로 화답하다 한국과 프랑스가 나눈 140년의 진심(대통령기록관 기록서비스과).hwpx,hwpx,705731,extracted,,https://www.mois.go.kr/cmm/fms/FileDown.do?atchFileId=FILE_00145772uZ25FoV&fileSn=0,4587
509,126601,2,260602 (9시) 기록으로 증명하고 선물로 화답하다 한국과 프랑스가 나눈 140년의 진심(대통령기록관 기록서비스과).pdf,,,deferred,,https://www.mois.go.kr/cmm/fms/FileDown.do?atchFileId=FILE_00145772uZ25FoV&fileSn=1,
510,126585,1,260602 (조간) 폐교에 새 숨결 불어넣는다! 우수 활용 모델 집중 지원(공유재산정책과).hwpx,hwpx,572447,extracted,,https://www.mois.go.kr/cmm/fms/FileDown.do?atchFileId=FILE_00145771erIX1vK&fileSn=0,3161
510,126585,2,260602 (조간) 폐교에 새 숨결 불어넣는다! 우수 활용 모델 집중 지원(공유재산정책과).pdf,,,deferred,,https://www.mois.go.kr/cmm/fms/FileDown.do?atchFileId=FILE_00145771erIX1vK&fileSn=1,
511,126583,1,260601 (즉시) 대전 유성구 공장폭발 화재 관련 긴급 지시(국토산업재난대응과).hwpx,hwpx,237946,extracted,,https://www.mois.go.kr/cmm/fms/FileDown.do?atchFileId=FILE_00145730mtp3_QJ&fileSn=0,457
511,126583,2,260601 (즉시) 대전 유성구 공장폭발 화재 관련 긴급 지시(국토산업재난대응과).pdf,,,deferred,,https://www.mois.go.kr/cmm/fms/FileDown.do?atchFileId=FILE_00145730mtp3_QJ&fileSn=1,
512,126569,1,260602 (조간) 여름철 호우 대비 재해복구사업 관리 총력(복구지원과).hwpx,hwpx,413785,extracted,,https://www.mois.go.kr/cmm/fms/FileDown.do?atchFileId=FILE_00145690T05wagM&fileSn=0,1064
512,126569,2,260602 (조간) 여름철 호우 대비 재해복구사업 관리 총력(복구지원과).pdf,,,deferred,,https://www.mois.go.kr/cmm/fms/FileDown.do?atchFileId=FILE_00145690T05wagM&fileSn=1,
513,126568,1,260602 (조간) 국가정보자원관리원 운영 대전환 차세대 인공지능정부 인프라로 혁신 본격 착수(정보자원관리혁신과).hwpx,hwpx,449924,extracted,,https://www.mois.go.kr/cmm/fms/FileDown.do?atchFileId=FILE_00145689tlvTOFl&fileSn=0,3331
513,126568,2,260602 (조간) 국가정보자원관리원 운영 대전환 차세대 인공지능정부 인프라로 혁신 본격 착수(정보자원관리혁신과).pdf,,,deferred,,https://www.mois.go.kr/cmm/fms/FileDown.do?atchFileId=FILE_00145689tlvTOFl&fileSn=1,
514,126567,1,260602 (조간) AI 기업 육성 위한 AI·고가치 공공데이터 TOP 100 본격 개방 추진(공공데이터정책과).hwpx,hwpx,570666,extracted,,https://www.mois.go.kr/cmm/fms/FileDown.do?atchFileId=FILE_00145688IH5L1BS&fileSn=0,5552
514,126567,2,260602 (조간) AI 기업 육성 위한 AI·고가치 공공데이터 TOP 100 본격 개방 추진(공공데이터정책과).pdf,,,deferred,,https://www.mois.go.kr/cmm/fms/FileDown.do?atchFileId=FILE_00145688IH5L1BS&fileSn=1,
515,126561,1,260601 (조간) 대한민국 지방자치 78년의 발자취 대통령기록물 38건 공개(대통령기록관 기록서비스과).hwpx,hwpx,4268668,extracted,,https://www.mois.go.kr/cmm/fms/FileDown.do?atchFileId=FILE_0014568660zOH0z&fileSn=0,5347
515,126561,2,260601 (조간) 대한민국 지방자치 78년의 발자취 대통령기록물 38건 공개(대통령기록관 기록서비스과).pdf,,,deferred,,https://www.mois.go.kr/cmm/fms/FileDown.do?atchFileId=FILE_0014568660zOH0z&fileSn=1,
516,126558,1,260601 (조간) 영업신고와 사업자등록 신청을 한번에 원스톱 행정서비스 시범사업 실시(원스통행정서비스추진단 과제발굴과).hwpx,hwpx,642661,extracted,,https://www.mois.go.kr/cmm/fms/FileDown.do?atchFileId=FILE_00145685XdIxDxq&fileSn=0,2137
516,126558,2,260601 (조간) 영업신고와 사업자등록 신청을 한번에 원스톱 행정서비스 시범사업 실시(원스통행정서비스추진단 과제발굴과).pdf,,,deferred,,https://www.mois.go.kr/cmm/fms/FileDown.do?atchFileId=FILE_00145685XdIxDxq&fileSn=1,
517,126556,1,260601 (조간) 여름철 우리 주변 위험요소는 안전신문고로 신고하세요!(안전개선과).hwpx,hwpx,14206145,extracted,,https://www.mois.go.kr/cmm/fms/FileDown.do?atchFileId=FILE_00145684ig4qmDL&fileSn=0,1368
517,126556,2,260601 (조간) 여름철 우리 주변 위험요소는 안전신문고로 신고하세요!(안전개선과).pdf,,,deferred,,https://www.mois.go.kr/cmm/fms/FileDown.do?atchFileId=FILE_00145684ig4qmDL&fileSn=1,
518,126553,1,260601 (조간) 정부 여름철 물놀이 사고 줄이기 위한 수상 안전관리에 총력(재난안전점검과).hwpx,hwpx,403047,extracted,,https://www.mois.go.kr/cmm/fms/FileDown.do?atchFileId=FILE_00145683-oK1z-C&fileSn=0,2771
518,126553,2,260601 (조간) 정부 여름철 물놀이 사고 줄이기 위한 수상 안전관리에 총력(재난안전점검과).pdf,,,deferred,,https://www.mois.go.kr/cmm/fms/FileDown.do?atchFileId=FILE_00145683-oK1z-C&fileSn=1,
519,126513,1,260529 (23시) 지방선거 관외 사전투표지 이송 철통보안 우편 이송 현장점검(선거의회자치법규과).hwpx,hwpx,614426,extracted,,https://www.mois.go.kr/cmm/fms/FileDown.do?atchFileId=FILE_00145633SLQpkgX&fileSn=0,1353
519,126513,2,260529 (23시) 지방선거 관외 사전투표지 이송 철통보안 우편 이송 현장점검(선거의회자치법규과).pdf,,,deferred,,https://www.mois.go.kr/cmm/fms/FileDown.do?atchFileId=FILE_00145633SLQpkgX&fileSn=1,
520,126516,1,260530 (16시) 재난의 기억을 넘어 회복과 치유로 피해자 중심 재난 회복 정책 논의(국립재난안전연구원 재난원인조사실).hwpx,hwpx,619441,extracted,,https://www.mois.go.kr/cmm/fms/FileDown.do?atchFileId=FILE_00145636p7h2c0x&fileSn=0,2226
520,126516,2,260530 (16시) 재난의 기억을 넘어 회복과 치유로 피해자 중심 재난 회복 정책 논의(국립재난안전연구원 재난원인조사실).pdf,,,deferred,,https://www.mois.go.kr/cmm/fms/FileDown.do?atchFileId=FILE_00145636p7h2c0x&fileSn=1,
521,126515,1,260530 (15시) 오늘부터 이틀간 제9회 지방선거 사전투표 신분증만 들고 가까운 투표소로(선거의회자치법규과).hwpx,hwpx,491859,extracted,,https://www.mois.go.kr/cmm/fms/FileDown.do?atchFileId=FILE_00145635TQ0hP6j&fileSn=0,1196
521,126515,2,260530 (15시) 오늘부터 이틀간 제9회 지방선거 사전투표 신분증만 들고 가까운 투표소로(선거의회자치법규과).pdf,,,deferred,,https://www.mois.go.kr/cmm/fms/FileDown.do?atchFileId=FILE_00145635TQ0hP6j&fileSn=1,
522,126514,1,260530 (14시) 본격적인 무더위 전 폭염 취약계층 위한 쉼터 현장점검(기후재난관리과).hwpx,hwpx,667072,extracted,,https://www.mois.go.kr/cmm/fms/FileDown.do?atchFileId=FILE_00145634R5eIOyt&fileSn=0,833
522,126514,2,260530 (14시) 본격적인 무더위 전 폭염 취약계층 위한 쉼터 현장점검(기후재난관리과).pdf,,,deferred,,https://www.mois.go.kr/cmm/fms/FileDown.do?atchFileId=FILE_00145634R5eIOyt&fileSn=1,
523,126520,1,260529 (13시30분) BTS 부산 공연 대비 관계기관 합동 숙박업소 바가지요금 특별 현장 점검(지역경제과).hwpx,hwpx,323222,extracted,,https://www.mois.go.kr/cmm/fms/FileDown.do?atchFileId=FILE_00145682v1ql9Nj&fileSn=0,1147
523,126520,2,260529 (13시30분) BTS 부산 공연 대비 관계기관 합동 숙박업소 바가지요금 특별 현장 점검(지역경제과).pdf,,,deferred,,https://www.mois.go.kr/cmm/fms/FileDown.do?atchFileId=FILE_00145682v1ql9Nj&fileSn=1,
524,126488,1,260529 (17시) 여름철 집중호우 대비 빗물받이 시설 본격 관리(재난관리정책과).hwpx,hwpx,534185,extracted,,https://www.mois.go.kr/cmm/fms/FileDown.do?atchFileId=FILE_001456510GxtRCh&fileSn=0,932
524,126488,2,260529 (17시) 여름철 집중호우 대비 빗물받이 시설 본격 관리(재난관리정책과).pdf,,,deferred,,https://www.mois.go.kr/cmm/fms/FileDown.do?atchFileId=FILE_001456510GxtRCh&fileSn=1,
525,126487,1,260528 (17시) 국민의 참정권 위협하는 가짜뉴스 실시간 삭제에 총력(선거의회자치법규과).hwpx,hwpx,573048,extracted,,https://www.mois.go.kr/cmm/fms/FileDown.do?atchFileId=FILE_00145650y7w3fFi&fileSn=0,1841
525,126487,2,260528 (17시) 국민의 참정권 위협하는 가짜뉴스 실시간 삭제에 총력(선거의회자치법규과).pdf,,,deferred,,https://www.mois.go.kr/cmm/fms/FileDown.do?atchFileId=FILE_00145650y7w3fFi&fileSn=1,
526,126486,1,260529 (17시) 6.3 지선 사전투표 D-1 경찰·소방과 함께 편리하고 안전한 사전투표 준비에 총력(선거의회자치법규과).hwpx,hwpx,488490,extracted,,https://www.mois.go.kr/cmm/fms/FileDown.do?atchFileId=FILE_00145649U9K0GRh&fileSn=0,1475
526,126486,2,260529 (17시) 6.3 지선 사전투표 D-1 경찰·소방과 함께 편리하고 안전한 사전투표 준비에 총력(선거의회자치법규과).pdf,,,deferred,,https://www.mois.go.kr/cmm/fms/FileDown.do?atchFileId=FILE_00145649U9K0GRh&fileSn=1,
527,126489,1,260528 (보도참고자료) 고유가 피해지원금 누적 신청률 90% 넘어(재정정책과).hwpx,hwpx,256594,extracted,,https://www.mois.go.kr/cmm/fms/FileDown.do?atchFileId=FILE_001456320ChYkAA&fileSn=0,1694
527,126489,2,260528 (보도참고자료) 고유가 피해지원금 누적 신청률 90% 넘어(재정정책과).pdf,,,deferred,,https://www.mois.go.kr/cmm/fms/FileDown.do?atchFileId=FILE_001456320ChYkAA&fileSn=1,
528,126485,1,260529 (조간) 2025년 10월 역대 최대의 생활인구가 인구감소지역 찾았다(균형발전제도과).hwpx,hwpx,722130,extracted,,https://www.mois.go.kr/cmm/fms/FileDown.do?atchFileId=FILE_00145652nVEkjdg&fileSn=0,2169
528,126485,2,260529 (조간) 2025년 10월 역대 최대의 생활인구가 인구감소지역 찾았다(균형발전제도과).pdf,,,deferred,,https://www.mois.go.kr/cmm/fms/FileDown.do?atchFileId=FILE_00145652nVEkjdg&fileSn=1,
529,126437,1,260528 (16시) 안전은 높이고 국민 불편은 줄인다 행정안전부 국민의 일상을 변화시키는 국민체감과제 선정 추진(기획조정실).hwpx,hwpx,15990579,extracted,,https://www.mois.go.kr/cmm/fms/FileDown.do?atchFileId=FILE_00145572wvPyjtf&fileSn=0,7191
529,126437,2,260528 (16시) 안전은 높이고 국민 불편은 줄인다 행정안전부 국민의 일상을 변화시키는 국민체감과제 선정 추진(기획조정실).pdf,,,deferred,,https://www.mois.go.kr/cmm/fms/FileDown.do?atchFileId=FILE_00145572wvPyjtf&fileSn=1,
530,126448,1,260527 (14시30분) 윤호중 행정안전부장관 서소문 고가도로 붕괴 현장을 찾아 수습 상황 점검(국토산업재난대응과).hwpx,hwpx,129458,extracted,,https://www.mois.go.kr/cmm/fms/FileDown.do?atchFileId=FILE_00145569S0HCTgX&fileSn=0,709
530,126448,2,260527 (14시30분) 윤호중 행정안전부장관 서소문 고가도로 붕괴 현장을 찾아 수습 상황 점검(국토산업재난대응과).pdf,,,deferred,,https://www.mois.go.kr/cmm/fms/FileDown.do?atchFileId=FILE_00145569S0HCTgX&fileSn=1,
531,126423,1,260528 (조간) 에너지 아끼면 현금이 쏟아진다 정부 여름철 에너지 재테크 서비스 발표(혁신기획과).hwpx,hwpx,457561,extracted,,https://www.mois.go.kr/cmm/fms/FileDown.do?atchFileId=FILE_00145571kLlposN&fileSn=0,2419
531,126423,2,260528 (조간) 에너지 아끼면 현금이 쏟아진다 정부 여름철 에너지 재테크 서비스 발표(혁신기획과).pdf,,,deferred,,https://www.mois.go.kr/cmm/fms/FileDown.do?atchFileId=FILE_00145571kLlposN&fileSn=1,
532,126422,1,260526 (즉시) 윤호중 행정안전부장관 서울 서대문구 고가도로 철거현장 붕괴 관련 긴급 지시(국토산업재난대응과).hwpx,hwpx,347610,extracted,,https://www.mois.go.kr/cmm/fms/FileDown.do?atchFileId=FILE_00145556XRrZULt&fileSn=0,396
532,126422,2,260526 (즉시) 윤호중 행정안전부장관 서울 서대문구 고가도로 철거현장 붕괴 관련 긴급 지시(국토산업재난대응과).pdf,,,deferred,,https://www.mois.go.kr/cmm/fms/FileDown.do?atchFileId=FILE_00145556XRrZULt&fileSn=1,
533,126414,1,260526 (국무회의 종료시) 소하천 내 반복상습적 불법 점용행위 이젠 예고없이 즉각 조치한다(재난경감과).hwpx,hwpx,523225,extracted,,https://www.mois.go.kr/cmm/fms/FileDown.do?atchFileId=FILE_00145519xbzFDG5&fileSn=0,792
533,126414,2,260526 (국무회의 종료시) 소하천 내 반복상습적 불법 점용행위 이젠 예고없이 즉각 조치한다(재난경감과).pdf,,,deferred,,https://www.mois.go.kr/cmm/fms/FileDown.do?atchFileId=FILE_00145519xbzFDG5&fileSn=1,
534,126413,1,260526 (국무회의 종료시) 국민의 안전권을 기본권으로 명시한 ｢생명안전기본법｣ 제정(안전정책총괄과).hwpx,hwpx,1120400,extracted,,https://www.mois.go.kr/cmm/fms/FileDown.do?atchFileId=FILE_00145518YDQrB_n&fileSn=0,4384
534,126413,2,260526 (국무회의 종료시) 국민의 안전권을 기본권으로 명시한 ｢생명안전기본법｣ 제정(안전정책총괄과).pdf,,,deferred,,https://www.mois.go.kr/cmm/fms/FileDown.do?atchFileId=FILE_00145518YDQrB_n&fileSn=1,
535,126412,1,260526 (국무회의 종료시) 공무원 육아휴직 12세 이하 자녀까지 확대(지방인사제도과).hwpx,hwpx,408377,extracted,,https://www.mois.go.kr/cmm/fms/FileDown.do?atchFileId=FILE_001455177uyIZxC&fileSn=0,1384
535,126412,2,260526 (국무회의 종료시) 공무원 육아휴직 12세 이하 자녀까지 확대(지방인사제도과).pdf,,,deferred,,https://www.mois.go.kr/cmm/fms/FileDown.do?atchFileId=FILE_001455177uyIZxC&fileSn=1,
536,126377,1,260527 (조간) 마을의 자랑이 전국의 롤모델로. 2026 사회연대경제 대표 마을기업 선정(사회연대경제지원과).hwpx,hwpx,450850,extracted,,https://www.mois.go.kr/cmm/fms/FileDown.do?atchFileId=FILE_00145516DEM1yFt&fileSn=0,2869
536,126377,2,260527 (조간) 마을의 자랑이 전국의 롤모델로. 2026 사회연대경제 대표 마을기업 선정(사회연대경제지원과).pdf,,,deferred,,https://www.mois.go.kr/cmm/fms/FileDown.do?atchFileId=FILE_00145516DEM1yFt&fileSn=1,
537,126392,1,260526 (보도참고자료) 고유가 피해지원금 신청 현황(5.25. 24시 기준).hwpx,hwpx,254945,extracted,,https://www.mois.go.kr/cmm/fms/FileDown.do?atchFileId=FILE_00145515W_5UUKm&fileSn=0,1663
537,126392,2,260526 (보도참고자료) 고유가 피해지원금 신청 현황(5.25. 24시 기준).pdf,,,deferred,,https://www.mois.go.kr/cmm/fms/FileDown.do?atchFileId=FILE_00145515W_5UUKm&fileSn=1,
538,126388,1,260525 (11시) 5.25~26일 호우 대비 관계기관 대응 태세 점검(자연재난대응과).hwpx,hwpx,650148,extracted,,https://www.mois.go.kr/cmm/fms/FileDown.do?atchFileId=FILE_00145474qOkgDW7&fileSn=0,1547
538,126388,2,260525 (11시) 5.25~26일 호우 대비 관계기관 대응 태세 점검(자연재난대응과).pdf,,,deferred,,https://www.mois.go.kr/cmm/fms/FileDown.do?atchFileId=FILE_00145474qOkgDW7&fileSn=1,
539,126376,1,260526 (조간) 어린이보호구역 내 교통사고 맞춤형 저감대책 추진(안전개선과).hwpx,hwpx,365533,extracted,,https://www.mois.go.kr/cmm/fms/FileDown.do?atchFileId=FILE_00145512_7Yj1nN&fileSn=0,1917
539,126376,2,260526 (조간) 어린이보호구역 내 교통사고 맞춤형 저감대책 추진(안전개선과).pdf,,,deferred,,https://www.mois.go.kr/cmm/fms/FileDown.do?atchFileId=FILE_00145512_7Yj1nN&fileSn=1,
540,126381,1,260523 (즉시) 제9회 전국동시지방선거 선거인수는 총 44 649 908명(선거의회자치법규과).hwpx,hwpx,331391,extracted,,https://www.mois.go.kr/cmm/fms/FileDown.do?atchFileId=FILE_00145485VJe-P0u&fileSn=0,6407
540,126381,2,260523 (즉시) 제9회 전국동시지방선거 선거인수는 총 44 649 908명(선거의회자치법규과).pdf,,,deferred,,https://www.mois.go.kr/cmm/fms/FileDown.do?atchFileId=FILE_00145485VJe-P0u&fileSn=1,
541,126380,1,260523 (보도참고자료) 고유가 피해지원금 신청 현황(5.22. 24시 기준).hwpx,hwpx,254570,extracted,,https://www.mois.go.kr/cmm/fms/FileDown.do?atchFileId=FILE_00145522D-MPR4o&fileSn=0,1659
541,126380,2,260523 (보도참고자료) 고유가 피해지원금 신청 현황(5.22. 24시 기준).pdf,,,deferred,,https://www.mois.go.kr/cmm/fms/FileDown.do?atchFileId=FILE_00145522D-MPR4o&fileSn=1,
542,126312,1,260523 (17시) 제33회 방재의 날 국민과 함께 생명과 안전이 우선인 사회 만든다(재난관리정책과).hwpx,hwpx,584746,extracted,,https://www.mois.go.kr/cmm/fms/FileDown.do?atchFileId=FILE_00145445gHyk9GJ&fileSn=0,2743
542,126312,2,260523 (17시) 제33회 방재의 날 국민과 함께 생명과 안전이 우선인 사회 만든다(재난관리정책과).pdf,,,deferred,,https://www.mois.go.kr/cmm/fms/FileDown.do?atchFileId=FILE_00145445gHyk9GJ&fileSn=1,
543,126311,1,260523 (17시) 참여와 인공지능(AI) 시대 국제사회와 함께 신뢰기반 열린정부 방향 모색(혁신기획과).hwpx,hwpx,2945677,extracted,,https://www.mois.go.kr/cmm/fms/FileDown.do?atchFileId=FILE_0014538884Bk_7Q&fileSn=0,1824
543,126311,2,260523 (17시) 참여와 인공지능(AI) 시대 국제사회와 함께 신뢰기반 열린정부 방향 모색(혁신기획과).pdf,,,deferred,,https://www.mois.go.kr/cmm/fms/FileDown.do?atchFileId=FILE_0014538884Bk_7Q&fileSn=1,
544,126350,1,260522 (16시) 폭염 취약계층 지원대책 점검회의 개최(기후재난관리과).hwpx,hwpx,205977,extracted,,https://www.mois.go.kr/cmm/fms/FileDown.do?atchFileId=FILE_001454107GPkef5&fileSn=0,905
544,126350,2,260522 (16시) 폭염 취약계층 지원대책 점검회의 개최(기후재난관리과).pdf,,,deferred,,https://www.mois.go.kr/cmm/fms/FileDown.do?atchFileId=FILE_001454107GPkef5&fileSn=1,
545,126313,1,260523 (15시) 체험으로 익히는 안전 찾아가는 안전체험교실 민관이 함께한다(안전문화교육과).hwpx,hwpx,353782,extracted,,https://www.mois.go.kr/cmm/fms/FileDown.do?atchFileId=FILE_00145384mbhTEcW&fileSn=0,1048
545,126313,2,260523 (15시) 체험으로 익히는 안전 찾아가는 안전체험교실 민관이 함께한다(안전문화교육과).pdf,,,deferred,,https://www.mois.go.kr/cmm/fms/FileDown.do?atchFileId=FILE_00145384mbhTEcW&fileSn=1,
546,126322,1,260522 (보도참고자료) 고유가 피해지원금 신청 현황(5.21. 24시 기준).hwpx,hwpx,253380,extracted,,https://www.mois.go.kr/cmm/fms/FileDown.do?atchFileId=FILE_001453858A60VBp&fileSn=0,1645
546,126322,2,260522 (보도참고자료) 고유가 피해지원금 신청 현황(5.21. 24시 기준).pdf,,,deferred,,https://www.mois.go.kr/cmm/fms/FileDown.do?atchFileId=FILE_001453858A60VBp&fileSn=1,
547,126262,1,260521 (16시) 데이터 활용 장벽 낮추는 공공데이터분쟁조정위원회 AI시대 역량 갖춰 제7기 출범(공공데이터정책과).hwpx,hwpx,169545,extracted,,https://www.mois.go.kr/cmm/fms/FileDown.do?atchFileId=FILE_00145374lXMORuz&fileSn=0,2230
547,126262,2,260521 (16시) 데이터 활용 장벽 낮추는 공공데이터분쟁조정위원회 AI시대 역량 갖춰 제7기 출범(공공데이터정책과).pdf,,,deferred,,https://www.mois.go.kr/cmm/fms/FileDown.do?atchFileId=FILE_00145374lXMORuz&fileSn=1,
548,126265,1,260522 (15시) 본격적인 장마철 앞두고 여름철 집중호우 대비 현장 점검(자연재난대응과).hwpx,hwpx,118327,extracted,,https://www.mois.go.kr/cmm/fms/FileDown.do?atchFileId=FILE_00145377zFuM9vC&fileSn=0,985
548,126265,2,260522 (15시) 본격적인 장마철 앞두고 여름철 집중호우 대비 현장 점검(자연재난대응과).pdf,,,deferred,,https://www.mois.go.kr/cmm/fms/FileDown.do?atchFileId=FILE_00145377zFuM9vC&fileSn=1,
549,126281,1,260521 (보도참고자료) 고유가 피해지원금 신청 현황(5.20. 24시 기준).pdf,,,deferred,,https://www.mois.go.kr/cmm/fms/FileDown.do?atchFileId=FILE_00145404HbBEugP&fileSn=0,
549,126281,2,260521 (보도참고자료) 고유가 피해지원금 신청 현황(5.20. 24시 기준).hwpx,hwpx,252865,extracted,,https://www.mois.go.kr/cmm/fms/FileDown.do?atchFileId=FILE_00145404HbBEugP&fileSn=1,1628
550,126267,1,260522 (조간) 지역 문제는 지역이 직접 푼다 지역주도 민관협력체계 사업 7개 조직 선정(사회연대경제지원과).hwpx,hwpx,122004,extracted,,https://www.mois.go.kr/cmm/fms/FileDown.do?atchFileId=FILE_00145379SR6I_IC&fileSn=0,3280
550,126267,2,260522 (조간) 지역 문제는 지역이 직접 푼다 지역주도 민관협력체계 사업 7개 조직 선정(사회연대경제지원과).pdf,,,deferred,,https://www.mois.go.kr/cmm/fms/FileDown.do?atchFileId=FILE_00145379SR6I_IC&fileSn=1,
551,126266,1,260522 (조간) 즐거운 캠핑 화재 안전에 유의하세요!(예방안전제도과).hwpx,hwpx,378231,extracted,,https://www.mois.go.kr/cmm/fms/FileDown.do?atchFileId=FILE_00145378fAcQMuZ&fileSn=0,1585
551,126266,2,260522 (조간) 즐거운 캠핑 화재 안전에 유의하세요!(예방안전제도과).pdf,,,deferred,,https://www.mois.go.kr/cmm/fms/FileDown.do?atchFileId=FILE_00145378fAcQMuZ&fileSn=1,
552,126264,1,260522 (조간) 링크(URL) 대신 공식 마켓으로 모바일 공무원증 설치 더 쉬워진다(국민맞춤서비스과).hwpx,hwpx,242051,extracted,,https://www.mois.go.kr/cmm/fms/FileDown.do?atchFileId=FILE_00145376NTb_bkX&fileSn=0,1587
552,126264,2,260522 (조간) 링크(URL) 대신 공식 마켓으로 모바일 공무원증 설치 더 쉬워진다(국민맞춤서비스과).pdf,,,deferred,,https://www.mois.go.kr/cmm/fms/FileDown.do?atchFileId=FILE_00145376NTb_bkX&fileSn=1,
553,126263,1,260522 (조간) 코딩 몰라도 도전 공무원 AI 코딩 서바이벌 열린다(공공인공지능혁신과).hwpx,hwpx,12357798,extracted,,https://www.mois.go.kr/cmm/fms/FileDown.do?atchFileId=FILE_00145375f4tMl_R&fileSn=0,1887
553,126263,2,260522 (조간) 코딩 몰라도 도전 공무원 AI 코딩 서바이벌 열린다(공공인공지능혁신과).pdf,,,deferred,,https://www.mois.go.kr/cmm/fms/FileDown.do?atchFileId=FILE_00145375f4tMl_R&fileSn=1,
554,126252,1,260520 (즉시) 올여름 호우에 따른 중앙재난안전대책본부 첫 가동(자연재난대응과).hwpx,hwpx,895207,extracted,,https://www.mois.go.kr/cmm/fms/FileDown.do?atchFileId=FILE_00145266SuxeyYL&fileSn=0,870
554,126252,2,260520 (즉시) 올여름 호우에 따른 중앙재난안전대책본부 첫 가동(자연재난대응과).pdf,,,deferred,,https://www.mois.go.kr/cmm/fms/FileDown.do?atchFileId=FILE_00145266SuxeyYL&fileSn=1,
555,126200,1,260521 (13시30분) 행정안전부-대한상공회의소 지역과 기업을 잇는 상시협력체계 가동(균형발전제도과).hwpx,hwpx,30742405,extracted,,https://www.mois.go.kr/cmm/fms/FileDown.do?atchFileId=FILE_00145250U_0R-0y&fileSn=0,1821
555,126200,2,260521 (13시30분) 행정안전부-대한상공회의소 지역과 기업을 잇는 상시협력체계 가동(균형발전제도과).pdf,,,deferred,,https://www.mois.go.kr/cmm/fms/FileDown.do?atchFileId=FILE_00145250U_0R-0y&fileSn=1,
556,126202,1,260521 (조간) 국민 누구나 단일 창구에서 민원 해결 이제 인공지능이 길잡이가 됩니다(원스톱행정서비스추진단 기획총괄과).hwpx,hwpx,371456,extracted,,https://www.mois.go.kr/cmm/fms/FileDown.do?atchFileId=FILE_00145312bkyrVEz&fileSn=0,2532
556,126202,2,260521 (조간) 국민 누구나 단일 창구에서 민원 해결 이제 인공지능이 길잡이가 됩니다(원스톱행정서비스추진단 기획총괄과).pdf,,,deferred,,https://www.mois.go.kr/cmm/fms/FileDown.do?atchFileId=FILE_00145312bkyrVEz&fileSn=1,
557,126201,1,260521 (조간) 버려지던 폐현수막이 고부가가치 자원으로 폐현수막 자원순환 경진대회 개최(주소정보혁신과).hwpx,hwpx,1340166,extracted,,https://www.mois.go.kr/cmm/fms/FileDown.do?atchFileId=FILE_001453114Ko6b-2&fileSn=0,3087
557,126201,2,260521 (조간) 버려지던 폐현수막이 고부가가치 자원으로 폐현수막 자원순환 경진대회 개최(주소정보혁신과).pdf,,,deferred,,https://www.mois.go.kr/cmm/fms/FileDown.do?atchFileId=FILE_001453114Ko6b-2&fileSn=1,
558,126199,1,260520 (11시20분) 행정안전부-법무부 제9회 전국동시지방선거 대국민 담화문 발표(선거의회자치법규과).hwpx,hwpx,190099,extracted,,https://www.mois.go.kr/cmm/fms/FileDown.do?atchFileId=FILE_00145249DVL9PaI&fileSn=0,1117
558,126199,2,260520 (11시20분) 행정안전부-법무부 제9회 전국동시지방선거 대국민 담화문 발표(선거의회자치법규과).pdf,,,deferred,,https://www.mois.go.kr/cmm/fms/FileDown.do?atchFileId=FILE_00145249DVL9PaI&fileSn=1,
559,126220,1,260520 (보도참고자료) 고유가 피해지원금 신청 현황(5.19. 24시 기준).hwpx,hwpx,254000,extracted,,https://www.mois.go.kr/cmm/fms/FileDown.do?atchFileId=FILE_00145308ndXt9oM&fileSn=0,1613
559,126220,2,260520 (보도참고자료) 고유가 피해지원금 신청 현황(5.19. 24시 기준).pdf,,,deferred,,https://www.mois.go.kr/cmm/fms/FileDown.do?atchFileId=FILE_00145308ndXt9oM&fileSn=1,
560,126198,1,260520 (석간) 6.3 지선 D-15 사전투표 모의시험 점검부터 불법현수막 정비까지 선거환경 준비 총력(자치행정과).pdf,,,deferred,,https://www.mois.go.kr/cmm/fms/FileDown.do?atchFileId=FILE_00145248b5eJEbq&fileSn=0,
560,126198,2,260520 (석간) 6.3 지선 D-15 사전투표 모의시험 점검부터 불법현수막 정비까지 선거환경 준비 총력(자치행정과).hwpx,hwpx,116361,extracted,,https://www.mois.go.kr/cmm/fms/FileDown.do?atchFileId=FILE_00145248b5eJEbq&fileSn=1,1693
561,126121,1,260520 (18시) 인공지능 시대 국가 기록관리의 새로운 미래 이끌 제7기 국가기록관리위원회 출범(국가기록원 기록협력과).hwpx,hwpx,184815,extracted,,https://www.mois.go.kr/cmm/fms/FileDown.do?atchFileId=FILE_00145189PkcoQOr&fileSn=0,1768
561,126121,2,260520 (18시) 인공지능 시대 국가 기록관리의 새로운 미래 이끌 제7기 국가기록관리위원회 출범(국가기록원 기록협력과).pdf,,,deferred,,https://www.mois.go.kr/cmm/fms/FileDown.do?atchFileId=FILE_00145189PkcoQOr&fileSn=1,
562,126124,1,260520 (16시) 윤호중 장관 고유가 피해지원금 2차 지급 현장 및 사용처 방문(재정정책과).hwpx,hwpx,232861,extracted,,https://www.mois.go.kr/cmm/fms/FileDown.do?atchFileId=FILE_00145231X73K_mc&fileSn=0,1647
562,126124,2,260520 (16시) 윤호중 장관 고유가 피해지원금 2차 지급 현장 및 사용처 방문(재정정책과).pdf,,,deferred,,https://www.mois.go.kr/cmm/fms/FileDown.do?atchFileId=FILE_00145231X73K_mc&fileSn=1,
563,126122,1,260520 (16시) 민선 9기 성공출범 뒷받침! 제4회 중앙지방정책협의회 개최(자치행정과).hwpx,hwpx,117904,extracted,,https://www.mois.go.kr/cmm/fms/FileDown.do?atchFileId=FILE_001452436MteJ6Z&fileSn=0,1805
563,126122,2,260520 (16시) 민선 9기 성공출범 뒷받침! 제4회 중앙지방정책협의회 개최(자치행정과).pdf,,,deferred,,https://www.mois.go.kr/cmm/fms/FileDown.do?atchFileId=FILE_001452436MteJ6Z&fileSn=1,
564,126120,1,260520 (조간) 글로벌 전문가와 함께 하는 지역사회 방재 주민 안전을 넘어 지속가능한 회복력으로(국립재난안전연구원 연구기획과).hwpx,hwpx,182702,extracted,,https://www.mois.go.kr/cmm/fms/FileDown.do?atchFileId=FILE_00145188fyTu3AY&fileSn=0,896
564,126120,2,260520 (조간) 글로벌 전문가와 함께 하는 지역사회 방재 주민 안전을 넘어 지속가능한 회복력으로(국립재난안전연구원 연구기획과).pdf,,,deferred,,https://www.mois.go.kr/cmm/fms/FileDown.do?atchFileId=FILE_00145188fyTu3AY&fileSn=1,
565,126161,1,260519 (보도참고자료) 고유가 피해지원금 신청 현황(5.18. 24시 기준).hwpx,hwpx,252438,extracted,,https://www.mois.go.kr/cmm/fms/FileDown.do?atchFileId=FILE_00145242iQFPGdK&fileSn=0,1537
565,126161,2,260519 (보도참고자료) 고유가 피해지원금 신청 현황(5.18. 24시 기준).pdf,,,deferred,,https://www.mois.go.kr/cmm/fms/FileDown.do?atchFileId=FILE_00145242iQFPGdK&fileSn=1,
566,126072,1,260519 (17시) 공직 현장 목소리 듣는다 행안부-공무원노조 2026 정책협의체 가동(공무원단체과).hwpx,hwpx,89304,extracted,,https://www.mois.go.kr/cmm/fms/FileDown.do?atchFileId=FILE_00145140vO6ObTG&fileSn=0,1967
566,126072,2,260519 (17시) 공직 현장 목소리 듣는다 행안부-공무원노조 2026 정책협의체 가동(공무원단체과).pdf,,,deferred,,https://www.mois.go.kr/cmm/fms/FileDown.do?atchFileId=FILE_00145140vO6ObTG&fileSn=1,
567,126075,1,260519 (조간) 우리 동네 재생에너지 사업 지방공사와 주민이 함께 키운다(지방공기업정책과).hwpx,hwpx,239892,extracted,,https://www.mois.go.kr/cmm/fms/FileDown.do?atchFileId=FILE_00145118NhpLT_0&fileSn=0,2205
567,126075,2,260519 (조간) 우리 동네 재생에너지 사업 지방공사와 주민이 함께 키운다(지방공기업정책과).pdf,,,deferred,,https://www.mois.go.kr/cmm/fms/FileDown.do?atchFileId=FILE_00145118NhpLT_0&fileSn=1,
568,126073,1,260519 (조간) 민관 협력으로 더 단단해진 정부 정보시스템 통합 관리 본격 가동(국가정보자원관리원 클라우드협력팀).hwpx,hwpx,247091,extracted,,https://www.mois.go.kr/cmm/fms/FileDown.do?atchFileId=FILE_00145171lyObXX7&fileSn=0,2621
568,126073,2,260519 (조간) 민관 협력으로 더 단단해진 정부 정보시스템 통합 관리 본격 가동(국가정보자원관리원 클라우드협력팀).pdf,,,deferred,,https://www.mois.go.kr/cmm/fms/FileDown.do?atchFileId=FILE_00145171lyObXX7&fileSn=1,
569,126096,1,260518 (11시) 하천계곡 불법시설 정비 위한 재난특교세 지원(재난관리정책과).hwpx,hwpx,187845,extracted,,https://www.mois.go.kr/cmm/fms/FileDown.do?atchFileId=FILE_00145166PLuGg_h&fileSn=0,794
569,126096,2,260518 (11시) 하천계곡 불법시설 정비 위한 재난특교세 지원(재난관리정책과).pdf,,,deferred,,https://www.mois.go.kr/cmm/fms/FileDown.do?atchFileId=FILE_00145166PLuGg_h&fileSn=1,
570,126067,1,260518 (조간) 한국의 행정 혁신 노하우 스리랑카의 성장 이끈다(지방자치인재개발원 국제교육협력과).hwpx,hwpx,236360,extracted,,https://www.mois.go.kr/cmm/fms/FileDown.do?atchFileId=FILE_001451391OBvil_&fileSn=0,1587
570,126067,2,260518 (조간) 한국의 행정 혁신 노하우 스리랑카의 성장 이끈다(지방자치인재개발원 국제교육협력과).pdf,,,deferred,,https://www.mois.go.kr/cmm/fms/FileDown.do?atchFileId=FILE_001451391OBvil_&fileSn=1,
571,126066,1,260518 (조간) 인공지능 시대 공공 거버넌스 이끄는 한국 7개 개도국 초청연수 개최(인공지능정부협력과).hwpx,hwpx,238326,extracted,,https://www.mois.go.kr/cmm/fms/FileDown.do?atchFileId=FILE_00145138k9BicNg&fileSn=0,1816
571,126066,2,260518 (조간) 인공지능 시대 공공 거버넌스 이끄는 한국 7개 개도국 초청연수 개최(인공지능정부협력과).pdf,,,deferred,,https://www.mois.go.kr/cmm/fms/FileDown.do?atchFileId=FILE_00145138k9BicNg&fileSn=1,
572,126065,1,260518 (조간) 정책과 청년의 삶을 더 가깝게 행정안전부 제4기 2030청년자문단 활동 시작(혁신행정담당관).hwpx,hwpx,94244,extracted,,https://www.mois.go.kr/cmm/fms/FileDown.do?atchFileId=FILE_00145137NQdfE6x&fileSn=0,1529
572,126065,2,260518 (조간) 정책과 청년의 삶을 더 가깝게 행정안전부 제4기 2030청년자문단 활동 시작(혁신행정담당관).pdf,,,deferred,,https://www.mois.go.kr/cmm/fms/FileDown.do?atchFileId=FILE_00145137NQdfE6x&fileSn=1,
573,126074,1,260518 (조간) 「고유가 피해지원금」 2차 지급 신청 5월 18일 개시(재정정책과).hwpx,hwpx,268271,extracted,,https://www.mois.go.kr/cmm/fms/FileDown.do?atchFileId=FILE_00145117c2fx5AH&fileSn=0,6184
573,126074,2,260518 (조간) 「고유가 피해지원금」 2차 지급 신청 5월 18일 개시(재정정책과).pdf,,,deferred,,https://www.mois.go.kr/cmm/fms/FileDown.do?atchFileId=FILE_00145117c2fx5AH&fileSn=1,
574,126023,1,260516 (16시) 행정안전부 장관-공무원노조 대표 간담회 개최(공무원단체과).hwpx,hwpx,104426,extracted,,https://www.mois.go.kr/cmm/fms/FileDown.do?atchFileId=FILE_00145135ggGxAQi&fileSn=0,1071
574,126023,2,260516 (16시) 행정안전부 장관-공무원노조 대표 간담회 개최(공무원단체과).pdf,,,deferred,,https://www.mois.go.kr/cmm/fms/FileDown.do?atchFileId=FILE_00145135ggGxAQi&fileSn=1,
575,126026,1,260516 (14시) 천만 송이 장미 꽃길 중랑 서울장미축제 철저한 현장점검으로 안전까지 만개(재난안전점검과).hwpx,hwpx,230289,extracted,,https://www.mois.go.kr/cmm/fms/FileDown.do?atchFileId=FILE_00145115uohMVNX&fileSn=0,953
575,126026,2,260516 (14시) 천만 송이 장미 꽃길 중랑 서울장미축제 철저한 현장점검으로 안전까지 만개(재난안전점검과).pdf,,,deferred,,https://www.mois.go.kr/cmm/fms/FileDown.do?atchFileId=FILE_00145115uohMVNX&fileSn=1,
576,126047,1,260515 (11시) 산불 위험 지속 6월 3일까지 대비태세 이어간다(환경산림재난대응과).hwpx,hwpx,193583,extracted,,https://www.mois.go.kr/cmm/fms/FileDown.do?atchFileId=FILE_00145146PzY3exc&fileSn=0,1156
576,126047,2,260515 (11시) 산불 위험 지속 6월 3일까지 대비태세 이어간다(환경산림재난대응과).pdf,,,deferred,,https://www.mois.go.kr/cmm/fms/FileDown.do?atchFileId=FILE_00145146PzY3exc&fileSn=1,
577,126018,1,260515 (18시) 빈 호텔이 청년의 보금자리로 사회연대경제 기반 우수 주거모델 현장 방문(사회연대경제지원과).hwpx,hwpx,110921,extracted,,https://www.mois.go.kr/cmm/fms/FileDown.do?atchFileId=FILE_00145113QHAbIWW&fileSn=0,1310
577,126018,2,260515 (18시) 빈 호텔이 청년의 보금자리로 사회연대경제 기반 우수 주거모델 현장 방문(사회연대경제지원과).pdf,,,deferred,,https://www.mois.go.kr/cmm/fms/FileDown.do?atchFileId=FILE_00145113QHAbIWW&fileSn=1,
578,126017,1,260515 (16시) 고유가 피해지원금 5월 18일 2차 접수 시작 행정안전부-지방정부 지급 준비에 만전(재정정책과).hwpx,hwpx,237864,extracted,,https://www.mois.go.kr/cmm/fms/FileDown.do?atchFileId=FILE_00145112vJXWom7&fileSn=0,1446
578,126017,2,260515 (16시) 고유가 피해지원금 5월 18일 2차 접수 시작 행정안전부-지방정부 지급 준비에 만전(재정정책과).pdf,,,deferred,,https://www.mois.go.kr/cmm/fms/FileDown.do?atchFileId=FILE_00145112vJXWom7&fileSn=1,
579,126010,1,260514 (15시) 하천계곡 불법시설 종합정비 본격 추진(재난관리정책과).hwpx,hwpx,182041,extracted,,https://www.mois.go.kr/cmm/fms/FileDown.do?atchFileId=FILE_00145070NtDHBIa&fileSn=0,1516
579,126010,2,260514 (15시) 하천계곡 불법시설 종합정비 본격 추진(재난관리정책과).pdf,,,deferred,,https://www.mois.go.kr/cmm/fms/FileDown.do?atchFileId=FILE_00145070NtDHBIa&fileSn=1,
580,125993,1,260515 (조간) 더 넓고 더 가깝게 국민 곁으로 국가기록원 대전기록정보센터 확대 이전(국가기록원 대전분원).hwpx,hwpx,878632,extracted,,https://www.mois.go.kr/cmm/fms/FileDown.do?atchFileId=FILE_00145010qa9Oq6Z&fileSn=0,1453
580,125993,2,260515 (조간) 더 넓고 더 가깝게 국민 곁으로 국가기록원 대전기록정보센터 확대 이전(국가기록원 대전분원).pdf,,,deferred,,https://www.mois.go.kr/cmm/fms/FileDown.do?atchFileId=FILE_00145010qa9Oq6Z&fileSn=1,
581,125992,1,260515 (조간) 재난문자 상세정보 제공 시범운영 전국 확대 여름철 재난정보 전달 강화(재난정보통신과).hwpx,hwpx,1247837,extracted,,https://www.mois.go.kr/cmm/fms/FileDown.do?atchFileId=FILE_00145009KLDxzyP&fileSn=0,1149
581,125992,2,260515 (조간) 재난문자 상세정보 제공 시범운영 전국 확대 여름철 재난정보 전달 강화(재난정보통신과).pdf,,,deferred,,https://www.mois.go.kr/cmm/fms/FileDown.do?atchFileId=FILE_00145009KLDxzyP&fileSn=1,
582,125988,1,260514 (9시) 주민등록등본 발급해줘 AI국민비서 이제말로하세요(공공서비스혁신과).hwpx,hwpx,575290,extracted,,https://www.mois.go.kr/cmm/fms/FileDown.do?atchFileId=FILE_00145008mwJHUZy&fileSn=0,1620
582,125988,2,260514 (9시) 주민등록등본 발급해줘 AI국민비서 이제말로하세요(공공서비스혁신과).pdf,,,deferred,,https://www.mois.go.kr/cmm/fms/FileDown.do?atchFileId=FILE_00145008mwJHUZy&fileSn=1,
583,125958,1,260514 (16시) 고유가 피해지원금 2차도 차질없이 행정안전부 시·도와 준비상황 점검(재정정책과).hwpx,hwpx,238738,extracted,,https://www.mois.go.kr/cmm/fms/FileDown.do?atchFileId=FILE_00145006ex55mmV&fileSn=0,1495
583,125958,2,260514 (16시) 고유가 피해지원금 2차도 차질없이 행정안전부 시·도와 준비상황 점검(재정정책과).pdf,,,deferred,,https://www.mois.go.kr/cmm/fms/FileDown.do?atchFileId=FILE_00145006ex55mmV&fileSn=1,
584,125957,1,260514 (조간) 고위관리자 교육으로 재난대처 실전 지휘역량 제고(국가재난안전교육원 재난안전교육과).hwpx,hwpx,243896,extracted,,https://www.mois.go.kr/cmm/fms/FileDown.do?atchFileId=FILE_00145005yivdxuG&fileSn=0,1428
584,125957,2,260514 (조간) 고위관리자 교육으로 재난대처 실전 지휘역량 제고(국가재난안전교육원 재난안전교육과).pdf,,,deferred,,https://www.mois.go.kr/cmm/fms/FileDown.do?atchFileId=FILE_00145005yivdxuG&fileSn=1,
585,125956,1,260514 (조간) 5월 가뭄 예·경보 발표(기후재난관리과).hwpx,hwpx,12791113,extracted,,https://www.mois.go.kr/cmm/fms/FileDown.do?atchFileId=FILE_001450042SBldsr&fileSn=0,3465
585,125956,2,260514 (조간) 5월 가뭄 예·경보 발표(기후재난관리과).pdf,,,deferred,,https://www.mois.go.kr/cmm/fms/FileDown.do?atchFileId=FILE_001450042SBldsr&fileSn=1,
586,125923,1,260513 (17시) 재난 시 구호물자 신속 전달! 여름철 앞두고 민·관 협력 구호체계 가동(재난구호과).hwpx,hwpx,241559,extracted,,https://www.mois.go.kr/cmm/fms/FileDown.do?atchFileId=FILE_00145026dcmbeMo&fileSn=0,774
586,125923,2,260513 (17시) 재난 시 구호물자 신속 전달! 여름철 앞두고 민·관 협력 구호체계 가동(재난구호과).pdf,,,deferred,,https://www.mois.go.kr/cmm/fms/FileDown.do?atchFileId=FILE_00145026dcmbeMo&fileSn=1,
587,125943,1,260513 (16시) 여름철 인명피해 획기적 감축을 위한 범정부 총력 대응체계 운영(자연재난대응과).hwpx,hwpx,92564,extracted,,https://www.mois.go.kr/cmm/fms/FileDown.do?atchFileId=FILE_00145029YP_T7rH&fileSn=0,3881
587,125943,2,260513 (16시) 여름철 인명피해 획기적 감축을 위한 범정부 총력 대응체계 운영(자연재난대응과).pdf,,,deferred,,https://www.mois.go.kr/cmm/fms/FileDown.do?atchFileId=FILE_00145029YP_T7rH&fileSn=1,
587,125943,3,(참고) 2026 여름철 자연재난(풍수해·폭염) 대책(자연재난대응과).hwpx,hwpx,88041,extracted,,https://www.mois.go.kr/cmm/fms/FileDown.do?atchFileId=FILE_00145029YP_T7rH&fileSn=2,6235
587,125943,4,(참고) 2026 여름철 자연재난(풍수해·폭염) 대책(자연재난대응과).pdf,,,deferred,,https://www.mois.go.kr/cmm/fms/FileDown.do?atchFileId=FILE_00145029YP_T7rH&fileSn=3,
588,125938,1,260512 (국무회의 종료시) 인공지능이 읽는 행정문서 시대 열린다 개방형 문서 형식 준수 의무화(정보공개제도과).hwpx,hwpx,81879,extracted,,https://www.mois.go.kr/cmm/fms/FileDown.do?atchFileId=FILE_00145028lVPe_x-&fileSn=0,1385
588,125938,2,260512 (국무회의 종료시) 인공지능이 읽는 행정문서 시대 열린다 개방형 문서 형식 준수 의무화(정보공개제도과).pdf,,,deferred,,https://www.mois.go.kr/cmm/fms/FileDown.do?atchFileId=FILE_00145028lVPe_x-&fileSn=1,
589,125924,1,260513 (조간) 지방시대 이끄는 여성 공직자의 힘 제27회 여성리더심화과정 운영(지방자치인재개발원 전문역량교육과).hwpx,hwpx,237687,extracted,,https://www.mois.go.kr/cmm/fms/FileDown.do?atchFileId=FILE_00145027Zjbnkqw&fileSn=0,1601
589,125924,2,260513 (조간) 지방시대 이끄는 여성 공직자의 힘 제27회 여성리더심화과정 운영(지방자치인재개발원 전문역량교육과).pdf,,,deferred,,https://www.mois.go.kr/cmm/fms/FileDown.do?atchFileId=FILE_00145027Zjbnkqw&fileSn=1,
590,125917,1,260512 (9시) 140년 우정의 기록 전시로 피어난다. 대통령기록관‧국립고궁박물관 맞손(대통령기록관 기록서비스과).hwpx,hwpx,117989,extracted,,https://www.mois.go.kr/cmm/fms/FileDown.do?atchFileId=FILE_00145023usF0wIb&fileSn=0,3569
590,125917,2,260512 (9시) 140년 우정의 기록 전시로 피어난다. 대통령기록관‧국립고궁박물관 맞손(대통령기록관 기록서비스과).pdf,,,deferred,,https://www.mois.go.kr/cmm/fms/FileDown.do?atchFileId=FILE_00145023usF0wIb&fileSn=1,
591,125915,1,(보도참고자료) 260511 (16시) 민생회복 소비쿠폰 경제적 효과 분석 연구용역 결과 발표(재정정책과).hwpx,hwpx,187168,extracted,,https://www.mois.go.kr/cmm/fms/FileDown.do?atchFileId=FILE_00145022MjMjBZM&fileSn=0,2836
591,125915,2,(보도참고자료) 260511 (16시) 민생회복 소비쿠폰 경제적 효과 분석 연구용역 결과 발표(재정정책과).pdf,,,deferred,,https://www.mois.go.kr/cmm/fms/FileDown.do?atchFileId=FILE_00145022MjMjBZM&fileSn=1,
592,125874,1,260512 (14시) 핵심 사업 이끌면 고속 승진 중앙-지방-기업 인사교류 파격 인센티브(지방인사제도과).hwpx,hwpx,139502,extracted,,https://www.mois.go.kr/cmm/fms/FileDown.do?atchFileId=FILE_001449792n5iEja&fileSn=0,2801
592,125874,2,260512 (14시) 핵심 사업 이끌면 고속 승진 중앙-지방-기업 인사교류 파격 인센티브(지방인사제도과).pdf,,,deferred,,https://www.mois.go.kr/cmm/fms/FileDown.do?atchFileId=FILE_001449792n5iEja&fileSn=1,
593,125875,1,260512 (조간) 전국 빗물받이 정비 우수사례 한 곳에 모아 여름철 침수 예방에 활용한다(재난관리정책과).hwpx,hwpx,13826968,extracted,,https://www.mois.go.kr/cmm/fms/FileDown.do?atchFileId=FILE_00144980xj1QvKK&fileSn=0,1457
593,125875,2,260512 (조간) 전국 빗물받이 정비 우수사례 한 곳에 모아 여름철 침수 예방에 활용한다(재난관리정책과).pdf,,,deferred,,https://www.mois.go.kr/cmm/fms/FileDown.do?atchFileId=FILE_00144980xj1QvKK&fileSn=1,
594,125906,1,260511 (11시) 고유가 피해지원금 2차 지급 5월 18일 개시(재정정책과).hwpx,hwpx,7886054,extracted,,https://www.mois.go.kr/cmm/fms/FileDown.do?atchFileId=FILE_00145021uVbUUTu&fileSn=0,13692
594,125906,2,260511 (11시) 고유가 피해지원금 2차 지급 5월 18일 개시(재정정책과).pdf,,,deferred,,https://www.mois.go.kr/cmm/fms/FileDown.do?atchFileId=FILE_00145021uVbUUTu&fileSn=1,
595,125873,1,260511 (조간) 한-모로코 기록관리 협력 결실 보존·복원 역량강화 연수 마무리(국가기록원 기록관리교육센터).hwpx,hwpx,183518,extracted,,https://www.mois.go.kr/cmm/fms/FileDown.do?atchFileId=FILE_00144978jSWdF-_&fileSn=0,2042
595,125873,2,260511 (조간) 한-모로코 기록관리 협력 결실 보존·복원 역량강화 연수 마무리(국가기록원 기록관리교육센터).pdf,,,deferred,,https://www.mois.go.kr/cmm/fms/FileDown.do?atchFileId=FILE_00144978jSWdF-_&fileSn=1,
596,125872,1,260511 (조간) 어떤 재난 위기에도 흔들림 없도록 2026년 상반기 재난대응 안전한국훈련 실시(재난대응훈련과).hwpx,hwpx,3245687,extracted,,https://www.mois.go.kr/cmm/fms/FileDown.do?atchFileId=FILE_00144977yg-87To&fileSn=0,3059
596,125872,2,260511 (조간) 어떤 재난 위기에도 흔들림 없도록 2026년 상반기 재난대응 안전한국훈련 실시(재난대응훈련과).pdf,,,deferred,,https://www.mois.go.kr/cmm/fms/FileDown.do?atchFileId=FILE_00144977yg-87To&fileSn=1,
597,125871,1,260511 (조간) 보탬e 카드 확대로 지방보조금 집행 더 편리하고 투명해진다(지방재정보조금정보과).hwpx,hwpx,2204796,extracted,,https://www.mois.go.kr/cmm/fms/FileDown.do?atchFileId=FILE_00144976AOYiVBL&fileSn=0,2368
597,125871,2,260511 (조간) 보탬e 카드 확대로 지방보조금 집행 더 편리하고 투명해진다(지방재정보조금정보과).pdf,,,deferred,,https://www.mois.go.kr/cmm/fms/FileDown.do?atchFileId=FILE_00144976AOYiVBL&fileSn=1,
598,125876,1,260508 (보도참고자료) 고유가 피해지원금 신청 현황(5.8. 18시 기준).hwpx,hwpx,248425,extracted,,https://www.mois.go.kr/cmm/fms/FileDown.do?atchFileId=FILE_00144937SRCy8Xy&fileSn=0,1381
598,125876,2,260508 (보도참고자료) 고유가 피해지원금 신청 현황(5.8. 18시 기준).pdf,,,deferred,,https://www.mois.go.kr/cmm/fms/FileDown.do?atchFileId=FILE_00144937SRCy8Xy&fileSn=1,
599,125835,1,260509 (18시) 전남광주통합특별시준비위원회 공식 출범 지역 균형발전의 새 장 연다(범정부지방행정체제개편지원단 기획총괄과).hwpx,hwpx,111145,extracted,,https://www.mois.go.kr/cmm/fms/FileDown.do?atchFileId=FILE_00144910QGB5w6G&fileSn=0,1685
599,125835,2,260509 (18시) 전남광주통합특별시준비위원회 공식 출범 지역 균형발전의 새 장 연다(범정부지방행정체제개편지원단 기획총괄과).pdf,,,deferred,,https://www.mois.go.kr/cmm/fms/FileDown.do?atchFileId=FILE_00144910QGB5w6G&fileSn=1,
600,125855,1,260508 (17시) 민주주의 훼손하는 허위·가짜뉴스 엄단 6.3 지방선거 대비 총력 대응(선거의회자치법규과).hwpx,hwpx,195989,extracted,,https://www.mois.go.kr/cmm/fms/FileDown.do?atchFileId=FILE_00144963lCAcIAt&fileSn=0,2544
600,125855,2,260508 (17시) 민주주의 훼손하는 허위·가짜뉴스 엄단 6.3 지방선거 대비 총력 대응(선거의회자치법규과).pdf,,,deferred,,https://www.mois.go.kr/cmm/fms/FileDown.do?atchFileId=FILE_00144963lCAcIAt&fileSn=1,
601,125856,1,260508 (16시) 행정안전부 재난안전관리본부장 대전 안전공업 화재 희생자 합동분향소 조문(국토산업재난대응과).hwpx,hwpx,135358,extracted,,https://www.mois.go.kr/cmm/fms/FileDown.do?atchFileId=FILE_001449146K7yAhf&fileSn=0,1312
601,125856,2,260508 (16시) 행정안전부 재난안전관리본부장 대전 안전공업 화재 희생자 합동분향소 조문(국토산업재난대응과).pdf,,,deferred,,https://www.mois.go.kr/cmm/fms/FileDown.do?atchFileId=FILE_001449146K7yAhf&fileSn=1,
602,125833,1,260507 (본회의 의결시) 인천광역시 서구 주민 뜻 모아 서해구로 새출발(자치분권지원과).hwpx,hwpx,2009717,extracted,,https://www.mois.go.kr/cmm/fms/FileDown.do?atchFileId=FILE_00144909AlSvYJs&fileSn=0,926
602,125833,2,260507 (본회의 의결시) 인천광역시 서구 주민 뜻 모아 서해구로 새출발(자치분권지원과).pdf,,,deferred,,https://www.mois.go.kr/cmm/fms/FileDown.do?atchFileId=FILE_00144909AlSvYJs&fileSn=1,
603,125832,1,260507 (본회의 의결시) 특례시 실질적 권한 확대해 거점도시로 도약한다(자치분권지원과).hwpx,hwpx,82757,extracted,,https://www.mois.go.kr/cmm/fms/FileDown.do?atchFileId=FILE_00144908SBEmqh0&fileSn=0,1506
603,125832,2,260507 (본회의 의결시) 특례시 실질적 권한 확대해 거점도시로 도약한다(자치분권지원과).pdf,,,deferred,,https://www.mois.go.kr/cmm/fms/FileDown.do?atchFileId=FILE_00144908SBEmqh0&fileSn=1,
604,125831,1,260507 (본회의 의결시) 5극3특 균형성장 본격 추진 기반 마련 지방분권균형발전법 개정안 국회 통과(자치분권제도과).hwpx,hwpx,263728,extracted,,https://www.mois.go.kr/cmm/fms/FileDown.do?atchFileId=FILE_00144907O6imV1a&fileSn=0,3001
604,125831,2,260507 (본회의 의결시) 5극3특 균형성장 본격 추진 기반 마련 지방분권균형발전법 개정안 국회 통과(자치분권제도과).pdf,,,deferred,,https://www.mois.go.kr/cmm/fms/FileDown.do?atchFileId=FILE_00144907O6imV1a&fileSn=1,
605,125804,1,260508 (17시) 자연재난 인명피해의 획기적 감축 위한 기관별 안전관리 대책 점검(자연재난대응과).hwpx,hwpx,83636,extracted,,https://www.mois.go.kr/cmm/fms/FileDown.do?atchFileId=FILE_00144911Wy5gCWW&fileSn=0,1294
605,125804,2,260508 (17시) 자연재난 인명피해의 획기적 감축 위한 기관별 안전관리 대책 점검(자연재난대응과).pdf,,,deferred,,https://www.mois.go.kr/cmm/fms/FileDown.do?atchFileId=FILE_00144911Wy5gCWW&fileSn=1,
606,125809,1,260508 (16시) 국가기록원 132년 전 민중의 열망 담긴 동학농민혁명 기록물 되살려(국가기록원 복원관리과).hwpx,hwpx,8893244,extracted,,https://www.mois.go.kr/cmm/fms/FileDown.do?atchFileId=FILE_001449054-ZJ_pf&fileSn=0,2784
606,125809,2,260508 (16시) 국가기록원 132년 전 민중의 열망 담긴 동학농민혁명 기록물 되살려(국가기록원 복원관리과).pdf,,,deferred,,https://www.mois.go.kr/cmm/fms/FileDown.do?atchFileId=FILE_001449054-ZJ_pf&fileSn=1,
607,125805,1,260508 (16시) 가정의 달 맞아 남이섬 유·도선 안전관리 현장 점검(재난안전점검과).hwpx,hwpx,176977,extracted,,https://www.mois.go.kr/cmm/fms/FileDown.do?atchFileId=FILE_00144901pFjzalj&fileSn=0,791
607,125805,2,260508 (16시) 가정의 달 맞아 남이섬 유·도선 안전관리 현장 점검(재난안전점검과).pdf,,,deferred,,https://www.mois.go.kr/cmm/fms/FileDown.do?atchFileId=FILE_00144901pFjzalj&fileSn=1,
608,125810,1,260506 (조간) 권한 키우고 제한은 풀고 전남광주통합특별시 차질없는 출범 위한 행정기구 정비(자치분권제도과).hwpx,hwpx,243320,extracted,,https://www.mois.go.kr/cmm/fms/FileDown.do?atchFileId=FILE_00144906eVrUVou&fileSn=0,1762
608,125810,2,260506 (조간) 권한 키우고 제한은 풀고 전남광주통합특별시 차질없는 출범 위한 행정기구 정비(자치분권제도과).pdf,,,deferred,,https://www.mois.go.kr/cmm/fms/FileDown.do?atchFileId=FILE_00144906eVrUVou&fileSn=1,
609,125803,1,260508 (조간) 개학기 초등학교 주변 안전점검 결과 위해요소 21만여 건 적발(안전개선과).hwpx,hwpx,116615,extracted,,https://www.mois.go.kr/cmm/fms/FileDown.do?atchFileId=FILE_00144749zFbSbgt&fileSn=0,2930
609,125803,2,260508 (조간) 개학기 초등학교 주변 안전점검 결과 위해요소 21만여 건 적발(안전개선과).pdf,,,deferred,,https://www.mois.go.kr/cmm/fms/FileDown.do?atchFileId=FILE_00144749zFbSbgt&fileSn=1,
610,125797,1,260507 (석간) 봄 나들이철 낚시어선 안전관리 실태 관계기관 합동 점검(농축산해양재난대응과).hwpx,hwpx,99474,extracted,,https://www.mois.go.kr/cmm/fms/FileDown.do?atchFileId=FILE_00144859L7xLvdW&fileSn=0,763
610,125797,2,260507 (석간) 봄 나들이철 낚시어선 안전관리 실태 관계기관 합동 점검(농축산해양재난대응과).pdf,,,deferred,,https://www.mois.go.kr/cmm/fms/FileDown.do?atchFileId=FILE_00144859L7xLvdW&fileSn=1,
611,125796,1,260507 (석간) 프로그램 직접 만드는 AI 리더 공무원 육성(공공인공지능혁신과).hwpx,hwpx,189092,extracted,,https://www.mois.go.kr/cmm/fms/FileDown.do?atchFileId=FILE_00144858TBXnUBP&fileSn=0,1994
611,125796,2,260507 (석간) 프로그램 직접 만드는 AI 리더 공무원 육성(공공인공지능혁신과).pdf,,,deferred,,https://www.mois.go.kr/cmm/fms/FileDown.do?atchFileId=FILE_00144858TBXnUBP&fileSn=1,
612,125770,1,260507 (조간) 재외국민 국내 휴대전화 없어도 재외국민 인증서로 공공 웹사이트 이용한다(국민맞춤서비스과).hwpx,hwpx,295886,extracted,,https://www.mois.go.kr/cmm/fms/FileDown.do?atchFileId=FILE_00144872jlqb8lc&fileSn=0,1904
612,125770,2,260507 (조간) 재외국민 국내 휴대전화 없어도 재외국민 인증서로 공공 웹사이트 이용한다(국민맞춤서비스과).pdf,,,deferred,,https://www.mois.go.kr/cmm/fms/FileDown.do?atchFileId=FILE_00144872jlqb8lc&fileSn=1,
613,125767,1,260506 (조간) 2417억 규모 범정부 정보자원 도입 행정 서비스 안정성 강화에 집중 투자(국가정보자원관리원 정보자원관리과).hwpx,hwpx,239488,extracted,,https://www.mois.go.kr/cmm/fms/FileDown.do?atchFileId=FILE_00144871QFRjuJY&fileSn=0,1714
613,125767,2,260506 (조간) 2417억 규모 범정부 정보자원 도입 행정 서비스 안정성 강화에 집중 투자(국가정보자원관리원 정보자원관리과).pdf,,,deferred,,https://www.mois.go.kr/cmm/fms/FileDown.do?atchFileId=FILE_00144871QFRjuJY&fileSn=1,
614,125765,1,260506 (조간) 민원처리 부득이한 연장 사라지고 시스템 장애 시에도 중단 없는 행정 편의 보장(민원제도과).hwpx,hwpx,112568,extracted,,https://www.mois.go.kr/cmm/fms/FileDown.do?atchFileId=FILE_00144810d36MTpe&fileSn=0,1795
614,125765,2,260506 (조간) 민원처리 부득이한 연장 사라지고 시스템 장애 시에도 중단 없는 행정 편의 보장(민원제도과).pdf,,,deferred,,https://www.mois.go.kr/cmm/fms/FileDown.do?atchFileId=FILE_00144810d36MTpe&fileSn=1,
615,125701,1,260505 (16시) 여름철 우기 대비 재해복구사업 추진상황 점검(복구지원과).hwpx,hwpx,182087,extracted,,https://www.mois.go.kr/cmm/fms/FileDown.do?atchFileId=FILE_001448077_6GlfS&fileSn=0,1220
615,125701,2,260505 (16시) 여름철 우기 대비 재해복구사업 추진상황 점검(복구지원과).pdf,,,deferred,,https://www.mois.go.kr/cmm/fms/FileDown.do?atchFileId=FILE_001448077_6GlfS&fileSn=1,
616,125741,1,260504 (보도참고자료) 고유가 피해지원금 신청 현황(5.3. 24시 기준).hwpx,hwpx,247006,extracted,,https://www.mois.go.kr/cmm/fms/FileDown.do?atchFileId=FILE_00144808qFxhK_w&fileSn=0,1334
616,125741,2,260504 (보도참고자료) 고유가 피해지원금 신청 현황(5.3. 24시 기준).pdf,,,deferred,,https://www.mois.go.kr/cmm/fms/FileDown.do?atchFileId=FILE_00144808qFxhK_w&fileSn=1,
617,125699,1,260504 (조간) 2025년 재난·사고 피해조사 통계 공표(안전개선과).hwpx,hwpx,2221026,extracted,,https://www.mois.go.kr/cmm/fms/FileDown.do?atchFileId=FILE_00144806GYc1fyN&fileSn=0,1997
617,125699,2,260504 (조간) 2025년 재난·사고 피해조사 통계 공표(안전개선과).pdf,,,deferred,,https://www.mois.go.kr/cmm/fms/FileDown.do?atchFileId=FILE_00144806GYc1fyN&fileSn=1,
618,125698,1,260504 (조간) 2026년 재난안전사업 평가 결과 모범사업 6건 선정(안전사업조정과).hwpx,hwpx,238869,extracted,,https://www.mois.go.kr/cmm/fms/FileDown.do?atchFileId=FILE_00144805vonxgp9&fileSn=0,1827
618,125698,2,260504 (조간) 2026년 재난안전사업 평가 결과 모범사업 6건 선정(안전사업조정과).pdf,,,deferred,,https://www.mois.go.kr/cmm/fms/FileDown.do?atchFileId=FILE_00144805vonxgp9&fileSn=1,
619,125697,1,260504 (조간) 재난안전기업 사업화 역량 강화 컨설팅 참여기업 공모(재난안전산업과).hwpx,hwpx,239016,extracted,,https://www.mois.go.kr/cmm/fms/FileDown.do?atchFileId=FILE_00144804RRIEGeM&fileSn=0,1132
619,125697,2,260504 (조간) 재난안전기업 사업화 역량 강화 컨설팅 참여기업 공모(재난안전산업과).pdf,,,deferred,,https://www.mois.go.kr/cmm/fms/FileDown.do?atchFileId=FILE_00144804RRIEGeM&fileSn=1,
620,125696,1,260504 (조간) 하천·계곡 내 불법 점용시설 재조사 실태 관계기관 합동 안전감찰 실시(안전감찰담당관).hwpx,hwpx,144694,extracted,,https://www.mois.go.kr/cmm/fms/FileDown.do?atchFileId=FILE_00144803_Bc5WHm&fileSn=0,1242
620,125696,2,260504 (조간) 하천·계곡 내 불법 점용시설 재조사 실태 관계기관 합동 안전감찰 실시(안전감찰담당관).pdf,,,deferred,,https://www.mois.go.kr/cmm/fms/FileDown.do?atchFileId=FILE_00144803_Bc5WHm&fileSn=1,
621,125695,1,260504 (토 18시) 10만 원 지원받고 섬으로 놀러오세요 2026년 섬 방문의 해 선포(균형발전진흥과).hwpx,hwpx,235750,extracted,,https://www.mois.go.kr/cmm/fms/FileDown.do?atchFileId=FILE_00144802GPdLp7o&fileSn=0,1783
621,125695,2,260504 (토 18시) 10만 원 지원받고 섬으로 놀러오세요 2026년 섬 방문의 해 선포(균형발전진흥과).pdf,,,deferred,,https://www.mois.go.kr/cmm/fms/FileDown.do?atchFileId=FILE_00144802GPdLp7o&fileSn=1,
622,125691,1,260504 (토 18시) 행정안전부 기업과 손잡고 완도 체험형 프로그램 개발 및 운영(균형발전제도과).hwpx,hwpx,177599,extracted,,https://www.mois.go.kr/cmm/fms/FileDown.do?atchFileId=FILE_001448014B31vqb&fileSn=0,1499
622,125691,2,260504 (토 18시) 행정안전부 기업과 손잡고 완도 체험형 프로그램 개발 및 운영(균형발전제도과).pdf,,,deferred,,https://www.mois.go.kr/cmm/fms/FileDown.do?atchFileId=FILE_001448014B31vqb&fileSn=1,
623,125690,1,260504 (조간) 내 앱에서 바로 신분 확인 모바일 신분증 12개 앱으로 확대(국민맞춤서비스과).hwpx,hwpx,111529,extracted,,https://www.mois.go.kr/cmm/fms/FileDown.do?atchFileId=FILE_00144780KvcN9JR&fileSn=0,1249
623,125690,2,260504 (조간) 내 앱에서 바로 신분 확인 모바일 신분증 12개 앱으로 확대(국민맞춤서비스과).pdf,,,deferred,,https://www.mois.go.kr/cmm/fms/FileDown.do?atchFileId=FILE_00144780KvcN9JR&fileSn=1,
624,125712,1,260501 (보도참고자료) 고유가 피해지원금 신청 현황(4.30.).hwpx,hwpx,247409,extracted,,https://www.mois.go.kr/cmm/fms/FileDown.do?atchFileId=FILE_00144813_RbBZLc&fileSn=0,1334
624,125712,2,260501 (보도참고자료) 고유가 피해지원금 신청 현황(4.30.).pdf,,,deferred,,https://www.mois.go.kr/cmm/fms/FileDown.do?atchFileId=FILE_00144813_RbBZLc&fileSn=1,
625,125622,1,260501 (17시) 행정안전부 젊은 엔진으로 미래를 설계하다 2026년 혁신체인저 정책 아이디어톤 개최(혁신행정담당관).hwpx,hwpx,111020,extracted,,https://www.mois.go.kr/cmm/fms/FileDown.do?atchFileId=FILE_00144714D1j5djs&fileSn=0,1298
625,125622,2,260501 (17시) 행정안전부 젊은 엔진으로 미래를 설계하다 2026년 혁신체인저 정책 아이디어톤 개최(혁신행정담당관).pdf,,,deferred,,https://www.mois.go.kr/cmm/fms/FileDown.do?atchFileId=FILE_00144714D1j5djs&fileSn=1,
626,125655,1,260430 (13시30분) 세월호 참사 당일 비서실 국가안보실 대통령지정기록물 목록 28건 공개 결정(대통령기록관 지정기록관리과).hwpx,hwpx,179370,extracted,,https://www.mois.go.kr/cmm/fms/FileDown.do?atchFileId=FILE_00144753g_4Ew9r&fileSn=0,1119
626,125655,2,260430 (13시30분) 세월호 참사 당일 비서실 국가안보실 대통령지정기록물 목록 28건 공개 결정(대통령기록관 지정기록관리과).pdf,,,deferred,,https://www.mois.go.kr/cmm/fms/FileDown.do?atchFileId=FILE_00144753g_4Ew9r&fileSn=1,
627,125654,1,260430 (13시30분) 주유소에서 연 매출액 관계없이 고유가 피해지원금 사용 가능해진다(재정정책과).hwpx,hwpx,239470,extracted,,https://www.mois.go.kr/cmm/fms/FileDown.do?atchFileId=FILE_001447529KoBO-b&fileSn=0,1312
627,125654,2,260430 (13시30분) 주유소에서 연 매출액 관계없이 고유가 피해지원금 사용 가능해진다(재정정책과).pdf,,,deferred,,https://www.mois.go.kr/cmm/fms/FileDown.do?atchFileId=FILE_001447529KoBO-b&fileSn=1,
628,125623,1,260501 (조간) 설레는 봄 나들이 안전 먼저 챙기세요!(예방안전제도과).hwpx,hwpx,885477,extracted,,https://www.mois.go.kr/cmm/fms/FileDown.do?atchFileId=FILE_00144715PS0no4u&fileSn=0,1639
628,125623,2,260501 (조간) 설레는 봄 나들이 안전 먼저 챙기세요!(예방안전제도과).pdf,,,deferred,,https://www.mois.go.kr/cmm/fms/FileDown.do?atchFileId=FILE_00144715PS0no4u&fileSn=1,
629,125647,1,260430 (보도참고자료) 고유가 피해지원금 신청 현황(4.29. 24시 기준).hwpx,hwpx,246314,extracted,,https://www.mois.go.kr/cmm/fms/FileDown.do?atchFileId=FILE_00144720qCE7117&fileSn=0,1315
629,125647,2,260430 (보도참고자료) 고유가 피해지원금 신청 현황(4.29. 24시 기준).pdf,,,deferred,,https://www.mois.go.kr/cmm/fms/FileDown.do?atchFileId=FILE_00144720qCE7117&fileSn=1,
630,125638,1,260430 (11시) 민생회복은 신속히 공직기강은 빈틈없이(자치행정과).pdf,,,deferred,,https://www.mois.go.kr/cmm/fms/FileDown.do?atchFileId=FILE_00144717qqdisWM&fileSn=0,
630,125638,2,260430 (11시) 민생회복은 신속히 공직기강은 빈틈없이(자치행정과).hwpx,hwpx,111580,extracted,,https://www.mois.go.kr/cmm/fms/FileDown.do?atchFileId=FILE_00144717qqdisWM&fileSn=1,1532
631,125624,1,260430 (석간) 청년이 지역에서 기회를 만들고 정착하는 시작 2026년 청년마을 본격 출발(사회연대경제지원과).hwpx,hwpx,78252,extracted,,https://www.mois.go.kr/cmm/fms/FileDown.do?atchFileId=FILE_00144716arYrM-1&fileSn=0,1321
631,125624,2,260430 (석간) 청년이 지역에서 기회를 만들고 정착하는 시작 2026년 청년마을 본격 출발(사회연대경제지원과).pdf,,,deferred,,https://www.mois.go.kr/cmm/fms/FileDown.do?atchFileId=FILE_00144716arYrM-1&fileSn=1,
632,125600,1,260430 (석간) 더 빨라진 행정 더 꼼꼼한 정책 온AI 모바일 서비스 개시(공공인공지능혁신과).hwpx,hwpx,4758052,extracted,,https://www.mois.go.kr/cmm/fms/FileDown.do?atchFileId=FILE_00144674mKMXFso&fileSn=0,3798
632,125600,2,260430 (석간) 더 빨라진 행정 더 꼼꼼한 정책 온AI 모바일 서비스 개시(공공인공지능혁신과).pdf,,,deferred,,https://www.mois.go.kr/cmm/fms/FileDown.do?atchFileId=FILE_00144674mKMXFso&fileSn=1,
633,125608,1,260430 (00시) 중대범죄수사청 개청 준비 본격화 중수청 개청준비단 출범(중대범죄수사청설립지원단).hwpx,hwpx,75064,extracted,,https://www.mois.go.kr/cmm/fms/FileDown.do?atchFileId=FILE_00144678_R-7COg&fileSn=0,1420
633,125608,2,260430 (00시) 중대범죄수사청 개청 준비 본격화 중수청 개청준비단 출범(중대범죄수사청설립지원단).pdf,,,deferred,,https://www.mois.go.kr/cmm/fms/FileDown.do?atchFileId=FILE_00144678_R-7COg&fileSn=1,
634,125587,1,260430 (18시) 인공지능 상담부터 스마트 신고까지 국민 편의 개선한 민원 혁신 한자리에(민원제도과).hwpx,hwpx,113834,extracted,,https://www.mois.go.kr/cmm/fms/FileDown.do?atchFileId=FILE_001446926gCxabN&fileSn=0,1740
634,125587,2,260430 (18시) 인공지능 상담부터 스마트 신고까지 국민 편의 개선한 민원 혁신 한자리에(민원제도과).pdf,,,deferred,,https://www.mois.go.kr/cmm/fms/FileDown.do?atchFileId=FILE_001446926gCxabN&fileSn=1,
635,125592,1,260430 (16시) 침수 지하차도 내비게이션으로 미리 알고 피해 가세요(재난안전데이터과).hwpx,hwpx,565486,extracted,,https://www.mois.go.kr/cmm/fms/FileDown.do?atchFileId=FILE_00144697AdfRJ3P&fileSn=0,2444
635,125592,2,260430 (16시) 침수 지하차도 내비게이션으로 미리 알고 피해 가세요(재난안전데이터과).pdf,,,deferred,,https://www.mois.go.kr/cmm/fms/FileDown.do?atchFileId=FILE_00144697AdfRJ3P&fileSn=1,
636,125591,1,260430 (16시) 모바일 재난관리 정보시스템 고도화로 재난 현장관리 역량 강화(재난정보통신과).hwpx,hwpx,231275,extracted,,https://www.mois.go.kr/cmm/fms/FileDown.do?atchFileId=FILE_00144696l3ghRbv&fileSn=0,976
636,125591,2,260430 (16시) 모바일 재난관리 정보시스템 고도화로 재난 현장관리 역량 강화(재난정보통신과).pdf,,,deferred,,https://www.mois.go.kr/cmm/fms/FileDown.do?atchFileId=FILE_00144696l3ghRbv&fileSn=1,
637,125590,1,260430 (16시) 각종 재난·안전정보 국민안전24 한 곳에서 쉽고 편리하게 이용하세요!(재난정보통신과).hwpx,hwpx,839102,extracted,,https://www.mois.go.kr/cmm/fms/FileDown.do?atchFileId=FILE_00144695ZtdICc_&fileSn=0,2212
637,125590,2,260430 (16시) 각종 재난·안전정보 국민안전24 한 곳에서 쉽고 편리하게 이용하세요!(재난정보통신과).pdf,,,deferred,,https://www.mois.go.kr/cmm/fms/FileDown.do?atchFileId=FILE_00144695ZtdICc_&fileSn=1,
638,125612,1,260430 (조간) 5월 종합소득세·지방소득세 신고 개선된 홈택스·ARS·국민비서로 더 쉽고 편리하게(지방소득소비세제과).hwpx,hwpx,1799118,extracted,,https://www.mois.go.kr/cmm/fms/FileDown.do?atchFileId=FILE_001446805H71Zx9&fileSn=0,8136
638,125612,2,260430 (조간) 5월 종합소득세·지방소득세 신고 개선된 홈택스·ARS·국민비서로 더 쉽고 편리하게(지방소득소비세제과).pdf,,,deferred,,https://www.mois.go.kr/cmm/fms/FileDown.do?atchFileId=FILE_001446805H71Zx9&fileSn=1,
639,125588,1,260430 (조간) 행정·공공기관 정보시스템 안정성 강화 민간 전문가와 함께 만들어간다(디지털인프라혁신과).hwpx,hwpx,237846,extracted,,https://www.mois.go.kr/cmm/fms/FileDown.do?atchFileId=FILE_001446936gf9LbV&fileSn=0,1927
639,125588,2,260430 (조간) 행정·공공기관 정보시스템 안정성 강화 민간 전문가와 함께 만들어간다(디지털인프라혁신과).pdf,,,deferred,,https://www.mois.go.kr/cmm/fms/FileDown.do?atchFileId=FILE_001446936gf9LbV&fileSn=1,
640,125585,1,260429 (11시30분) 건축 개발 등 복잡한 민원 이제 민원매니저가 해결합니다.(민원제도과).hwpx,hwpx,114588,extracted,,https://www.mois.go.kr/cmm/fms/FileDown.do?atchFileId=FILE_00144670TUic4qe&fileSn=0,2235
640,125585,2,260429 (11시30분) 건축 개발 등 복잡한 민원 이제 민원매니저가 해결합니다.(민원제도과).pdf,,,deferred,,https://www.mois.go.kr/cmm/fms/FileDown.do?atchFileId=FILE_00144670TUic4qe&fileSn=1,
641,125598,1,260429 (보도참고자료) 고유가 피해지원금 신청 현황(4.28. 24시 기준).hwpx,hwpx,245698,extracted,,https://www.mois.go.kr/cmm/fms/FileDown.do?atchFileId=FILE_00144673bwpb8kQ&fileSn=0,1298
641,125598,2,260429 (보도참고자료) 고유가 피해지원금 신청 현황(4.28. 24시 기준).pdf,,,deferred,,https://www.mois.go.kr/cmm/fms/FileDown.do?atchFileId=FILE_00144673bwpb8kQ&fileSn=1,
642,125586,1,260429 (석간) 선거 현수막도 옥외광고물입니다. 지방선거 앞두고 불법광고물 일제 점검(주소정보혁신과).hwpx,hwpx,171389,extracted,,https://www.mois.go.kr/cmm/fms/FileDown.do?atchFileId=FILE_00144691c-7ATpM&fileSn=0,2422
642,125586,2,260429 (석간) 선거 현수막도 옥외광고물입니다. 지방선거 앞두고 불법광고물 일제 점검(주소정보혁신과).pdf,,,deferred,,https://www.mois.go.kr/cmm/fms/FileDown.do?atchFileId=FILE_00144691c-7ATpM&fileSn=1,
643,125558,1,260429 (17시) 이상기온 재난 정부와 기업이 협력해 함께 이겨낸다!(기후재난관리과).hwpx,hwpx,202944,extracted,,https://www.mois.go.kr/cmm/fms/FileDown.do?atchFileId=FILE_00144658o9129eq&fileSn=0,1496
643,125558,2,260429 (17시) 이상기온 재난 정부와 기업이 협력해 함께 이겨낸다!(기후재난관리과).pdf,,,deferred,,https://www.mois.go.kr/cmm/fms/FileDown.do?atchFileId=FILE_00144658o9129eq&fileSn=1,
644,125575,1,260428 (국무회의 종료 시) 10·29이태원참사 진상규명 기여자 포상금 지급 및 피해자 치유휴직 6개월 연장(10·29이태원참사피해구제추모지원단 지원총괄과).hwpx,hwpx,167616,extracted,,https://www.mois.go.kr/cmm/fms/FileDown.do?atchFileId=FILE_00144668Np9t4l_&fileSn=0,1346
644,125575,2,260428 (국무회의 종료 시) 10·29이태원참사 진상규명 기여자 포상금 지급 및 피해자 치유휴직 6개월 연장(10·29이태원참사피해구제추모지원단 지원총괄과).pdf,,,deferred,,https://www.mois.go.kr/cmm/fms/FileDown.do?atchFileId=FILE_00144668Np9t4l_&fileSn=1,
645,125557,1,260429 (조간) 2025년 기존 공공시설물 내진율 82.7% 확보 14년 만에 내진율 2.2배 끌어올려(지진방재정책과).hwpx,hwpx,570685,extracted,,https://www.mois.go.kr/cmm/fms/FileDown.do?atchFileId=FILE_00144657rXDrmOz&fileSn=0,1366
645,125557,2,260429 (조간) 2025년 기존 공공시설물 내진율 82.7% 확보 14년 만에 내진율 2.2배 끌어올려(지진방재정책과).pdf,,,deferred,,https://www.mois.go.kr/cmm/fms/FileDown.do?atchFileId=FILE_00144657rXDrmOz&fileSn=1,
646,125556,1,260429 (조간) 유휴공간이 지역문제 해결의 장으로...다부처 협업 지역역량성장거점 최종 2곳 선정(사회연대경제지원과).hwpx,hwpx,116987,extracted,,https://www.mois.go.kr/cmm/fms/FileDown.do?atchFileId=FILE_00144656D_VNbVB&fileSn=0,2567
646,125556,2,260429 (조간) 유휴공간이 지역문제 해결의 장으로...다부처 협업 지역역량성장거점 최종 2곳 선정(사회연대경제지원과).pdf,,,deferred,,https://www.mois.go.kr/cmm/fms/FileDown.do?atchFileId=FILE_00144656D_VNbVB&fileSn=1,
647,125555,1,260429 (조간) 국민이 많이 찾는 기관도 문서24 도입 현장설명회 통해 국민 편의 제고(정보공개제도과).hwpx,hwpx,1395248,extracted,,https://www.mois.go.kr/cmm/fms/FileDown.do?atchFileId=FILE_00144655duG2D_m&fileSn=0,1413
647,125555,2,260429 (조간) 국민이 많이 찾는 기관도 문서24 도입 현장설명회 통해 국민 편의 제고(정보공개제도과).pdf,,,deferred,,https://www.mois.go.kr/cmm/fms/FileDown.do?atchFileId=FILE_00144655duG2D_m&fileSn=1,
648,125554,1,260429 (조간) 가정의 달 5월 고향사랑기부로 아이들의 꿈과 어르신의 안부를 선물하세요(균형발전진흥과).hwpx,hwpx,18626463,extracted,,https://www.mois.go.kr/cmm/fms/FileDown.do?atchFileId=FILE_00144654NjnziQJ&fileSn=0,4845
648,125554,2,260429 (조간) 가정의 달 5월 고향사랑기부로 아이들의 꿈과 어르신의 안부를 선물하세요(균형발전진흥과).pdf,,,deferred,,https://www.mois.go.kr/cmm/fms/FileDown.do?atchFileId=FILE_00144654NjnziQJ&fileSn=1,
649,125572,1,260428 (보도참고자료) 고유가 피해지원금 신청 현황(4.27. 24시 기준).hwpx,hwpx,245184,extracted,,https://www.mois.go.kr/cmm/fms/FileDown.do?atchFileId=FILE_00144666KB6q78J&fileSn=0,1228
649,125572,2,260428 (보도참고자료) 고유가 피해지원금 신청 현황(4.27. 24시 기준).pdf,,,deferred,,https://www.mois.go.kr/cmm/fms/FileDown.do?atchFileId=FILE_00144666KB6q78J&fileSn=1,
650,125534,1,260428 (조간) 국민 안전을 지키는 참신한 직무발명 아이디어가 특허로 이어진다(재난안전연구개발과).hwpx,hwpx,241544,extracted,,https://www.mois.go.kr/cmm/fms/FileDown.do?atchFileId=FILE_00144651XJxUXdl&fileSn=0,788
650,125534,2,260428 (조간) 국민 안전을 지키는 참신한 직무발명 아이디어가 특허로 이어진다(재난안전연구개발과).pdf,,,deferred,,https://www.mois.go.kr/cmm/fms/FileDown.do?atchFileId=FILE_00144651XJxUXdl&fileSn=1,
651,125533,1,260428 (조간) 행정안전부 보도자료 국민과 AI가 더 쉽게 읽고 활용하게 바뀐다(공공인공지능혁신과).hwpx,hwpx,184909,extracted,,https://www.mois.go.kr/cmm/fms/FileDown.do?atchFileId=FILE_00144590AXn_3hG&fileSn=0,1634
651,125533,2,260428 (조간) 행정안전부 보도자료 국민과 AI가 더 쉽게 읽고 활용하게 바뀐다(공공인공지능혁신과).pdf,,,deferred,,https://www.mois.go.kr/cmm/fms/FileDown.do?atchFileId=FILE_00144590AXn_3hG&fileSn=1,
652,125532,1,260427 (조간) 윤호중 장관 고유가 피해지원금 신청·지급·사용 현장 방문(재정정책과).hwpx,hwpx,233011,extracted,,https://www.mois.go.kr/cmm/fms/FileDown.do?atchFileId=FILE_00144589QEPsHoz&fileSn=0,1441
652,125532,2,260427 (조간) 윤호중 장관 고유가 피해지원금 신청·지급·사용 현장 방문(재정정책과).pdf,,,deferred,,https://www.mois.go.kr/cmm/fms/FileDown.do?atchFileId=FILE_00144589QEPsHoz&fileSn=1,
653,125531,1,260428 (조간) 당신의 불편함이 정책이 됩니다 생활 속 민원 불편 직접 바꿔보세요(민원제도과).hwpx,hwpx,4256394,extracted,,https://www.mois.go.kr/cmm/fms/FileDown.do?atchFileId=FILE_00144588npLw2Q7&fileSn=0,4486
653,125531,2,260428 (조간) 당신의 불편함이 정책이 됩니다 생활 속 민원 불편 직접 바꿔보세요(민원제도과).pdf,,,deferred,,https://www.mois.go.kr/cmm/fms/FileDown.do?atchFileId=FILE_00144588npLw2Q7&fileSn=1,
654,125515,1,260427 (조간) 기후변화로 심각해지는 자연재난 사전대비 실태 꼼꼼히 점검한다(자연재난대응과).hwpx,hwpx,117711,extracted,,https://www.mois.go.kr/cmm/fms/FileDown.do?atchFileId=FILE_00144623ScXmiDk&fileSn=0,999
654,125515,2,260427 (조간) 기후변화로 심각해지는 자연재난 사전대비 실태 꼼꼼히 점검한다(자연재난대응과).pdf,,,deferred,,https://www.mois.go.kr/cmm/fms/FileDown.do?atchFileId=FILE_00144623ScXmiDk&fileSn=1,
655,125511,1,260427 (조간) 고유가 피해지원금 신청 기간 주민등록표 등·초본 수수료 한시 면제(주민과).hwpx,hwpx,76640,extracted,,https://www.mois.go.kr/cmm/fms/FileDown.do?atchFileId=FILE_001446223xUAVcJ&fileSn=0,1060
655,125511,2,260427 (조간) 고유가 피해지원금 신청 기간 주민등록표 등·초본 수수료 한시 면제(주민과).pdf,,,deferred,,https://www.mois.go.kr/cmm/fms/FileDown.do?atchFileId=FILE_001446223xUAVcJ&fileSn=1,
656,125510,1,260427 (조간) 대한민국 자원봉사대상 후보자 공모 청소년까지 대상 확대(민간협력공동체과).hwpx,hwpx,189488,extracted,,https://www.mois.go.kr/cmm/fms/FileDown.do?atchFileId=FILE_00144621k_phl03&fileSn=0,2407
656,125510,2,260427 (조간) 대한민국 자원봉사대상 후보자 공모 청소년까지 대상 확대(민간협력공동체과).pdf,,,deferred,,https://www.mois.go.kr/cmm/fms/FileDown.do?atchFileId=FILE_00144621k_phl03&fileSn=1,
657,125507,1,260427 (조간) 어린이 스스로 지키GO! 배우GO! 안전하GO! 2026 어린이안전박람회 개최(안전문화교육과).hwpx,hwpx,1851508,extracted,,https://www.mois.go.kr/cmm/fms/FileDown.do?atchFileId=FILE_00144600NYH0ASP&fileSn=0,1843
657,125507,2,260427 (조간) 어린이 스스로 지키GO! 배우GO! 안전하GO! 2026 어린이안전박람회 개최(안전문화교육과).pdf,,,deferred,,https://www.mois.go.kr/cmm/fms/FileDown.do?atchFileId=FILE_00144600NYH0ASP&fileSn=1,
658,125505,1,260427 (조간) 고유가 피해지원금 1차 지급 시작 온·오프라인으로 신청하세요(재정정책과).hwpx,hwpx,172202,extracted,,https://www.mois.go.kr/cmm/fms/FileDown.do?atchFileId=FILE_00144611o5jMY81&fileSn=0,5960
658,125505,2,260427 (조간) 고유가 피해지원금 1차 지급 시작 온·오프라인으로 신청하세요(재정정책과).pdf,,,deferred,,https://www.mois.go.kr/cmm/fms/FileDown.do?atchFileId=FILE_00144611o5jMY81&fileSn=1,
659,125486,1,260425 (즉시) 봄철 산불 끝까지 긴장을 늦출 수 없습니다(환경산림재난대응과).hwpx,hwpx,80963,extracted,,https://www.mois.go.kr/cmm/fms/FileDown.do?atchFileId=FILE_00144601noSkcuR&fileSn=0,1578
659,125486,2,260425 (즉시) 봄철 산불 끝까지 긴장을 늦출 수 없습니다(환경산림재난대응과).pdf,,,deferred,,https://www.mois.go.kr/cmm/fms/FileDown.do?atchFileId=FILE_00144601noSkcuR&fileSn=1,
660,125452,1,260425 (17시) 더 세심하게 더 꼼꼼하게! 고유가 피해지원금 지급 준비 완료!(재정정책과).hwpx,hwpx,235661,extracted,,https://www.mois.go.kr/cmm/fms/FileDown.do?atchFileId=FILE_00144551hVUPTal&fileSn=0,1304
660,125452,2,260425 (17시) 더 세심하게 더 꼼꼼하게! 고유가 피해지원금 지급 준비 완료!(재정정책과).pdf,,,deferred,,https://www.mois.go.kr/cmm/fms/FileDown.do?atchFileId=FILE_00144551hVUPTal&fileSn=1,
661,125463,1,260424 (14시) 자원봉사 패러다임 대전환 자원봉사기본법 21년만에 전부개정(민간협력공동체과).hwpx,hwpx,115075,extracted,,https://www.mois.go.kr/cmm/fms/FileDown.do?atchFileId=FILE_00144562JfSw-KS&fileSn=0,1681
661,125463,2,260424 (14시) 자원봉사 패러다임 대전환 자원봉사기본법 21년만에 전부개정(민간협력공동체과).pdf,,,deferred,,https://www.mois.go.kr/cmm/fms/FileDown.do?atchFileId=FILE_00144562JfSw-KS&fileSn=1,
662,125436,1,260424 (17시) 여름철 자연재난 대비 재난관리자원 관리 실태 점검(재난자원관리과).hwpx,hwpx,241254,extracted,,https://www.mois.go.kr/cmm/fms/FileDown.do?atchFileId=FILE_00144535WvFOL8T&fileSn=0,749
662,125436,2,260424 (17시) 여름철 자연재난 대비 재난관리자원 관리 실태 점검(재난자원관리과).pdf,,,deferred,,https://www.mois.go.kr/cmm/fms/FileDown.do?atchFileId=FILE_00144535WvFOL8T&fileSn=1,
663,125435,1,260424 (15시) 하천·계곡 내 불법행위 이제는 끝 원상복구까지 엄정 대응(재난경감과).hwpx,hwpx,242071,extracted,,https://www.mois.go.kr/cmm/fms/FileDown.do?atchFileId=FILE_001445348z5Y-gZ&fileSn=0,1592
663,125435,2,260424 (15시) 하천·계곡 내 불법행위 이제는 끝 원상복구까지 엄정 대응(재난경감과).pdf,,,deferred,,https://www.mois.go.kr/cmm/fms/FileDown.do?atchFileId=FILE_001445348z5Y-gZ&fileSn=1,
664,125438,1,260423 (14시) 「고유가 피해지원금」 부정유통·거래 시 가맹점과 사용자 모두 단속·처벌 대상입니다(재정정책과).hwpx,hwpx,238427,extracted,,https://www.mois.go.kr/cmm/fms/FileDown.do?atchFileId=FILE_00144536NY-gOyX&fileSn=0,2158
664,125438,2,260423 (14시) 「고유가 피해지원금」 부정유통·거래 시 가맹점과 사용자 모두 단속·처벌 대상입니다(재정정책과).pdf,,,deferred,,https://www.mois.go.kr/cmm/fms/FileDown.do?atchFileId=FILE_00144536NY-gOyX&fileSn=1,
665,125434,1,260424 (조간) 맞춤형 체납징수로 지방세외수입 체납 해소 추진(지방소득소비세제과).hwpx,hwpx,86782,extracted,,https://www.mois.go.kr/cmm/fms/FileDown.do?atchFileId=FILE_001445337rCr97J&fileSn=0,2992
665,125434,2,260424 (조간) 맞춤형 체납징수로 지방세외수입 체납 해소 추진(지방소득소비세제과).pdf,,,deferred,,https://www.mois.go.kr/cmm/fms/FileDown.do?atchFileId=FILE_001445337rCr97J&fileSn=1,
666,125433,1,260424 (조간) 휠체어로 카누 타고 국립공원 명소까지 교통약자의 봄나들이가 가벼워집니다(혁신기획과).hwpx,hwpx,97842,extracted,,https://www.mois.go.kr/cmm/fms/FileDown.do?atchFileId=FILE_00144532NYROz_Q&fileSn=0,2976
666,125433,2,260424 (조간) 휠체어로 카누 타고 국립공원 명소까지 교통약자의 봄나들이가 가벼워집니다(혁신기획과).pdf,,,deferred,,https://www.mois.go.kr/cmm/fms/FileDown.do?atchFileId=FILE_00144532NYROz_Q&fileSn=1,
667,125396,1,260423 (17시) 새마을운동 56주년 새마을의 날 기념식 개최(자치새마을협력과).hwpx,hwpx,161879,extracted,,https://www.mois.go.kr/cmm/fms/FileDown.do?atchFileId=FILE_001444508JVeoyA&fileSn=0,1630
667,125396,2,260423 (17시) 새마을운동 56주년 새마을의 날 기념식 개최(자치새마을협력과).pdf,,,deferred,,https://www.mois.go.kr/cmm/fms/FileDown.do?atchFileId=FILE_001444508JVeoyA&fileSn=1,
668,125395,1,260423 (17시) 국민이 체감하는 기본사회 대전환 중앙정부가 본격적으로 나선다(기본사회정책과).hwpx,hwpx,161578,extracted,,https://www.mois.go.kr/cmm/fms/FileDown.do?atchFileId=FILE_001444492oxd33A&fileSn=0,1583
668,125395,2,260423 (17시) 국민이 체감하는 기본사회 대전환 중앙정부가 본격적으로 나선다(기본사회정책과).pdf,,,deferred,,https://www.mois.go.kr/cmm/fms/FileDown.do?atchFileId=FILE_001444492oxd33A&fileSn=1,
669,125426,1,260422 (즉시) 행정안전부 장관 강풍·건조 등 산불위험 고조에 따른 산불방지 특별 지시(환경산림재난대응과).hwpx,hwpx,190358,extracted,,https://www.mois.go.kr/cmm/fms/FileDown.do?atchFileId=FILE_00144525ZxDpa4d&fileSn=0,763
669,125426,2,260422 (즉시) 행정안전부 장관 강풍·건조 등 산불위험 고조에 따른 산불방지 특별 지시(환경산림재난대응과).pdf,,,deferred,,https://www.mois.go.kr/cmm/fms/FileDown.do?atchFileId=FILE_00144525ZxDpa4d&fileSn=1,
670,125394,1,260422 (석간) 사업자도 이제 간편인증 국세청 홈택스에 처음으로 적용(국민맞춤서비스과).hwpx,hwpx,239780,extracted,,https://www.mois.go.kr/cmm/fms/FileDown.do?atchFileId=FILE_00144448re7vCHI&fileSn=0,1468
670,125394,2,260422 (석간) 사업자도 이제 간편인증 국세청 홈택스에 처음으로 적용(국민맞춤서비스과).pdf,,,deferred,,https://www.mois.go.kr/cmm/fms/FileDown.do?atchFileId=FILE_00144448re7vCHI&fileSn=1,
671,125363,1,260422 (18시) 윤호중 장관 여수세계섬박람회 현장 찾아 관람객 안전·편의 사항 집중 점검(균형발전진흥과).hwpx,hwpx,239947,extracted,,https://www.mois.go.kr/cmm/fms/FileDown.do?atchFileId=FILE_00144418uAlr0MQ&fileSn=0,1664
671,125363,2,260422 (18시) 윤호중 장관 여수세계섬박람회 현장 찾아 관람객 안전·편의 사항 집중 점검(균형발전진흥과).pdf,,,deferred,,https://www.mois.go.kr/cmm/fms/FileDown.do?atchFileId=FILE_00144418uAlr0MQ&fileSn=1,
672,125364,1,260422 (17시) 2026년 지방세입 관계법 하위법령 입법예고(지방세정책과).hwpx,hwpx,253150,extracted,,https://www.mois.go.kr/cmm/fms/FileDown.do?atchFileId=FILE_00144419Q6G1PuD&fileSn=0,3455
672,125364,2,260422 (17시) 2026년 지방세입 관계법 하위법령 입법예고(지방세정책과).pdf,,,deferred,,https://www.mois.go.kr/cmm/fms/FileDown.do?atchFileId=FILE_00144419Q6G1PuD&fileSn=1,
673,125381,1,260421 (14시) 「고유가 피해지원금」 지급 대비 지방정부·주민센터의 철저한 준비 당부(재정정책과).hwpx,hwpx,234290,extracted,,https://www.mois.go.kr/cmm/fms/FileDown.do?atchFileId=FILE_00144443Uy_Q1S8&fileSn=0,1373
673,125381,2,260421 (14시) 「고유가 피해지원금」 지급 대비 지방정부·주민센터의 철저한 준비 당부(재정정책과).pdf,,,deferred,,https://www.mois.go.kr/cmm/fms/FileDown.do?atchFileId=FILE_00144443Uy_Q1S8&fileSn=1,
674,125362,1,260422 (조간) 폐자재가 자산으로 빈집은 마을호텔로…사회연대경제 혁신모델 17곳 선정(사회연대경제지원과).hwpx,hwpx,125560,extracted,,https://www.mois.go.kr/cmm/fms/FileDown.do?atchFileId=FILE_00144417V0oJiBq&fileSn=0,3628
674,125362,2,260422 (조간) 폐자재가 자산으로 빈집은 마을호텔로…사회연대경제 혁신모델 17곳 선정(사회연대경제지원과).pdf,,,deferred,,https://www.mois.go.kr/cmm/fms/FileDown.do?atchFileId=FILE_00144417V0oJiBq&fileSn=1,
675,125393,1,260421 (국무회의 종료시) “배우자의 자녀도 같은 가족” 주민등록표 표기 차별 개선된다.(주민과).hwpx,hwpx,125833,extracted,,https://www.mois.go.kr/cmm/fms/FileDown.do?atchFileId=FILE_00144447vNXbcG3&fileSn=0,1609
675,125393,2,260421 (국무회의 종료시) “배우자의 자녀도 같은 가족” 주민등록표 표기 차별 개선된다.(주민과).pdf,,,deferred,,https://www.mois.go.kr/cmm/fms/FileDown.do?atchFileId=FILE_00144447vNXbcG3&fileSn=1,
676,125324,1,260421 (17시) K-봉사의 울림 세계를 채우는 선율 2026 세계 자원봉사자의 해 힘찬 출발(민간협력공동체과).hwpx,hwpx,127684,extracted,,https://www.mois.go.kr/cmm/fms/FileDown.do?atchFileId=FILE_00144416Teq04ND&fileSn=0,4205
676,125324,2,260421 (17시) K-봉사의 울림 세계를 채우는 선율 2026 세계 자원봉사자의 해 힘찬 출발(민간협력공동체과).pdf,,,deferred,,https://www.mois.go.kr/cmm/fms/FileDown.do?atchFileId=FILE_00144416Teq04ND&fileSn=1,
677,125325,1,260421 (16시) 국민과 함께 만드는 안전한 대한민국 2026 집중안전점검 실시(재난안전점검과).hwpx,hwpx,184764,extracted,,https://www.mois.go.kr/cmm/fms/FileDown.do?atchFileId=FILE_00144422yLXT2iI&fileSn=0,1817
677,125325,2,260421 (16시) 국민과 함께 만드는 안전한 대한민국 2026 집중안전점검 실시(재난안전점검과).pdf,,,deferred,,https://www.mois.go.kr/cmm/fms/FileDown.do?atchFileId=FILE_00144422yLXT2iI&fileSn=1,
678,125323,1,260421 (조간) 실무자 기여도 충실히 반영하도록... 평가 제도 개선(혁신기획과).hwpx,hwpx,106603,extracted,,https://www.mois.go.kr/cmm/fms/FileDown.do?atchFileId=FILE_00144415qLP0VsR&fileSn=0,2564
678,125323,2,260421 (조간) 실무자 기여도 충실히 반영하도록... 평가 제도 개선(혁신기획과).pdf,,,deferred,,https://www.mois.go.kr/cmm/fms/FileDown.do?atchFileId=FILE_00144415qLP0VsR&fileSn=1,
679,125322,1,260420 (조간) 고유가 피해지원금 정보 국민비서가 시기별로 먼저 알려드려요(국민맞춤서비스과).pdf,,,deferred,,https://www.mois.go.kr/cmm/fms/FileDown.do?atchFileId=FILE_00145387frm_cuN&fileSn=0,
679,125322,2,260420 (조간) 고유가 피해지원금 정보 국민비서가 시기별로 먼저 알려드려요(국민맞춤서비스과).hwpx,hwpx,7319841,extracted,,https://www.mois.go.kr/cmm/fms/FileDown.do?atchFileId=FILE_00145387frm_cuN&fileSn=1,5182
680,125321,1,260420 (조간) 지방보조금 부정수급 철처하게 밝히고 엄중하게 조치합니다.(재정협력과).hwpx,hwpx,236231,extracted,,https://www.mois.go.kr/cmm/fms/FileDown.do?atchFileId=FILE_001443971Z1mkDl&fileSn=0,2296
680,125321,2,260420 (조간) 지방보조금 부정수급 철처하게 밝히고 엄중하게 조치합니다.(재정협력과).pdf,,,deferred,,https://www.mois.go.kr/cmm/fms/FileDown.do?atchFileId=FILE_001443971Z1mkDl&fileSn=1,
681,125320,1,260420 (조간) 청년이 머무니 마을에는 활력이 2026 청년마을 10곳 새롭게 문 연다.(사회연대경제지원과).hwpx,hwpx,5590407,extracted,,https://www.mois.go.kr/cmm/fms/FileDown.do?atchFileId=FILE_00144398C4ApblA&fileSn=0,2693
681,125320,2,260420 (조간) 청년이 머무니 마을에는 활력이 2026 청년마을 10곳 새롭게 문 연다.(사회연대경제지원과).pdf,,,deferred,,https://www.mois.go.kr/cmm/fms/FileDown.do?atchFileId=FILE_00144398C4ApblA&fileSn=1,
682,125319,1,260420 (조간) 공감으로 접근해 감동으로 이어지는 민원 국민이 행복해지는 우수 민원실 공모(민원제도과).hwpx,hwpx,103420,extracted,,https://www.mois.go.kr/cmm/fms/FileDown.do?atchFileId=FILE_00144395NUAa6Um&fileSn=0,1917
682,125319,2,260420 (조간) 공감으로 접근해 감동으로 이어지는 민원 국민이 행복해지는 우수 민원실 공모(민원제도과).pdf,,,deferred,,https://www.mois.go.kr/cmm/fms/FileDown.do?atchFileId=FILE_00144395NUAa6Um&fileSn=1,
683,125297,1,260418 (17시) 고유가 피해지원금의 차질없는 지급 위해 민-관이 힘 합친다(재정정책과).hwpx,hwpx,138094,extracted,,https://www.mois.go.kr/cmm/fms/FileDown.do?atchFileId=FILE_00144340zrUVfGL&fileSn=0,1845
683,125297,2,260418 (17시) 고유가 피해지원금의 차질없는 지급 위해 민-관이 힘 합친다(재정정책과).pdf,,,deferred,,https://www.mois.go.kr/cmm/fms/FileDown.do?atchFileId=FILE_00144340zrUVfGL&fileSn=1,
684,125309,1,260417 (14시) 생활 속 불편 안전무시 예산낭비 국민 참여로 빠르게 개선한다(기획재정담당관실).hwpx,hwpx,816942,extracted,,https://www.mois.go.kr/cmm/fms/FileDown.do?atchFileId=FILE_00144393xTwKbUg&fileSn=0,943
684,125309,2,260417 (14시) 생활 속 불편 안전무시 예산낭비 국민 참여로 빠르게 개선한다(기획재정담당관실).pdf,,,deferred,,https://www.mois.go.kr/cmm/fms/FileDown.do?atchFileId=FILE_00144393xTwKbUg&fileSn=1,
685,125264,1,260417 (15시) 생명이 존중받는 안전한 대한민국으로! 제12회 국민안전의 날 기념식 개최(안전문화교육과).hwpx,hwpx,180386,extracted,,https://www.mois.go.kr/cmm/fms/FileDown.do?atchFileId=FILE_00144346NKMNmCt&fileSn=0,1692
685,125264,2,260417 (15시) 생명이 존중받는 안전한 대한민국으로! 제12회 국민안전의 날 기념식 개최(안전문화교육과).pdf,,,deferred,,https://www.mois.go.kr/cmm/fms/FileDown.do?atchFileId=FILE_00144346NKMNmCt&fileSn=1,
686,125280,1,260416 (즉시) 윤호중 장관 국민안전의 날 맞아 안전문화 확산을 위한 현장 목소리 청취(안전정책총괄과).hwpx,hwpx,93013,extracted,,https://www.mois.go.kr/cmm/fms/FileDown.do?atchFileId=FILE_00144335p_tDJRv&fileSn=0,758
686,125280,2,260416 (즉시) 윤호중 장관 국민안전의 날 맞아 안전문화 확산을 위한 현장 목소리 청취(안전정책총괄과).pdf,,,deferred,,https://www.mois.go.kr/cmm/fms/FileDown.do?atchFileId=FILE_00144335p_tDJRv&fileSn=1,
687,125267,1,260417 (조간) 간부 모시는 날 근절 공직사회 내 실질적 변화 확인(행정제도과).hwpx,hwpx,112965,extracted,,https://www.mois.go.kr/cmm/fms/FileDown.do?atchFileId=FILE_00144349BwEVDpj&fileSn=0,1834
687,125267,2,260417 (조간) 간부 모시는 날 근절 공직사회 내 실질적 변화 확인(행정제도과).pdf,,,deferred,,https://www.mois.go.kr/cmm/fms/FileDown.do?atchFileId=FILE_00144349BwEVDpj&fileSn=1,
688,125266,1,260417 (조간) URL 링크가 포함된 고유가 피해지원금 알림은 100% 사기입니다(디지털보안정책과).hwpx,hwpx,2160763,extracted,,https://www.mois.go.kr/cmm/fms/FileDown.do?atchFileId=FILE_00144348O21Lieu&fileSn=0,2617
688,125266,2,260417 (조간) URL 링크가 포함된 고유가 피해지원금 알림은 100_ 사기입니다(디지털보안정책과).pdf,pdf,576492,extracted,,https://www.mois.go.kr/cmm/fms/FileDown.do?atchFileId=FILE_00144348O21Lieu&fileSn=1,2632
689,125265,1,260417 (조간) 시대마다 키워온 과학의 꿈 대통령기록으로 조명하다(대통령기록관 기록서비스과).hwpx,hwpx,3637446,extracted,,https://www.mois.go.kr/cmm/fms/FileDown.do?atchFileId=FILE_001443473XKtSdT&fileSn=0,2837
689,125265,2,260417 (조간) 시대마다 키워온 과학의 꿈 대통령기록으로 조명하다(대통령기록관 기록서비스과).pdf,,,deferred,,https://www.mois.go.kr/cmm/fms/FileDown.do?atchFileId=FILE_001443473XKtSdT&fileSn=1,
690,125263,1,260417 (조간) 여름철 자연재난 사전대비 현장의 목소리에 더욱 귀기울여 준비한다(자연재난대응과).hwpx,hwpx,113140,extracted,,https://www.mois.go.kr/cmm/fms/FileDown.do?atchFileId=FILE_0014434535JiSFw&fileSn=0,946
690,125263,2,260417 (조간) 여름철 자연재난 사전대비 현장의 목소리에 더욱 귀기울여 준비한다(자연재난대응과).pdf,,,deferred,,https://www.mois.go.kr/cmm/fms/FileDown.do?atchFileId=FILE_0014434535JiSFw&fileSn=1,
691,125262,1,260417 (조간) 비생산적 업무관행 행정안전부 MZ공무원들이 직접 바꾼다 행정안전부 업무 혁신 가속도(혁신행정담당관).hwpx,hwpx,114628,extracted,,https://www.mois.go.kr/cmm/fms/FileDown.do?atchFileId=FILE_00144344wTYbcyu&fileSn=0,1583
691,125262,2,260417 (조간) 비생산적 업무관행 행정안전부 MZ공무원들이 직접 바꾼다 행정안전부 업무 혁신 가속도(혁신행정담당관).pdf,,,deferred,,https://www.mois.go.kr/cmm/fms/FileDown.do?atchFileId=FILE_00144344wTYbcyu&fileSn=1,
692,125247,1,260415 (즉시) 올여름 폭염 피해 최소화를 위한 재정 지원 대폭 강화한다(재난관리정책과).hwpx,hwpx,182109,extracted,,https://www.mois.go.kr/cmm/fms/FileDown.do?atchFileId=FILE_00144300sDHRGnp&fileSn=0,636
692,125247,2,260415 (즉시) 올여름 폭염 피해 최소화를 위한 재정 지원 대폭 강화한다(재난관리정책과).pdf,,,deferred,,https://www.mois.go.kr/cmm/fms/FileDown.do?atchFileId=FILE_00144300sDHRGnp&fileSn=1,
693,125234,1,260416 (조간) 국민 아이디어로 생활안전 해법 찾는다 2026년 생활안전 R&D 아이디어 공모(재난안전연구개발과).hwpx,hwpx,1129958,extracted,,https://www.mois.go.kr/cmm/fms/FileDown.do?atchFileId=FILE_00144298r0xqFll&fileSn=0,1307
693,125234,2,260416 (조간) 국민 아이디어로 생활안전 해법 찾는다 2026년 생활안전 R&D 아이디어 공모(재난안전연구개발과).pdf,,,deferred,,https://www.mois.go.kr/cmm/fms/FileDown.do?atchFileId=FILE_00144298r0xqFll&fileSn=1,
694,125233,1,260416 (조간) 청년·소상공인 등 공유재산 사용허가 문턱 낮추고 헐값 매각은 막는다(공유재산정책과).hwpx,hwpx,239053,extracted,,https://www.mois.go.kr/cmm/fms/FileDown.do?atchFileId=FILE_00144297ZPHKDF8&fileSn=0,2076
694,125233,2,260416 (조간) 청년·소상공인 등 공유재산 사용허가 문턱 낮추고 헐값 매각은 막는다(공유재산정책과).pdf,,,deferred,,https://www.mois.go.kr/cmm/fms/FileDown.do?atchFileId=FILE_00144297ZPHKDF8&fileSn=1,
695,125232,1,260416 (조간) 코딩 몰라도 AI 도구 만드는 공무원 정부가 뒷받침한다.(공공인공지능혁신과).hwpx,hwpx,193033,extracted,,https://www.mois.go.kr/cmm/fms/FileDown.do?atchFileId=FILE_00144296lXXiGnx&fileSn=0,2057
695,125232,2,260416 (조간) 코딩 몰라도 AI 도구 만드는 공무원 정부가 뒷받침한다.(공공인공지능혁신과).pdf,,,deferred,,https://www.mois.go.kr/cmm/fms/FileDown.do?atchFileId=FILE_00144296lXXiGnx&fileSn=1,
696,125230,1,260416 (조간) 민원은 편리하게 서비스는 더 다양하게 민원행정 및 제도개선 기본지침 배포(민원제도과).hwpx,hwpx,137095,extracted,,https://www.mois.go.kr/cmm/fms/FileDown.do?atchFileId=FILE_00144295nw65vef&fileSn=0,4023
696,125230,2,260416 (조간) 민원은 편리하게 서비스는 더 다양하게 민원행정 및 제도개선 기본지침 배포(민원제도과).pdf,,,deferred,,https://www.mois.go.kr/cmm/fms/FileDown.do?atchFileId=FILE_00144295nw65vef&fileSn=1,
697,125225,1,260415 (11시) 행정안전부 2026여수세계섬박람회 준비상황 점검 나선다(균형발전진흥과).hwpx,hwpx,233982,extracted,,https://www.mois.go.kr/cmm/fms/FileDown.do?atchFileId=FILE_00144294QgWgQiv&fileSn=0,1284
697,125225,2,260415 (11시) 행정안전부 2026여수세계섬박람회 준비상황 점검 나선다(균형발전진흥과).pdf,,,deferred,,https://www.mois.go.kr/cmm/fms/FileDown.do?atchFileId=FILE_00144294QgWgQiv&fileSn=1,
698,125207,1,260415 (석간) 오늘의 기본이 내일의 희망으로 기본사회위원회 첫걸음 내딛다(기본사회정책과).hwpx,hwpx,21457420,extracted,,https://www.mois.go.kr/cmm/fms/FileDown.do?atchFileId=FILE_00144263-MV50e7&fileSn=0,3063
698,125207,2,260415 (석간) 오늘의 기본이 내일의 희망으로 기본사회위원회 첫걸음 내딛다(기본사회정책과).pdf,,,deferred,,https://www.mois.go.kr/cmm/fms/FileDown.do?atchFileId=FILE_00144263-MV50e7&fileSn=1,
699,125193,1,260415 (조간) 살기 좋은 동네 사람이 모이는 지역에 집중 투자(균형발전제도과).hwpx,hwpx,82721,extracted,,https://www.mois.go.kr/cmm/fms/FileDown.do?atchFileId=FILE_00144262wgE62DP&fileSn=0,3063
699,125193,2,260415 (조간) 살기 좋은 동네 사람이 모이는 지역에 집중 투자(균형발전제도과).pdf,,,deferred,,https://www.mois.go.kr/cmm/fms/FileDown.do?atchFileId=FILE_00144262wgE62DP&fileSn=1,
700,125192,1,260415 (조간) 정부 산불 유발 불법행위 특별단속 무관용 원칙 엄정 대응(환경산림재난대응과).hwpx,hwpx,195904,extracted,,https://www.mois.go.kr/cmm/fms/FileDown.do?atchFileId=FILE_00144261g4GvLAg&fileSn=0,2210
700,125192,2,260415 (조간) 정부 산불 유발 불법행위 특별단속 무관용 원칙 엄정 대응(환경산림재난대응과).pdf,,,deferred,,https://www.mois.go.kr/cmm/fms/FileDown.do?atchFileId=FILE_00144261g4GvLAg&fileSn=1,
701,125191,1,260415 (조간) 지난해 산불·호우 피해 주민과 기업에게 피해 지원금 추가로 지급한다(복구지원과).hwpx,hwpx,183694,extracted,,https://www.mois.go.kr/cmm/fms/FileDown.do?atchFileId=FILE_00144250PM1UpjT&fileSn=0,1466
701,125191,2,260415 (조간) 지난해 산불·호우 피해 주민과 기업에게 피해 지원금 추가로 지급한다(복구지원과).pdf,,,deferred,,https://www.mois.go.kr/cmm/fms/FileDown.do?atchFileId=FILE_00144250PM1UpjT&fileSn=1,
702,125188,1,260415 (조간) 재난시에도 행정 멈춤 없다 공공 정보시스템 1만 6천여 개 등급 전면 재분류(정보자원관리혁신과).hwpx,hwpx,244348,extracted,,https://www.mois.go.kr/cmm/fms/FileDown.do?atchFileId=FILE_00144247HA2ga1G&fileSn=0,2474
702,125188,2,260415 (조간) 재난시에도 행정 멈춤 없다 공공 정보시스템 1만 6천여 개 등급 전면 재분류(정보자원관리혁신과).pdf,,,deferred,,https://www.mois.go.kr/cmm/fms/FileDown.do?atchFileId=FILE_00144247HA2ga1G&fileSn=1,
703,125106,1,260414 (16시) 훈장의 가치 바로잡는다 부적절한 정부포상 전면 재검토 착수(상훈담당관).hwpx,hwpx,114599,extracted,,https://www.mois.go.kr/cmm/fms/FileDown.do?atchFileId=FILE_00144156dAeIM5v&fileSn=0,2307
703,125106,2,260414 (16시) 훈장의 가치 바로잡는다 부적절한 정부포상 전면 재검토 착수(상훈담당관).pdf,,,deferred,,https://www.mois.go.kr/cmm/fms/FileDown.do?atchFileId=FILE_00144156dAeIM5v&fileSn=1,
704,125157,1,260413 (14시) 고유가 피해지원금의 신속한 지급 위해 중앙·지방 총력 대응(재정정책과).hwpx,hwpx,229656,extracted,,https://www.mois.go.kr/cmm/fms/FileDown.do?atchFileId=FILE_00144198cjkelAC&fileSn=0,1244
704,125157,2,260413 (14시) 고유가 피해지원금의 신속한 지급 위해 중앙·지방 총력 대응(재정정책과).pdf,,,deferred,,https://www.mois.go.kr/cmm/fms/FileDown.do?atchFileId=FILE_00144198cjkelAC&fileSn=1,
705,125107,1,260414 (조간) 행안부-기후부 남원시 람천 불법공사 관련 정부합동감사 결과 통보(감사담당관).hwpx,hwpx,185344,extracted,,https://www.mois.go.kr/cmm/fms/FileDown.do?atchFileId=FILE_00144157kQMlfpy&fileSn=0,2446
705,125107,2,260414 (조간) 행안부-기후부 남원시 람천 불법공사 관련 정부합동감사 결과 통보(감사담당관).pdf,,,deferred,,https://www.mois.go.kr/cmm/fms/FileDown.do?atchFileId=FILE_00144157kQMlfpy&fileSn=1,
706,125105,1,260413 (조간) 우리나라 이동형 재난통신 차량 기술 아시아·태평양지역 국제표준 됐다(국립재난안전연구원 재난정보연구실).hwpx,hwpx,184142,extracted,,https://www.mois.go.kr/cmm/fms/FileDown.do?atchFileId=FILE_001442043DlCvwQ&fileSn=0,1143
706,125105,2,260413 (조간) 우리나라 이동형 재난통신 차량 기술 아시아·태평양지역 국제표준 됐다(국립재난안전연구원 재난정보연구실).pdf,,,deferred,,https://www.mois.go.kr/cmm/fms/FileDown.do?atchFileId=FILE_001442043DlCvwQ&fileSn=1,
707,125104,1,260413 (조간) 국가재난안전교육원-EBS 재난안전 교육 발전을 위한 업무협약 체결(국가재난안전교육원 기획협력과).hwpx,hwpx,107347,extracted,,https://www.mois.go.kr/cmm/fms/FileDown.do?atchFileId=FILE_00144154tm_9eeQ&fileSn=0,955
707,125104,2,260413 (조간) 국가재난안전교육원-EBS 재난안전 교육 발전을 위한 업무협약 체결(국가재난안전교육원 기획협력과).pdf,,,deferred,,https://www.mois.go.kr/cmm/fms/FileDown.do?atchFileId=FILE_00144154tm_9eeQ&fileSn=1,
708,125103,1,260413 (조간) 생명을 존중하는 안전 사회 위해 대통령 소속 국민생명안전위원회 만든다(안전정책총괄과).hwpx,hwpx,117985,extracted,,https://www.mois.go.kr/cmm/fms/FileDown.do?atchFileId=FILE_001441537RSn5NQ&fileSn=0,2252
708,125103,2,260413 (조간) 생명을 존중하는 안전 사회 위해 대통령 소속 국민생명안전위원회 만든다(안전정책총괄과).pdf,,,deferred,,https://www.mois.go.kr/cmm/fms/FileDown.do?atchFileId=FILE_001441537RSn5NQ&fileSn=1,
709,125139,1,260412 (즉시) 전남 완도군 냉동창고 화재 관련 긴급 지시(국토산업재난대응과).hwpx,hwpx,131192,extracted,,https://www.mois.go.kr/cmm/fms/FileDown.do?atchFileId=FILE_00144203swNmHGS&fileSn=0,447
709,125139,2,260412 (즉시) 전남 완도군 냉동창고 화재 관련 긴급 지시(국토산업재난대응과).pdf,,,deferred,,https://www.mois.go.kr/cmm/fms/FileDown.do?atchFileId=FILE_00144203swNmHGS&fileSn=1,
710,125132,1,260411 (11시) 고유가 피해지원금 4월 27일 지급 시작(재정정책과).hwpx,hwpx,7766946,extracted,,https://www.mois.go.kr/cmm/fms/FileDown.do?atchFileId=FILE_00144175qvEV6dc&fileSn=0,12120
710,125132,2,260411 (11시) 고유가 피해지원금 4월 27일 지급 시작(재정정책과).pdf,,,deferred,,https://www.mois.go.kr/cmm/fms/FileDown.do?atchFileId=FILE_00144175qvEV6dc&fileSn=1,
711,125131,1,260410 (즉시) 2026년 행정안전부 추가경정예산 9조 4 880억원 확정(기획재정담당관).hwpx,hwpx,233565,extracted,,https://www.mois.go.kr/cmm/fms/FileDown.do?atchFileId=FILE_00144174Y3XZKKZ&fileSn=0,1318
711,125131,2,260410 (즉시) 2026년 행정안전부 추가경정예산 9조 4 880억원 확정(기획재정담당관).pdf,,,deferred,,https://www.mois.go.kr/cmm/fms/FileDown.do?atchFileId=FILE_00144174Y3XZKKZ&fileSn=1,
712,125092,1,260410 (11시) 행안부 특별성과 포상금 우수 운영기관 선정 첫 수시포상에 과기정통부(혁신기획과).hwpx,hwpx,115559,extracted,,https://www.mois.go.kr/cmm/fms/FileDown.do?atchFileId=FILE_00144147Di4g3yC&fileSn=0,1182
712,125092,2,260410 (11시) 행안부 특별성과 포상금 우수 운영기관 선정 첫 수시포상에 과기정통부(혁신기획과).pdf,,,deferred,,https://www.mois.go.kr/cmm/fms/FileDown.do?atchFileId=FILE_00144147Di4g3yC&fileSn=1,
713,125091,1,260409 (16시30분) 민생 안정 최우선! 가짜뉴스 엄단하고 물가 안정 총력 대응(자치행정과).hwpx,hwpx,114990,extracted,,https://www.mois.go.kr/cmm/fms/FileDown.do?atchFileId=FILE_00144146Llf309n&fileSn=0,1636
713,125091,2,260409 (16시30분) 민생 안정 최우선! 가짜뉴스 엄단하고 물가 안정 총력 대응(자치행정과).pdf,,,deferred,,https://www.mois.go.kr/cmm/fms/FileDown.do?atchFileId=FILE_00144146Llf309n&fileSn=1,
714,125087,1,260410 (16시) 햇빛소득마을 「민·관합동 현장지원단」 본격 가동(햇빛소득마을추진단 사업관리과).hwpx,hwpx,123323,extracted,,https://www.mois.go.kr/cmm/fms/FileDown.do?atchFileId=FILE_00144145odv9POl&fileSn=0,2105
714,125087,2,260410 (16시) 햇빛소득마을 「민·관합동 현장지원단」 본격 가동(햇빛소득마을추진단 사업관리과).pdf,,,deferred,,https://www.mois.go.kr/cmm/fms/FileDown.do?atchFileId=FILE_00144145odv9POl&fileSn=1,
715,125086,1,260410 (조간) 4월 가뭄 예·경보 발표(기후재난관리과).hwpx,hwpx,25155287,extracted,,https://www.mois.go.kr/cmm/fms/FileDown.do?atchFileId=FILE_00144144J9_mxE7&fileSn=0,3655
715,125086,2,260410 (조간) 4월 가뭄 예·경보 발표(기후재난관리과).pdf,,,deferred,,https://www.mois.go.kr/cmm/fms/FileDown.do?atchFileId=FILE_00144144J9_mxE7&fileSn=1,
716,125085,1,260410 (조간) 싱그러운 봄 등산사고에 주의하세요!(예방안전제도과).hwpx,hwpx,869970,extracted,,https://www.mois.go.kr/cmm/fms/FileDown.do?atchFileId=FILE_00144143V_hcRdA&fileSn=0,1506
716,125085,2,260410 (조간) 싱그러운 봄 등산사고에 주의하세요!(예방안전제도과).pdf,,,deferred,,https://www.mois.go.kr/cmm/fms/FileDown.do?atchFileId=FILE_00144143V_hcRdA&fileSn=1,
717,125043,1,260409 (조간) 2026년 어린이안전 시행계획 확정 8대 분야 집중 관리(안전개선과).hwpx,hwpx,191085,extracted,,https://www.mois.go.kr/cmm/fms/FileDown.do?atchFileId=FILE_001440489sbF1oO&fileSn=0,5551
717,125043,2,260409 (조간) 2026년 어린이안전 시행계획 확정 8대 분야 집중 관리(안전개선과).pdf,,,deferred,,https://www.mois.go.kr/cmm/fms/FileDown.do?atchFileId=FILE_001440489sbF1oO&fileSn=1,
718,125042,1,260409 (조간) 우리 동네 복지 지역사정에 딱 맞게 복지 사각지대 없애는 현장 컨설팅 실시(스마트복지안전공동체추진단 위기가구발굴지원팀).hwpx,hwpx,88015,extracted,,https://www.mois.go.kr/cmm/fms/FileDown.do?atchFileId=FILE_00144049dgoBH51&fileSn=0,2145
718,125042,2,260409 (조간) 우리 동네 복지 지역사정에 딱 맞게 복지 사각지대 없애는 현장 컨설팅 실시(스마트복지안전공동체추진단 위기가구발굴지원팀).pdf,,,deferred,,https://www.mois.go.kr/cmm/fms/FileDown.do?atchFileId=FILE_00144049dgoBH51&fileSn=1,
719,125041,1,260409 (조간) 공공데이터 X AI 혁신적인 AI 창업 경연의 장이 열린다(공공데이터정책과).hwpx,hwpx,2706810,extracted,,https://www.mois.go.kr/cmm/fms/FileDown.do?atchFileId=FILE_00144046i05yPfG&fileSn=0,2468
719,125041,2,260409 (조간) 공공데이터 X AI 혁신적인 AI 창업 경연의 장이 열린다(공공데이터정책과).pdf,,,deferred,,https://www.mois.go.kr/cmm/fms/FileDown.do?atchFileId=FILE_00144046i05yPfG&fileSn=1,
720,125021,1,260408 (조간) 재난대응 안전한국훈련 극한 재난상황 대응력 키운다!(재난대응훈련과).hwpx,hwpx,247517,extracted,,https://www.mois.go.kr/cmm/fms/FileDown.do?atchFileId=FILE_00144074Uz_yGFe&fileSn=0,2163
720,125021,2,260408 (조간) 재난대응 안전한국훈련 극한 재난상황 대응력 키운다!(재난대응훈련과).pdf,,,deferred,,https://www.mois.go.kr/cmm/fms/FileDown.do?atchFileId=FILE_00144074Uz_yGFe&fileSn=1,
721,125014,1,260406 (국무회의 종료시) 정부의 첫 공식 애국가 배경영상 국민이 직접 만든다(의정담당관).hwpx,hwpx,4927258,extracted,,https://www.mois.go.kr/cmm/fms/FileDown.do?atchFileId=FILE_00144072p9y6s6O&fileSn=0,2017
721,125014,2,260406 (국무회의 종료시) 정부의 첫 공식 애국가 배경영상 국민이 직접 만든다(의정담당관).pdf,,,deferred,,https://www.mois.go.kr/cmm/fms/FileDown.do?atchFileId=FILE_00144072p9y6s6O&fileSn=1,
722,124990,1,260407 (조간) 136년 전 외국인 선교사가 본 조선의 기행편지 복원하여 최초 공개(국가기록원 복원관리과).hwpx,hwpx,3018791,extracted,,https://www.mois.go.kr/cmm/fms/FileDown.do?atchFileId=FILE_00144058xNTbpOb&fileSn=0,4362
722,124990,2,260407 (조간) 136년 전 외국인 선교사가 본 조선의 기행편지 복원하여 최초 공개(국가기록원 복원관리과).pdf,,,deferred,,https://www.mois.go.kr/cmm/fms/FileDown.do?atchFileId=FILE_00144058xNTbpOb&fileSn=1,
723,124983,1,260406 (조간) 민관이 협력하여 주민이 안전한 생활공간 조성한다(스마트복지안전공동체추진단 스마트안전기획팀).hwpx,hwpx,123053,extracted,,https://www.mois.go.kr/cmm/fms/FileDown.do?atchFileId=FILE_00143990inCsm0m&fileSn=0,1943
723,124983,2,260406 (조간) 민관이 협력하여 주민이 안전한 생활공간 조성한다(스마트복지안전공동체추진단 스마트안전기획팀).pdf,,,deferred,,https://www.mois.go.kr/cmm/fms/FileDown.do?atchFileId=FILE_00143990inCsm0m&fileSn=1,
724,124982,1,260406 (조간) 국민 안전 지키는 우수 재난안전기술 찾습니다! 2026 대한민국 안전기술대상 공모(재난안전산업과).hwpx,hwpx,12751436,extracted,,https://www.mois.go.kr/cmm/fms/FileDown.do?atchFileId=FILE_00143989GsntTXP&fileSn=0,2110
724,124982,2,260406 (조간) 국민 안전 지키는 우수 재난안전기술 찾습니다! 2026 대한민국 안전기술대상 공모(재난안전산업과).pdf,,,deferred,,https://www.mois.go.kr/cmm/fms/FileDown.do?atchFileId=FILE_00143989GsntTXP&fileSn=1,
725,124981,1,260406 (조간) 세계 자원봉사자의 해와 함께하는 봄철 자원봉사 집중기간 운영(민간협력공동체과).hwpx,hwpx,110402,extracted,,https://www.mois.go.kr/cmm/fms/FileDown.do?atchFileId=FILE_00143988znWuV9g&fileSn=0,1851
725,124981,2,260406 (조간) 세계 자원봉사자의 해와 함께하는 봄철 자원봉사 집중기간 운영(민간협력공동체과).pdf,,,deferred,,https://www.mois.go.kr/cmm/fms/FileDown.do?atchFileId=FILE_00143988znWuV9g&fileSn=1,
726,124975,1,260404 (18시) 제13기 행정협의조정위원회 본격 가동(자치분권지원과).hwpx,hwpx,288989,extracted,,https://www.mois.go.kr/cmm/fms/FileDown.do?atchFileId=FILE_00144036dB09H3t&fileSn=0,1917
726,124975,2,260404 (18시) 제13기 행정협의조정위원회 본격 가동(자치분권지원과).pdf,,,deferred,,https://www.mois.go.kr/cmm/fms/FileDown.do?atchFileId=FILE_00144036dB09H3t&fileSn=1,
727,124979,1,260403 (16시) 여름철 자연재난 대비 조기 가동 인명피해 제로화에 총력(자연재난대응과).hwpx,hwpx,84932,extracted,,https://www.mois.go.kr/cmm/fms/FileDown.do?atchFileId=FILE_00143996Aijud84&fileSn=0,1132
727,124979,2,260403 (16시) 여름철 자연재난 대비 조기 가동 인명피해 제로화에 총력(자연재난대응과).pdf,,,deferred,,https://www.mois.go.kr/cmm/fms/FileDown.do?atchFileId=FILE_00143996Aijud84&fileSn=1,
728,124978,1,260403 (15시) 봄꽃은 만개 안전은 철저 여의도 봄꽃축제 안전관리 현장 점검(재난안전점검과).hwpx,hwpx,234682,extracted,,https://www.mois.go.kr/cmm/fms/FileDown.do?atchFileId=FILE_00143995MGnJoqP&fileSn=0,1088
728,124978,2,260403 (15시) 봄꽃은 만개 안전은 철저 여의도 봄꽃축제 안전관리 현장 점검(재난안전점검과).pdf,,,deferred,,https://www.mois.go.kr/cmm/fms/FileDown.do?atchFileId=FILE_00143995MGnJoqP&fileSn=1,
729,124974,1,260403 (석간) 에너지 위기 대응에 공직사회도 변화 행안부 재택근무·보고혁신 실험 본격화(행정제도과).hwpx,hwpx,109581,extracted,,https://www.mois.go.kr/cmm/fms/FileDown.do?atchFileId=FILE_00144035d-8ZRTN&fileSn=0,1485
729,124974,2,260403 (석간) 에너지 위기 대응에 공직사회도 변화 행안부 재택근무·보고혁신 실험 본격화(행정제도과).pdf,,,deferred,,https://www.mois.go.kr/cmm/fms/FileDown.do?atchFileId=FILE_00144035d-8ZRTN&fileSn=1,
730,124958,1,260403 (17시) 선제적 가뭄관리로 철저히 가뭄 대비한다(기후재난관리과).hwpx,hwpx,272391,extracted,,https://www.mois.go.kr/cmm/fms/FileDown.do?atchFileId=FILE_00144042Q9IdD9Z&fileSn=0,4490
730,124958,2,260403 (17시) 선제적 가뭄관리로 철저히 가뭄 대비한다(기후재난관리과).pdf,,,deferred,,https://www.mois.go.kr/cmm/fms/FileDown.do?atchFileId=FILE_00144042Q9IdD9Z&fileSn=1,
731,124956,1,260403 (15시) 공공 AI 대전환의 시작 범정부 공공AI사업지원센터 개소(인공지능정부정책과).hwpx,hwpx,165137,extracted,,https://www.mois.go.kr/cmm/fms/FileDown.do?atchFileId=FILE_00144021SE4JJG2&fileSn=0,1516
731,124956,2,260403 (15시) 공공 AI 대전환의 시작 범정부 공공AI사업지원센터 개소(인공지능정부정책과).pdf,,,deferred,,https://www.mois.go.kr/cmm/fms/FileDown.do?atchFileId=FILE_00144021SE4JJG2&fileSn=1,
732,124963,1,260402 (12시) 지방행정 공백 없어야... 행정안전부 지방정부 국정비상 점검회의 개최(자치행정과).hwpx,hwpx,110642,extracted,,https://www.mois.go.kr/cmm/fms/FileDown.do?atchFileId=FILE_00144020Ejo7rSH&fileSn=0,1218
732,124963,2,260402 (12시) 지방행정 공백 없어야... 행정안전부 지방정부 국정비상 점검회의 개최(자치행정과).pdf,,,deferred,,https://www.mois.go.kr/cmm/fms/FileDown.do?atchFileId=FILE_00144020Ejo7rSH&fileSn=1,
733,124959,1,260403 (조간) 제78주년 4·3희생자 추념식 개최(과거사관련업무지원단 제주4.3사건처리과).hwpx,hwpx,111249,extracted,,https://www.mois.go.kr/cmm/fms/FileDown.do?atchFileId=FILE_00144024XnG-YYJ&fileSn=0,1458
733,124959,2,260403 (조간) 제78주년 4·3희생자 추념식 개최(과거사관련업무지원단 제주4.3사건처리과).pdf,,,deferred,,https://www.mois.go.kr/cmm/fms/FileDown.do?atchFileId=FILE_00144024XnG-YYJ&fileSn=1,
734,124957,1,260403 (조간) 4월은 법인지방소득세 신고·납부의 달 중동 전쟁 피해 기업 등을 위한 세정지원 강화(지방소득소비세제과).hwpx,hwpx,105381,extracted,,https://www.mois.go.kr/cmm/fms/FileDown.do?atchFileId=FILE_00144022cS91GVi&fileSn=0,2555
734,124957,2,260403 (조간) 4월은 법인지방소득세 신고·납부의 달 중동 전쟁 피해 기업 등을 위한 세정지원 강화(지방소득소비세제과).pdf,,,deferred,,https://www.mois.go.kr/cmm/fms/FileDown.do?atchFileId=FILE_00144022cS91GVi&fileSn=1,
735,124953,1,260401 (보도 참고자료) 글로벌 AI 기본사회 실현을 위한 인공지능정부 및 재난안전 협력 본격화(인공지능정부협력과).hwpx,hwpx,81136,extracted,,https://www.mois.go.kr/cmm/fms/FileDown.do?atchFileId=FILE_00143980TKRDvde&fileSn=0,1681
735,124953,2,260401 (보도 참고자료) 글로벌 AI 기본사회 실현을 위한 인공지능정부 및 재난안전 협력 본격화(인공지능정부협력과).pdf,,,deferred,,https://www.mois.go.kr/cmm/fms/FileDown.do?atchFileId=FILE_00143980TKRDvde&fileSn=1,
736,124923,1,260402 (조간) 제7기 유·도선 국민안전현장관찰단 본격 활동(재난안전점검과).hwpx,hwpx,2087167,extracted,,https://www.mois.go.kr/cmm/fms/FileDown.do?atchFileId=FILE_001439767XoyCFO&fileSn=0,1535
736,124923,2,260402 (조간) 제7기 유·도선 국민안전현장관찰단 본격 활동(재난안전점검과).pdf,,,deferred,,https://www.mois.go.kr/cmm/fms/FileDown.do?atchFileId=FILE_001439767XoyCFO&fileSn=1,
737,124934,1,260401 (10시) 대전 대덕구 공장 화재 중앙재난안전대책본부 7차 회의 개최(국토산업재난대응과).hwpx,hwpx,188083,extracted,,https://www.mois.go.kr/cmm/fms/FileDown.do?atchFileId=FILE_00143979GsKeBE0&fileSn=0,1982
737,124934,2,260401 (10시) 대전 대덕구 공장 화재 중앙재난안전대책본부 7차 회의 개최(국토산업재난대응과).pdf,,,deferred,,https://www.mois.go.kr/cmm/fms/FileDown.do?atchFileId=FILE_00143979GsKeBE0&fileSn=1,
738,124914,1,260401 (8시) 정책 수립부터 시스템 구축까지 민간이 돕는다 행안부 인공지능정부 기술자문단 출범(인공지능정부정책과)_게시용.hwpx,hwpx,20648536,extracted,,https://www.mois.go.kr/cmm/fms/FileDown.do?atchFileId=FILE_00143975GlYeLPM&fileSn=0,1747
738,124914,2,260401 (8시) 정책 수립부터 시스템 구축까지 민간이 돕는다 행안부 인공지능정부 기술자문단 출범(인공지능정부정책과)_게시용.pdf,,,deferred,,https://www.mois.go.kr/cmm/fms/FileDown.do?atchFileId=FILE_00143975GlYeLPM&fileSn=1,
739,124882,1,260401 (18시) 마을이 생산하고 함께 나누는 햇빛소득마을 26년 햇빛소득마을 선정 공고(햇빛소득마을추진단 기반조성과).hwpx,hwpx,817450,extracted,,https://www.mois.go.kr/cmm/fms/FileDown.do?atchFileId=FILE_00143934VztkE58&fileSn=0,2966
739,124882,2,260401 (18시) 마을이 생산하고 함께 나누는 햇빛소득마을 26년 햇빛소득마을 선정 공고(햇빛소득마을추진단 기반조성과).pdf,,,deferred,,https://www.mois.go.kr/cmm/fms/FileDown.do?atchFileId=FILE_00143934VztkE58&fileSn=1,
740,124912,1,260331 (본회의 의결시) 기반시설에서 사람으로 지방소멸대응기금 사용 용도 확대된다(균형발전제도과).hwpx,hwpx,115055,extracted,,https://www.mois.go.kr/cmm/fms/FileDown.do?atchFileId=FILE_00143974z0FDfMt&fileSn=0,1440
740,124912,2,260331 (본회의 의결시) 기반시설에서 사람으로 지방소멸대응기금 사용 용도 확대된다(균형발전제도과).pdf,,,deferred,,https://www.mois.go.kr/cmm/fms/FileDown.do?atchFileId=FILE_00143974z0FDfMt&fileSn=1,
741,124911,1,260331 (본회의 의결시) 주민자치회 대전환! 지방자치법 개정으로 본격 가동(자치분권제도과).hwpx,hwpx,123660,extracted,,https://www.mois.go.kr/cmm/fms/FileDown.do?atchFileId=FILE_00143973b9D-MP6&fileSn=0,2847
741,124911,2,260331 (본회의 의결시) 주민자치회 대전환! 지방자치법 개정으로 본격 가동(자치분권제도과).pdf,,,deferred,,https://www.mois.go.kr/cmm/fms/FileDown.do?atchFileId=FILE_00143973b9D-MP6&fileSn=1,
742,124910,1,260331 (본회의 의결시) 강원·전북특별자치도 자치권 강화해 미래로 도약한다(자치분권제도과).hwpx,hwpx,124338,extracted,,https://www.mois.go.kr/cmm/fms/FileDown.do?atchFileId=FILE_00143972vpFHsl2&fileSn=0,4186
742,124910,2,260331 (본회의 의결시) 강원·전북특별자치도 자치권 강화해 미래로 도약한다(자치분권제도과).pdf,,,deferred,,https://www.mois.go.kr/cmm/fms/FileDown.do?atchFileId=FILE_00143972vpFHsl2&fileSn=1,
743,124900,1,260331 (15시) 고유가 피해지원금 범정부 TF 1차회의 개최(재정정책과).hwpx,hwpx,124805,extracted,,https://www.mois.go.kr/cmm/fms/FileDown.do?atchFileId=FILE_00143971s18l-9d&fileSn=0,963
743,124900,2,260331 (15시) 고유가 피해지원금 범정부 TF 1차회의 개최(재정정책과).pdf,,,deferred,,https://www.mois.go.kr/cmm/fms/FileDown.do?atchFileId=FILE_00143971s18l-9d&fileSn=1,
744,124898,1,260331 (국무회의 종료시) 행정안전부 추가경정예산안 9조 5240억원 편성(기획재정담당관).hwpx,hwpx,166056,extracted,,https://www.mois.go.kr/cmm/fms/FileDown.do?atchFileId=FILE_001439403dhcBbK&fileSn=0,1559
744,124898,2,260331 (국무회의 종료시) 행정안전부 추가경정예산안 9조 5240억원 편성(기획재정담당관).pdf,,,deferred,,https://www.mois.go.kr/cmm/fms/FileDown.do?atchFileId=FILE_001439403dhcBbK&fileSn=1,
745,124897,1,260331(국무회의 종료시) 재난안전·민원 현장 지방공무원 승진 빨라지고 인센티브 늘어난다(지방인사제도과).hwpx,hwpx,144957,extracted,,https://www.mois.go.kr/cmm/fms/FileDown.do?atchFileId=FILE_00143939-q1ydP3&fileSn=0,2926
745,124897,2,260331(국무회의 종료시) 재난안전·민원 현장 지방공무원 승진 빨라지고 인센티브 늘어난다(지방인사제도과).pdf,,,deferred,,https://www.mois.go.kr/cmm/fms/FileDown.do?atchFileId=FILE_00143939-q1ydP3&fileSn=1,
746,124896,1,260331 (국무회의 종료시) 국정 운영에 기초 지방정부의 목소리를 두텁게 반영한다(자치행정과).hwpx,hwpx,88391,extracted,,https://www.mois.go.kr/cmm/fms/FileDown.do?atchFileId=FILE_001439388XJUC2f&fileSn=0,1502
746,124896,2,260331 (국무회의 종료시) 국정 운영에 기초 지방정부의 목소리를 두텁게 반영한다(자치행정과).pdf,,,deferred,,https://www.mois.go.kr/cmm/fms/FileDown.do?atchFileId=FILE_001439388XJUC2f&fileSn=1,
747,124895,1,260331 (국무회의 종료시) 2025년 공공데이터 제공 운영실태 평가결과 공개(공공데이터정책과).hwpx,hwpx,448357,extracted,,https://www.mois.go.kr/cmm/fms/FileDown.do?atchFileId=FILE_001439372ZbL8L1&fileSn=0,4411
747,124895,2,260331 (국무회의 종료시) 2025년 공공데이터 제공 운영실태 평가결과 공개(공공데이터정책과).pdf,,,deferred,,https://www.mois.go.kr/cmm/fms/FileDown.do?atchFileId=FILE_001439372ZbL8L1&fileSn=1,
748,124881,1,260401 (조간) 우리 마을을 지키는 안전 영웅! 어린이 안전히어로즈 신규 모집(안전문화교육과).hwpx,hwpx,1872495,extracted,,https://www.mois.go.kr/cmm/fms/FileDown.do?atchFileId=FILE_001439338TcOySD&fileSn=0,1432
748,124881,2,260401 (조간) 우리 마을을 지키는 안전 영웅! 어린이 안전히어로즈 신규 모집(안전문화교육과).pdf,,,deferred,,https://www.mois.go.kr/cmm/fms/FileDown.do?atchFileId=FILE_001439338TcOySD&fileSn=1,
749,124880,1,260401 (조간) 모르고 피해보는 일 없게 공유재산 사용자 권익 보호 강화된다(공유재산정책과).hwpx,hwpx,80749,extracted,,https://www.mois.go.kr/cmm/fms/FileDown.do?atchFileId=FILE_00143932hSCHXf7&fileSn=0,1310
749,124880,2,260401 (조간) 모르고 피해보는 일 없게 공유재산 사용자 권익 보호 강화된다(공유재산정책과).pdf,,,deferred,,https://www.mois.go.kr/cmm/fms/FileDown.do?atchFileId=FILE_00143932hSCHXf7&fileSn=1,
750,124879,1,260401 (조간) 지역 주택공급 확대 위해 지방공사 공공재개발·재건축사업의 절차 완화(지방공공기관관리과).hwpx,hwpx,115341,extracted,,https://www.mois.go.kr/cmm/fms/FileDown.do?atchFileId=FILE_00143931hNzuybT&fileSn=0,1130
750,124879,2,260401 (조간) 지역 주택공급 확대 위해 지방공사 공공재개발·재건축사업의 절차 완화(지방공공기관관리과).pdf,,,deferred,,https://www.mois.go.kr/cmm/fms/FileDown.do?atchFileId=FILE_00143931hNzuybT&fileSn=1,
751,124844,1,260331 (조간) 승강기 안전부터 은닉 마약류 탐지까지 과학기술로 국민 안전 지킨다(재난안전연구개발과).hwpx,hwpx,200862,extracted,,https://www.mois.go.kr/cmm/fms/FileDown.do?atchFileId=FILE_00143849_p4-UZ9&fileSn=0,2312
751,124844,2,260331 (조간) 승강기 안전부터 은닉 마약류 탐지까지 과학기술로 국민 안전 지킨다(재난안전연구개발과).pdf,,,deferred,,https://www.mois.go.kr/cmm/fms/FileDown.do?atchFileId=FILE_00143849_p4-UZ9&fileSn=1,
752,124843,1,260331 (조간) 신뢰로 보답하는 고향사랑기부 답례품 품질관리 현장점검(균형발전진흥과).hwpx,hwpx,107732,extracted,,https://www.mois.go.kr/cmm/fms/FileDown.do?atchFileId=FILE_00143848PFHuYbx&fileSn=0,1115
752,124843,2,260331 (조간) 신뢰로 보답하는 고향사랑기부 답례품 품질관리 현장점검(균형발전진흥과).pdf,,,deferred,,https://www.mois.go.kr/cmm/fms/FileDown.do?atchFileId=FILE_00143848PFHuYbx&fileSn=1,
753,124842,1,260331 (조간) 전남광주통합특별시 특례 설계도 담은 시행령 제정 착수(자치분권지원과).hwpx,hwpx,116965,extracted,,https://www.mois.go.kr/cmm/fms/FileDown.do?atchFileId=FILE_00143847PpSlqJ-&fileSn=0,1742
753,124842,2,260331 (조간) 전남광주통합특별시 특례 설계도 담은 시행령 제정 착수(자치분권지원과).pdf,,,deferred,,https://www.mois.go.kr/cmm/fms/FileDown.do?atchFileId=FILE_00143847PpSlqJ-&fileSn=1,
754,124840,1,260331 (조간) 해외 불법 마약류 유통 차단 관계기관 합동 현장점검(자치행정과).hwpx,hwpx,108279,extracted,,https://www.mois.go.kr/cmm/fms/FileDown.do?atchFileId=FILE_00143846zJtn7it&fileSn=0,1144
754,124840,2,260331 (조간) 해외 불법 마약류 유통 차단 관계기관 합동 현장점검(자치행정과).pdf,,,deferred,,https://www.mois.go.kr/cmm/fms/FileDown.do?atchFileId=FILE_00143846zJtn7it&fileSn=1,
755,124834,1,260331 (조간) 집중된 대설에도 큰 피해 없이 겨울철 대책 기간 마무리(자연재난대응과).hwpx,hwpx,154768,extracted,,https://www.mois.go.kr/cmm/fms/FileDown.do?atchFileId=FILE_00143881q779s6U&fileSn=0,2980
755,124834,2,260331 (조간) 집중된 대설에도 큰 피해 없이 겨울철 대책 기간 마무리(자연재난대응과).pdf,,,deferred,,https://www.mois.go.kr/cmm/fms/FileDown.do?atchFileId=FILE_00143881q779s6U&fileSn=1,
756,124828,1,260330 (조간) 말 한마디로 민원 접수 끝 행안부 AI로 주민 일상 더 편리하게(민간협력공동체과).hwpx,hwpx,115699,extracted,,https://www.mois.go.kr/cmm/fms/FileDown.do?atchFileId=FILE_00143810WQS8kvy&fileSn=0,1996
756,124828,2,260330 (조간) 말 한마디로 민원 접수 끝 행안부 AI로 주민 일상 더 편리하게(민간협력공동체과).pdf,,,deferred,,https://www.mois.go.kr/cmm/fms/FileDown.do?atchFileId=FILE_00143810WQS8kvy&fileSn=1,
757,124827,1,260330 (조간) 답답했던 행정 절차 현장 목소리로 시원하게 바꿉니다(행정제도과).hwpx,hwpx,122383,extracted,,https://www.mois.go.kr/cmm/fms/FileDown.do?atchFileId=FILE_00143809H4za61i&fileSn=0,2047
757,124827,2,260330 (조간) 답답했던 행정 절차 현장 목소리로 시원하게 바꿉니다(행정제도과).pdf,,,deferred,,https://www.mois.go.kr/cmm/fms/FileDown.do?atchFileId=FILE_00143809H4za61i&fileSn=1,
758,124826,1,260330 (조간) 민원에 쓰던 시간 정부가 아껴드립니다 AI와 민원매니저가 복합민원 대신 처리(공공서비스혁신과).hwpx,hwpx,120688,extracted,,https://www.mois.go.kr/cmm/fms/FileDown.do?atchFileId=FILE_00143894jhEtOMa&fileSn=0,3421
758,124826,2,260330 (조간) 민원에 쓰던 시간 정부가 아껴드립니다 AI와 민원매니저가 복합민원 대신 처리(공공서비스혁신과).pdf,,,deferred,,https://www.mois.go.kr/cmm/fms/FileDown.do?atchFileId=FILE_00143894jhEtOMa&fileSn=1,
759,124803,1,260328 (15시) 점심값 걱정 덜어주는 착한 식당 정부가 든든히 뒷받침합니다(지역경제과).hwpx,hwpx,120860,extracted,,https://www.mois.go.kr/cmm/fms/FileDown.do?atchFileId=FILE_00143821XzHAsZZ&fileSn=0,917
759,124803,2,260328 (15시) 점심값 걱정 덜어주는 착한 식당 정부가 든든히 뒷받침합니다(지역경제과).pdf,,,deferred,,https://www.mois.go.kr/cmm/fms/FileDown.do?atchFileId=FILE_00143821XzHAsZZ&fileSn=1,
760,124802,1,260328 (15시) 봄꽃 대표축제 진해군항제 안전한 축제를 위해 현장점검 실시(재난안전점검과).hwpx,hwpx,232990,extracted,,https://www.mois.go.kr/cmm/fms/FileDown.do?atchFileId=FILE_00143820sZxac3u&fileSn=0,1049
760,124802,2,260328 (15시) 봄꽃 대표축제 진해군항제 안전한 축제를 위해 현장점검 실시(재난안전점검과).pdf,,,deferred,,https://www.mois.go.kr/cmm/fms/FileDown.do?atchFileId=FILE_00143820sZxac3u&fileSn=1,
761,124801,1,260328 (15시) 우리 아이 등하굣길 더 안전하게! 개학기 초등학교 주변 안전관리 현장 점검(안전개선과).hwpx,hwpx,925222,extracted,,https://www.mois.go.kr/cmm/fms/FileDown.do?atchFileId=FILE_00143819x4GtQcK&fileSn=0,897
761,124801,2,260328 (15시) 우리 아이 등하굣길 더 안전하게! 개학기 초등학교 주변 안전관리 현장 점검(안전개선과).pdf,,,deferred,,https://www.mois.go.kr/cmm/fms/FileDown.do?atchFileId=FILE_00143819x4GtQcK&fileSn=1,
762,124813,1,260327 (13시30분) 막힌 빗물받이 뚫고 노후 제방 보강 등 여름철 침수 위험요소 미리 조치한다(재난관리정책과).hwpx,hwpx,5258160,extracted,,https://www.mois.go.kr/cmm/fms/FileDown.do?atchFileId=FILE_00143807FbJf7hy&fileSn=0,1445
762,124813,2,260327 (13시30분) 막힌 빗물받이 뚫고 노후 제방 보강 등 여름철 침수 위험요소 미리 조치한다(재난관리정책과).pdf,,,deferred,,https://www.mois.go.kr/cmm/fms/FileDown.do?atchFileId=FILE_00143807FbJf7hy&fileSn=1,
763,124788,1,260326 (16시30분) 하천·계곡 및 주변지역 불법시설 정비 재조사 중간 점검 회의 개최(재난경감과).hwpx,hwpx,998634,extracted,,https://www.mois.go.kr/cmm/fms/FileDown.do?atchFileId=FILE_00143775f0G1Ywz&fileSn=0,2053
763,124788,2,260326 (16시30분) 하천·계곡 및 주변지역 불법시설 정비 재조사 중간 점검 회의 개최(재난경감과).pdf,,,deferred,,https://www.mois.go.kr/cmm/fms/FileDown.do?atchFileId=FILE_00143775f0G1Ywz&fileSn=1,
764,124757,1,260327 (조간) 대일항쟁기 만주 및 대만지역 강제동원 희생자 유족 유전자 검사 실시(과거사관련업무지원단 대일항쟁기강제동원피해지원과).hwpx,hwpx,89266,extracted,,https://www.mois.go.kr/cmm/fms/FileDown.do?atchFileId=FILE_00143765YaoKu9D&fileSn=0,3011
764,124757,2,260327 (조간) 대일항쟁기 만주 및 대만지역 강제동원 희생자 유족 유전자 검사 실시(과거사관련업무지원단 대일항쟁기강제동원피해지원과).pdf,,,deferred,,https://www.mois.go.kr/cmm/fms/FileDown.do?atchFileId=FILE_00143765YaoKu9D&fileSn=1,
765,124756,1,260327 (조간) 해빙기 점검을 통해 재해복구사업 속도 높인다(복구지원과).hwpx,hwpx,181563,extracted,,https://www.mois.go.kr/cmm/fms/FileDown.do?atchFileId=FILE_00143755QmgYE7g&fileSn=0,1155
765,124756,2,260327 (조간) 해빙기 점검을 통해 재해복구사업 속도 높인다(복구지원과).pdf,,,deferred,,https://www.mois.go.kr/cmm/fms/FileDown.do?atchFileId=FILE_00143755QmgYE7g&fileSn=1,
766,124755,1,260327 (조간) 봄 영농기 농기계 사고에 주의하세요!(예방안전제도과).hwpx,hwpx,564748,extracted,,https://www.mois.go.kr/cmm/fms/FileDown.do?atchFileId=FILE_00143753OQxwfTy&fileSn=0,1853
766,124755,2,260327 (조간) 봄 영농기 농기계 사고에 주의하세요!(예방안전제도과).pdf,,,deferred,,https://www.mois.go.kr/cmm/fms/FileDown.do?atchFileId=FILE_00143753OQxwfTy&fileSn=1,
767,124754,1,260327 (조간) 전세 사기 막고 빗길 사고 예방까지 데이터로 국민 일상 살린다(공공데이터정책과).hwpx,hwpx,139429,extracted,,https://www.mois.go.kr/cmm/fms/FileDown.do?atchFileId=FILE_00143762cLNx2Ka&fileSn=0,4982
767,124754,2,260327 (조간) 전세 사기 막고 빗길 사고 예방까지 데이터로 국민 일상 살린다(공공데이터정책과).pdf,,,deferred,,https://www.mois.go.kr/cmm/fms/FileDown.do?atchFileId=FILE_00143762cLNx2Ka&fileSn=1,
768,124753,1,260327 (조간) 변동성 큰 금융시장 ‘혁신 공공서비스’가 국민의 든든한 투자 길잡이 된다(혁신기획과).hwpx,hwpx,94648,extracted,,https://www.mois.go.kr/cmm/fms/FileDown.do?atchFileId=FILE_00143761q4Cc2pD&fileSn=0,2846
768,124753,2,260327 (조간) 변동성 큰 금융시장 ‘혁신 공공서비스’가 국민의 든든한 투자 길잡이 된다(혁신기획과).pdf,,,deferred,,https://www.mois.go.kr/cmm/fms/FileDown.do?atchFileId=FILE_00143761q4Cc2pD&fileSn=1,
769,124745,1,260326 (8시) ｢전남광주통합특별시｣ 7월 1일 출범 위해 행안부·전남·광주 ‘원팀’ 가동(범정부지방행정체제개편지원단).hwpx,hwpx,9981961,extracted,,https://www.mois.go.kr/cmm/fms/FileDown.do?atchFileId=FILE_00143744qjoOXQh&fileSn=0,1603
769,124745,2,260326 (8시) ｢전남광주통합특별시｣ 7월 1일 출범 위해 행안부·전남·광주 ‘원팀’ 가동(범정부지방행정체제개편지원단).pdf,,,deferred,,https://www.mois.go.kr/cmm/fms/FileDown.do?atchFileId=FILE_00143744qjoOXQh&fileSn=1,
770,124718,1,260326 (18시) 전남·광주 통합 지역소멸 극복과 대한민국 대도약의 마중물 만들 것(자치행정과).hwpx,hwpx,120880,extracted,,https://www.mois.go.kr/cmm/fms/FileDown.do?atchFileId=FILE_00143723ZFII5T_&fileSn=0,1808
770,124718,2,260326 (18시) 전남·광주 통합 지역소멸 극복과 대한민국 대도약의 마중물 만들 것(자치행정과).pdf,,,deferred,,https://www.mois.go.kr/cmm/fms/FileDown.do?atchFileId=FILE_00143723ZFII5T_&fileSn=1,
771,124719,1,260326 (17시) 살피고 대피하라! 고층건축물 화재 대비 올해 첫 레디 코리아 훈련(재난대응훈련과).hwpx,hwpx,243145,extracted,,https://www.mois.go.kr/cmm/fms/FileDown.do?atchFileId=FILE_00143724v5dEaca&fileSn=0,2602
771,124719,2,260326 (17시) 살피고 대피하라! 고층건축물 화재 대비 올해 첫 레디 코리아 훈련(재난대응훈련과).pdf,,,deferred,,https://www.mois.go.kr/cmm/fms/FileDown.do?atchFileId=FILE_00143724v5dEaca&fileSn=1,
772,124716,1,260326 (15시) 과학수사 발전 격려하고 서민금융 현장 살펴(자치행정과).hwpx,hwpx,120736,extracted,,https://www.mois.go.kr/cmm/fms/FileDown.do?atchFileId=FILE_00143720dhSmZtf&fileSn=0,1934
772,124716,2,260326 (15시) 과학수사 발전 격려하고 서민금융 현장 살펴(자치행정과).pdf,,,deferred,,https://www.mois.go.kr/cmm/fms/FileDown.do?atchFileId=FILE_00143720dhSmZtf&fileSn=1,
773,124730,1,260325 (14시) 대전 대덕구 공장 화재 중앙재난안전대책본부 6차 회의 개최(국토산업재난대응과).hwpx,hwpx,186754,extracted,,https://www.mois.go.kr/cmm/fms/FileDown.do?atchFileId=FILE_00143727FRO4Qw_&fileSn=0,1892
773,124730,2,260325 (14시) 대전 대덕구 공장 화재 중앙재난안전대책본부 6차 회의 개최(국토산업재난대응과).pdf,,,deferred,,https://www.mois.go.kr/cmm/fms/FileDown.do?atchFileId=FILE_00143727FRO4Qw_&fileSn=1,
774,124720,1,260326 (조간) 부울경 복합재난 대비 역량 강화를 위한 한·일 공동세미나 개최(국립재난안전연구원 지진방재센터).hwpx,hwpx,250078,extracted,,https://www.mois.go.kr/cmm/fms/FileDown.do?atchFileId=FILE_00143725T0N82Ue&fileSn=0,1861
774,124720,2,260326 (조간) 부울경 복합재난 대비 역량 강화를 위한 한·일 공동세미나 개최(국립재난안전연구원 지진방재센터).pdf,,,deferred,,https://www.mois.go.kr/cmm/fms/FileDown.do?atchFileId=FILE_00143725T0N82Ue&fileSn=1,
775,124709,1,260325 (8시) 지방 식품사막화 문제 행정안전부와 기아가 손잡고 해결 나선다(균형발전제도과).hwpx,hwpx,17516205,extracted,,https://www.mois.go.kr/cmm/fms/FileDown.do?atchFileId=FILE_00143719FbUwJOA&fileSn=0,1880
775,124709,2,260325 (8시) 지방 식품사막화 문제 행정안전부와 기아가 손잡고 해결 나선다(균형발전제도과).pdf,,,deferred,,https://www.mois.go.kr/cmm/fms/FileDown.do?atchFileId=FILE_00143719FbUwJOA&fileSn=1,
776,124640,1,260325 (16시) 금융으로 지역 소멸의 벽을 넘다 각국에서 전한 사회연대금융의 이정표(지역금융지원과).hwpx,hwpx,1026299,extracted,,https://www.mois.go.kr/cmm/fms/FileDown.do?atchFileId=FILE_00143621D6n4BL_&fileSn=0,7085
776,124640,2,260325 (16시) 금융으로 지역 소멸의 벽을 넘다 각국에서 전한 사회연대금융의 이정표(지역금융지원과).pdf,,,deferred,,https://www.mois.go.kr/cmm/fms/FileDown.do?atchFileId=FILE_00143621D6n4BL_&fileSn=1,
777,124690,1,260324 (14시) 대전 대덕구 공장 화재 중대본 5차 회의 개최(국토산업재난대응과).hwpx,hwpx,179472,extracted,,https://www.mois.go.kr/cmm/fms/FileDown.do?atchFileId=FILE_001436333bUsW1-&fileSn=0,1125
777,124690,2,260324 (14시) 대전 대덕구 공장 화재 중대본 5차 회의 개최(국토산업재난대응과).pdf,,,deferred,,https://www.mois.go.kr/cmm/fms/FileDown.do?atchFileId=FILE_001436333bUsW1-&fileSn=1,
778,124684,1,260324 (국무회의 종료시) 78년 만의 수사‧기소 분리 중대범죄수사청 출범 본격 착수(중대범죄수사청설립지원단).hwpx,hwpx,248783,extracted,,https://www.mois.go.kr/cmm/fms/FileDown.do?atchFileId=FILE_001436810uS8hMT&fileSn=0,1779
778,124684,2,260324 (국무회의 종료시) 78년 만의 수사‧기소 분리 중대범죄수사청 출범 본격 착수(중대범죄수사청설립지원단).pdf,,,deferred,,https://www.mois.go.kr/cmm/fms/FileDown.do?atchFileId=FILE_001436810uS8hMT&fileSn=1,
779,124683,1,260324 (국무회의 종료시) 주민과 함께 만드는 풍요로운 마을 햇빛소득마을 전국 확산 본격 추진(햇빛소득마을추진단).hwpx,hwpx,127707,extracted,,https://www.mois.go.kr/cmm/fms/FileDown.do?atchFileId=FILE_00143670MCSj8ZD&fileSn=0,2743
779,124683,2,260324 (국무회의 종료시) 주민과 함께 만드는 풍요로운 마을 햇빛소득마을 전국 확산 본격 추진(햇빛소득마을추진단).pdf,,,deferred,,https://www.mois.go.kr/cmm/fms/FileDown.do?atchFileId=FILE_00143670MCSj8ZD&fileSn=1,
780,124642,1,260325 (조간) 새로운 시설물 속 숨은 위험 찾는다 잠재 재난위험 분석 보고서 발간(재난대응총괄과).hwpx,hwpx,239201,extracted,,https://www.mois.go.kr/cmm/fms/FileDown.do?atchFileId=FILE_00143623eLfTIM5&fileSn=0,1709
780,124642,2,260325 (조간) 새로운 시설물 속 숨은 위험 찾는다 잠재 재난위험 분석 보고서 발간(재난대응총괄과).pdf,,,deferred,,https://www.mois.go.kr/cmm/fms/FileDown.do?atchFileId=FILE_00143623eLfTIM5&fileSn=1,
781,124641,1,260325 (조간) 적극행정으로 지역을 바꾼다 주민 삶의 질 높인 우수 지방정부 선정(공무원단체과).hwpx,hwpx,1473313,extracted,,https://www.mois.go.kr/cmm/fms/FileDown.do?atchFileId=FILE_00143622YDaY4DV&fileSn=0,2173
781,124641,2,260325 (조간) 적극행정으로 지역을 바꾼다 주민 삶의 질 높인 우수 지방정부 선정(공무원단체과).pdf,,,deferred,,https://www.mois.go.kr/cmm/fms/FileDown.do?atchFileId=FILE_00143622YDaY4DV&fileSn=1,
782,124639,1,260325 (조간) 공공부문에서 인공지능(AI) 어떻게 써야해 「AI 정부 서비스 사례집」에 우수사례 총집합(공공인공지능혁신과).hwpx,hwpx,117650,extracted,,https://www.mois.go.kr/cmm/fms/FileDown.do?atchFileId=FILE_00143570814ONME&fileSn=0,1980
782,124639,2,260325 (조간) 공공부문에서 인공지능(AI) 어떻게 써야해 「AI 정부 서비스 사례집」에 우수사례 총집합(공공인공지능혁신과).pdf,,,deferred,,https://www.mois.go.kr/cmm/fms/FileDown.do?atchFileId=FILE_00143570814ONME&fileSn=1,
783,124638,1,260325 (조간) 보고서 꾸미는 시간에 민생 현장으로 행정안전부 AI친화 행정문서 혁신 시범 실시(혁신행정담당관).hwpx,hwpx,119238,extracted,,https://www.mois.go.kr/cmm/fms/FileDown.do?atchFileId=FILE_00143569XniNC01&fileSn=0,2886
783,124638,2,260325 (조간) 보고서 꾸미는 시간에 민생 현장으로 행정안전부 AI친화 행정문서 혁신 시범 실시(혁신행정담당관).pdf,,,deferred,,https://www.mois.go.kr/cmm/fms/FileDown.do?atchFileId=FILE_00143569XniNC01&fileSn=1,
783,124638,3,260325 (조간) 보고서 꾸미는 시간에 민생 현장으로 행정안전부 AI친화 행정문서 혁신 시범 실시(혁신행정담당관).md,,,deferred,,https://www.mois.go.kr/cmm/fms/FileDown.do?atchFileId=FILE_00143569XniNC01&fileSn=2,
784,124561,1,260324 (17시) 169명의 행정안전부 AI 리더 AI 민주정부 구현 이끈다(데이터정보화담당관).hwpx,hwpx,119730,extracted,,https://www.mois.go.kr/cmm/fms/FileDown.do?atchFileId=FILE_00143525a8f3wuL&fileSn=0,2802
784,124561,2,260324 (17시) 169명의 행정안전부 AI 리더 AI 민주정부 구현 이끈다(데이터정보화담당관).pdf,,,deferred,,https://www.mois.go.kr/cmm/fms/FileDown.do?atchFileId=FILE_00143525a8f3wuL&fileSn=1,
785,124565,1,260324 (조간) 지방선거 후 지방의회 공백 없다. 행안부 개원 준비 실무 A to Z 교육(지방자치인재개발원 지방의정연수센터).hwpx,hwpx,119325,extracted,,https://www.mois.go.kr/cmm/fms/FileDown.do?atchFileId=FILE_00143529jwjyBIY&fileSn=0,2139
785,124565,2,260324 (조간) 지방선거 후 지방의회 공백 없다. 행안부 개원 준비 실무 A to Z 교육(지방자치인재개발원 지방의정연수센터).pdf,,,deferred,,https://www.mois.go.kr/cmm/fms/FileDown.do?atchFileId=FILE_00143529jwjyBIY&fileSn=1,
786,124564,1,260324 (조간) 국정철학·국정과제 호남권 최일선 현장부터 깊이 뿌리 내린다(지방자치인재개발원 기획협력과).hwpx,hwpx,89129,extracted,,https://www.mois.go.kr/cmm/fms/FileDown.do?atchFileId=FILE_00143528krvXpD5&fileSn=0,1222
786,124564,2,260324 (조간) 국정철학·국정과제 호남권 최일선 현장부터 깊이 뿌리 내린다(지방자치인재개발원 기획협력과).pdf,,,deferred,,https://www.mois.go.kr/cmm/fms/FileDown.do?atchFileId=FILE_00143528krvXpD5&fileSn=1,
787,124563,1,260324 (조간) 지역 거주 인재 공직 진출 확대 등 채용제도 개선(지방인사제도과).hwpx,hwpx,137828,extracted,,https://www.mois.go.kr/cmm/fms/FileDown.do?atchFileId=FILE_00143563tr1pRpT&fileSn=0,4213
787,124563,2,260324 (조간) 지역 거주 인재 공직 진출 확대 등 채용제도 개선(지방인사제도과).pdf,,,deferred,,https://www.mois.go.kr/cmm/fms/FileDown.do?atchFileId=FILE_00143563tr1pRpT&fileSn=1,
788,124562,1,260324 (조간) AI 민주정부 핵심 모바일 신분증 민간 개방 확대해 국민 편의 극대화한다(국민맞춤서비스과).hwpx,hwpx,117573,extracted,,https://www.mois.go.kr/cmm/fms/FileDown.do?atchFileId=FILE_00143526UtUWGPY&fileSn=0,1700
788,124562,2,260324 (조간) AI 민주정부 핵심 모바일 신분증 민간 개방 확대해 국민 편의 극대화한다(국민맞춤서비스과).pdf,,,deferred,,https://www.mois.go.kr/cmm/fms/FileDown.do?atchFileId=FILE_00143526UtUWGPY&fileSn=1,
789,124558,1,260323 (11시) 비상경제 대응부터 노동·돌봄까지…중앙지방 민생안정 총력대응(자치행정과).hwpx,hwpx,123107,extracted,,https://www.mois.go.kr/cmm/fms/FileDown.do?atchFileId=FILE_001435241s77IC1&fileSn=0,1953
789,124558,2,260323 (11시) 비상경제 대응부터 노동·돌봄까지…중앙지방 민생안정 총력대응(자치행정과).pdf,,,deferred,,https://www.mois.go.kr/cmm/fms/FileDown.do?atchFileId=FILE_001435241s77IC1&fileSn=1,
790,124557,1,260323 (조간) 제1호 국민안전산업펀드 조성 및 운용사 모집(재난안전산업과).hwpx,hwpx,131385,extracted,,https://www.mois.go.kr/cmm/fms/FileDown.do?atchFileId=FILE_00143523_9pmYfI&fileSn=0,1291
790,124557,2,260323 (조간) 제1호 국민안전산업펀드 조성 및 운용사 모집(재난안전산업과).pdf,,,deferred,,https://www.mois.go.kr/cmm/fms/FileDown.do?atchFileId=FILE_00143523_9pmYfI&fileSn=1,
791,124556,1,260323 (조간) 영문 주민등록표 발급 절차 자동화로 연 25000시간 아끼고 개인정보 노출 잡는다(주민과).hwpx,hwpx,267671,extracted,,https://www.mois.go.kr/cmm/fms/FileDown.do?atchFileId=FILE_00143522s-oqtDD&fileSn=0,1323
791,124556,2,260323 (조간) 영문 주민등록표 발급 절차 자동화로 연 25000시간 아끼고 개인정보 노출 잡는다(주민과).pdf,,,deferred,,https://www.mois.go.kr/cmm/fms/FileDown.do?atchFileId=FILE_00143522s-oqtDD&fileSn=1,
792,124555,1,260323 (조간) 제9회 전국동시지방선거 대비 특별 감찰(복무감찰담당관).hwpx,hwpx,138478,extracted,,https://www.mois.go.kr/cmm/fms/FileDown.do?atchFileId=FILE_00143521aDabbjL&fileSn=0,5364
792,124555,2,260323 (조간) 제9회 전국동시지방선거 대비 특별 감찰(복무감찰담당관).pdf,,,deferred,,https://www.mois.go.kr/cmm/fms/FileDown.do?atchFileId=FILE_00143521aDabbjL&fileSn=1,
793,124581,1,260322 (즉시) 대전 대덕구 공장화재 구호활동을 위한 재해구호사업비 긴급 지원(재난구호과).hwpx,hwpx,182592,extracted,,https://www.mois.go.kr/cmm/fms/FileDown.do?atchFileId=FILE_00143546P44kHuV&fileSn=0,637
793,124581,2,260322 (즉시) 대전 대덕구 공장화재 구호활동을 위한 재해구호사업비 긴급 지원(재난구호과).pdf,,,deferred,,https://www.mois.go.kr/cmm/fms/FileDown.do?atchFileId=FILE_00143546P44kHuV&fileSn=1,
794,124575,1,260322 (즉시) 행정안전부장관 주재 대전 대덕구 공장 화재 중대본 3차 회의 개최(국토산업재난대응과).hwpx,hwpx,185844,extracted,,https://www.mois.go.kr/cmm/fms/FileDown.do?atchFileId=FILE_00143543NGx3_Er&fileSn=0,1461
794,124575,2,260322 (즉시) 행정안전부장관 주재 대전 대덕구 공장 화재 중대본 3차 회의 개최(국토산업재난대응과).pdf,,,deferred,,https://www.mois.go.kr/cmm/fms/FileDown.do?atchFileId=FILE_00143543NGx3_Er&fileSn=1,
795,124577,1,260321 (즉시) 대전 공장화재 피해 신속 수습을 위해 재난특교세 10억원 긴급 지원(재난관리정책과).hwpx,hwpx,177594,extracted,,https://www.mois.go.kr/cmm/fms/FileDown.do?atchFileId=FILE_00143545sqMIFfU&fileSn=0,555
795,124577,2,260321 (즉시) 대전 공장화재 피해 신속 수습을 위해 재난특교세 10억원 긴급 지원(재난관리정책과).pdf,,,deferred,,https://www.mois.go.kr/cmm/fms/FileDown.do?atchFileId=FILE_00143545sqMIFfU&fileSn=1,
796,124576,1,260321 (즉시) 정부는 국민 안전을 지키고 불편을 최소화하기 위해 최선을 다하고 있습니다(사회재난대응총괄과).hwpx,hwpx,114633,extracted,,https://www.mois.go.kr/cmm/fms/FileDown.do?atchFileId=FILE_00143544ZD6vm_R&fileSn=0,770
796,124576,2,260321 (즉시) 정부는 국민 안전을 지키고 불편을 최소화하기 위해 최선을 다하고 있습니다(사회재난대응총괄과).pdf,,,deferred,,https://www.mois.go.kr/cmm/fms/FileDown.do?atchFileId=FILE_00143544ZD6vm_R&fileSn=1,
797,124571,1,260321 (11시) 대전 공장화재 피해자 지원을 위한 범정부 재난심리회복지원 체계 가동(재난현장지원총괄과).hwpx,hwpx,364559,extracted,,https://www.mois.go.kr/cmm/fms/FileDown.do?atchFileId=FILE_001435527vnlKyn&fileSn=0,1589
797,124571,2,260321 (11시) 대전 공장화재 피해자 지원을 위한 범정부 재난심리회복지원 체계 가동(재난현장지원총괄과).pdf,,,deferred,,https://www.mois.go.kr/cmm/fms/FileDown.do?atchFileId=FILE_001435527vnlKyn&fileSn=1,
798,124570,1,260321 (09시30분) 행정안전부장관 주재 대전 대덕구 공장 화재 중대본 2차 회의 개최(국토산업재난대응과).hwpx,hwpx,181048,extracted,,https://www.mois.go.kr/cmm/fms/FileDown.do?atchFileId=FILE_00143551rcnYefd&fileSn=0,940
798,124570,2,260321 (09시30분) 행정안전부장관 주재 대전 대덕구 공장 화재 중대본 2차 회의 개최(국토산업재난대응과).pdf,,,deferred,,https://www.mois.go.kr/cmm/fms/FileDown.do?atchFileId=FILE_00143551rcnYefd&fileSn=1,
799,124566,1,260320 (즉시) 행정안전부 장관 대전 대덕구 공장화재 현장에서 긴급 중대본 회의 주재(국토산업재난대응과).hwpx,hwpx,183009,extracted,,https://www.mois.go.kr/cmm/fms/FileDown.do?atchFileId=FILE_00143533Ymv-LGP&fileSn=0,662
799,124566,2,260320 (즉시) 행정안전부 장관 대전 대덕구 공장화재 현장에서 긴급 중대본 회의 주재(국토산업재난대응과).pdf,,,deferred,,https://www.mois.go.kr/cmm/fms/FileDown.do?atchFileId=FILE_00143533Ymv-LGP&fileSn=1,
800,124560,1,260320 (즉시) 행정안전부 장관 대전 대덕구 공장화재 관련 중앙재난안전대책본부 즉시 가동 지시(국토산업재난대응과).hwpx,hwpx,185138,extracted,,https://www.mois.go.kr/cmm/fms/FileDown.do?atchFileId=FILE_00143532O6EmyHe&fileSn=0,735
800,124560,2,260320 (즉시) 행정안전부 장관 대전 대덕구 공장화재 관련 중앙재난안전대책본부 즉시 가동 지시(국토산업재난대응과).pdf,,,deferred,,https://www.mois.go.kr/cmm/fms/FileDown.do?atchFileId=FILE_00143532O6EmyHe&fileSn=1,
801,124559,1,260320 (즉시) 행정안전부 대전 대덕구 공장 화재 대책지원본부 가동(국토산업재난대응과).hwpx,hwpx,180931,extracted,,https://www.mois.go.kr/cmm/fms/FileDown.do?atchFileId=FILE_00143531m4AoBJe&fileSn=0,661
801,124559,2,260320 (즉시) 행정안전부 대전 대덕구 공장 화재 대책지원본부 가동(국토산업재난대응과).pdf,,,deferred,,https://www.mois.go.kr/cmm/fms/FileDown.do?atchFileId=FILE_00143531m4AoBJe&fileSn=1,
802,124539,1,260320 (즉시) 대전 대덕구 공장 화재 관련 긴급 지시(국토산업재난대응과).hwpx,hwpx,173309,extracted,,https://www.mois.go.kr/cmm/fms/FileDown.do?atchFileId=FILE_00143489dUo2v2a&fileSn=0,465
802,124539,2,260320 (즉시) 대전 대덕구 공장 화재 관련 긴급 지시(국토산업재난대응과).pdf,,,deferred,,https://www.mois.go.kr/cmm/fms/FileDown.do?atchFileId=FILE_00143489dUo2v2a&fileSn=1,
803,124516,1,260321 (13시) 방탄소년단(BTS) 컴백 행사 현장 K-안전으로 마지막까지 빈틈없이 챙긴다(재난안전점검과).hwpx,hwpx,244138,extracted,,https://www.mois.go.kr/cmm/fms/FileDown.do?atchFileId=FILE_00143456JZIAn9t&fileSn=0,2429
803,124516,2,260321 (13시) 방탄소년단(BTS) 컴백 행사 현장 K-안전으로 마지막까지 빈틈없이 챙긴다(재난안전점검과).pdf,,,deferred,,https://www.mois.go.kr/cmm/fms/FileDown.do?atchFileId=FILE_00143456JZIAn9t&fileSn=1,
804,124514,1,260321 (13시) 우리 지역 공유재산 잘 쓰고 동네는 함께 가꿔요(자치행정과).hwpx,hwpx,118412,extracted,,https://www.mois.go.kr/cmm/fms/FileDown.do?atchFileId=FILE_00143454C7XnkvY&fileSn=0,1842
804,124514,2,260321 (13시) 우리 지역 공유재산 잘 쓰고 동네는 함께 가꿔요(자치행정과).pdf,,,deferred,,https://www.mois.go.kr/cmm/fms/FileDown.do?atchFileId=FILE_00143454C7XnkvY&fileSn=1,
805,124515,1,260321 (조간) 공무원 노사 합동 봉사활동으로 노사 화합과 나눔 문화 확산(공무원단체과).hwpx,hwpx,106951,extracted,,https://www.mois.go.kr/cmm/fms/FileDown.do?atchFileId=FILE_0014345507UFllJ&fileSn=0,1097
805,124515,2,260321 (조간) 공무원 노사 합동 봉사활동으로 노사 화합과 나눔 문화 확산(공무원단체과).pdf,,,deferred,,https://www.mois.go.kr/cmm/fms/FileDown.do?atchFileId=FILE_0014345507UFllJ&fileSn=1,
806,124507,1,260320 (석간) 새마을금고 2025년 영업실적(잠정)(지역금융지원과).hwpx,hwpx,135413,extracted,,https://www.mois.go.kr/cmm/fms/FileDown.do?atchFileId=FILE_001434534o_KUwg&fileSn=0,4180
806,124507,2,260320 (석간) 새마을금고 2025년 영업실적(잠정)(지역금융지원과).pdf,,,deferred,,https://www.mois.go.kr/cmm/fms/FileDown.do?atchFileId=FILE_001434534o_KUwg&fileSn=1,
807,124508,1,260319 (16시) 노후아파트 화재 안전 추진상황 점검(국토산업재난대응과).hwpx,hwpx,233792,extracted,,https://www.mois.go.kr/cmm/fms/FileDown.do?atchFileId=FILE_00143481rq4A1Gt&fileSn=0,1122
807,124508,2,260319 (16시) 노후아파트 화재 안전 추진상황 점검(국토산업재난대응과).pdf,,,deferred,,https://www.mois.go.kr/cmm/fms/FileDown.do?atchFileId=FILE_00143481rq4A1Gt&fileSn=1,
808,124486,1,260320 (조간) 강릉 주유소 찾아 직접 주유하며 석유 가격 안정화 상황 점검(지역경제과).hwpx,hwpx,110678,extracted,,https://www.mois.go.kr/cmm/fms/FileDown.do?atchFileId=FILE_00143431iBaHi4S&fileSn=0,1110
808,124486,2,260320 (조간) 강릉 주유소 찾아 직접 주유하며 석유 가격 안정화 상황 점검(지역경제과).pdf,,,deferred,,https://www.mois.go.kr/cmm/fms/FileDown.do?atchFileId=FILE_00143431iBaHi4S&fileSn=1,
809,124489,1,260319 (석간) 전남·광주 행정통합 이뤄낸 팀 특별성과금 3천만 원 받는다(혁신행정담당관).pdf,,,deferred,,https://www.mois.go.kr/cmm/fms/FileDown.do?atchFileId=FILE_00143452YoD02j2&fileSn=0,
809,124489,2,260319 (석간) 전남·광주 행정통합 이뤄낸 팀 특별성과금 3천만 원 받는다(혁신행정담당관).hwpx,hwpx,119667,extracted,,https://www.mois.go.kr/cmm/fms/FileDown.do?atchFileId=FILE_00143452YoD02j2&fileSn=1,1980
810,124459,1,260319 (16시) 고향사랑기부제 지방정부 현장의 목소리를 듣는다(균형발전진흥과).hwpx,hwpx,109129,extracted,,https://www.mois.go.kr/cmm/fms/FileDown.do?atchFileId=FILE_00143324Z7GUSBi&fileSn=0,1532
810,124459,2,260319 (16시) 고향사랑기부제 지방정부 현장의 목소리를 듣는다(균형발전진흥과).pdf,,,deferred,,https://www.mois.go.kr/cmm/fms/FileDown.do?atchFileId=FILE_00143324Z7GUSBi&fileSn=1,
811,124460,1,260319 (조간) AI 에이전트로 행정의 미래를 그리다(공공서비스혁신과).hwpx,hwpx,112519,extracted,,https://www.mois.go.kr/cmm/fms/FileDown.do?atchFileId=FILE_00143325JO8COjv&fileSn=0,1451
811,124460,2,260319 (조간) AI 에이전트로 행정의 미래를 그리다(공공서비스혁신과).pdf,,,deferred,,https://www.mois.go.kr/cmm/fms/FileDown.do?atchFileId=FILE_00143325JO8COjv&fileSn=1,
812,124435,1,260318 (17시) 같은 재난 피해에 같은 국민 성금 지급 본격 논의(재난구호과).hwpx,hwpx,243214,extracted,,https://www.mois.go.kr/cmm/fms/FileDown.do?atchFileId=FILE_00143388763FNbG&fileSn=0,823
812,124435,2,260318 (17시) 같은 재난 피해에 같은 국민 성금 지급 본격 논의(재난구호과).pdf,,,deferred,,https://www.mois.go.kr/cmm/fms/FileDown.do?atchFileId=FILE_00143388763FNbG&fileSn=1,
813,124449,1,260318 (조간) 경북·경남·울산 초대형 산불 1년 단순 복구 넘어 혁신적 재건 본격화(경북·경남·울산초대형산불피해지원및재건지원단 운영기획과).hwpx,hwpx,839343,extracted,,https://www.mois.go.kr/cmm/fms/FileDown.do?atchFileId=FILE_001432783dQm2h0&fileSn=0,4501
813,124449,2,260318 (조간) 경북·경남·울산 초대형 산불 1년 단순 복구 넘어 혁신적 재건 본격화(경북·경남·울산초대형산불피해지원및재건지원단 운영기획과).pdf,,,deferred,,https://www.mois.go.kr/cmm/fms/FileDown.do?atchFileId=FILE_001432783dQm2h0&fileSn=1,
814,124437,1,260318 (조간) K-법과학 북아프리카 치안 중심국 알제리에 본격 전수(국립과학수사연구원 법과학교육연구센터).hwpx,hwpx,115083,extracted,,https://www.mois.go.kr/cmm/fms/FileDown.do?atchFileId=FILE_001433900_wGLht&fileSn=0,1508
814,124437,2,260318 (조간) K-법과학 북아프리카 치안 중심국 알제리에 본격 전수(국립과학수사연구원 법과학교육연구센터).pdf,,,deferred,,https://www.mois.go.kr/cmm/fms/FileDown.do?atchFileId=FILE_001433900_wGLht&fileSn=1,
815,124436,1,260318 (조간) 민·관이 협력해 소규모 재난안전보험 대상 시설 자율 안전관리 체계 구축 나선다(재난보험과).hwpx,hwpx,644282,extracted,,https://www.mois.go.kr/cmm/fms/FileDown.do?atchFileId=FILE_00143279tW3dvlT&fileSn=0,1418
815,124436,2,260318 (조간) 민·관이 협력해 소규모 재난안전보험 대상 시설 자율 안전관리 체계 구축 나선다(재난보험과).pdf,,,deferred,,https://www.mois.go.kr/cmm/fms/FileDown.do?atchFileId=FILE_00143279tW3dvlT&fileSn=1,
816,124434,1,260318 (조간) 봄철 어선사고 예방 위해 관계기관 합동 현장 점검 실시(농축산해양재난대응과).hwpx,hwpx,4150541,extracted,,https://www.mois.go.kr/cmm/fms/FileDown.do?atchFileId=FILE_00143387pwnRRuJ&fileSn=0,966
816,124434,2,260318 (조간) 봄철 어선사고 예방 위해 관계기관 합동 현장 점검 실시(농축산해양재난대응과).pdf,,,deferred,,https://www.mois.go.kr/cmm/fms/FileDown.do?atchFileId=FILE_00143387pwnRRuJ&fileSn=1,
817,124381,1,260317 (17시) 청년과 주민이 만든 수익이 마을 복지로 청년이 이끈 사회연대경제 우수 현장 방문(사회연대경제지원과).hwpx,hwpx,114712,extracted,,https://www.mois.go.kr/cmm/fms/FileDown.do?atchFileId=FILE_001433165IuwsWu&fileSn=0,1347
817,124381,2,260317 (17시) 청년과 주민이 만든 수익이 마을 복지로 청년이 이끈 사회연대경제 우수 현장 방문(사회연대경제지원과).pdf,,,deferred,,https://www.mois.go.kr/cmm/fms/FileDown.do?atchFileId=FILE_001433165IuwsWu&fileSn=1,
818,124382,1,260317 (14시) 안전하고 깨끗한 하천을 국민의 품으로 하천 불법 점용시설 전면 재조사 실시(재난경감과).hwpx,hwpx,114537,extracted,,https://www.mois.go.kr/cmm/fms/FileDown.do?atchFileId=FILE_001433172CIjmY1&fileSn=0,1363
818,124382,2,260317 (14시) 안전하고 깨끗한 하천을 국민의 품으로 하천 불법 점용시설 전면 재조사 실시(재난경감과).pdf,,,deferred,,https://www.mois.go.kr/cmm/fms/FileDown.do?atchFileId=FILE_001433172CIjmY1&fileSn=1,
819,124383,1,260317 (조간) 대형산불 특별대책기간에 맞춰 범정부 산불 총력 대응체계 현장점검(환경산림재난대응과).hwpx,hwpx,2050146,extracted,,https://www.mois.go.kr/cmm/fms/FileDown.do?atchFileId=FILE_00143300vIgGPlw&fileSn=0,1864
819,124383,2,260317 (조간) 대형산불 특별대책기간에 맞춰 범정부 산불 총력 대응체계 현장점검(환경산림재난대응과).pdf,,,deferred,,https://www.mois.go.kr/cmm/fms/FileDown.do?atchFileId=FILE_00143300vIgGPlw&fileSn=1,
820,124380,1,260316 (조간) 대한민국의 기록 세계의 심장을 뛰게 하다 기록사랑 공모전 개최(국가기록원 서비스정책과).hwpx,hwpx,5472565,extracted,,https://www.mois.go.kr/cmm/fms/FileDown.do?atchFileId=FILE_00143315SLu78FS&fileSn=0,3940
820,124380,2,260316 (조간) 대한민국의 기록 세계의 심장을 뛰게 하다 기록사랑 공모전 개최(국가기록원 서비스정책과).pdf,,,deferred,,https://www.mois.go.kr/cmm/fms/FileDown.do?atchFileId=FILE_00143315SLu78FS&fileSn=1,
821,124379,1,260316 (조간) 재난 현장 목소리에 귀 기울여 현장 체감형 이재민 구호 지원 강화(재난구호과).hwpx,hwpx,237192,extracted,,https://www.mois.go.kr/cmm/fms/FileDown.do?atchFileId=FILE_00143314nRFdscb&fileSn=0,1383
821,124379,2,260316 (조간) 재난 현장 목소리에 귀 기울여 현장 체감형 이재민 구호 지원 강화(재난구호과).pdf,,,deferred,,https://www.mois.go.kr/cmm/fms/FileDown.do?atchFileId=FILE_00143314nRFdscb&fileSn=1,
822,124378,1,260316 (조간) “지방재정도 AI 시대” 일상 언어로 묻고 답하는 지능형 서비스 개시(지방재정보조금정보과).hwpx,hwpx,379886,extracted,,https://www.mois.go.kr/cmm/fms/FileDown.do?atchFileId=FILE_00143320hjU_k2M&fileSn=0,3057
822,124378,2,260316 (조간) “지방재정도 AI 시대” 일상 언어로 묻고 답하는 지능형 서비스 개시(지방재정보조금정보과).pdf,,,deferred,,https://www.mois.go.kr/cmm/fms/FileDown.do?atchFileId=FILE_00143320hjU_k2M&fileSn=1,
823,124377,1,260316 (조간) 중단없는 디지털 행정서비스 실현한다 「정보시스템 안정성 고시」 제정(디지털보안정책과).hwpx,hwpx,101208,extracted,,https://www.mois.go.kr/cmm/fms/FileDown.do?atchFileId=FILE_00143312ZS1cLCI&fileSn=0,3922
823,124377,2,260316 (조간) 중단없는 디지털 행정서비스 실현한다 「정보시스템 안정성 고시」 제정(디지털보안정책과).pdf,,,deferred,,https://www.mois.go.kr/cmm/fms/FileDown.do?atchFileId=FILE_00143312ZS1cLCI&fileSn=1,
824,124408,1,260316 (즉시) 행정안전부 장관 소공동 화재 관련 긴급지시(국토산업재난대응과).hwpx,hwpx,85652,extracted,,https://www.mois.go.kr/cmm/fms/FileDown.do?atchFileId=FILE_00143299olnX0C4&fileSn=0,1753
824,124408,2,260316 (즉시) 행정안전부 장관 소공동 화재 관련 긴급지시(국토산업재난대응과).pdf,,,deferred,,https://www.mois.go.kr/cmm/fms/FileDown.do?atchFileId=FILE_00143299olnX0C4&fileSn=1,
825,124385,1,260313 (즉시) 행안부 장관 일본 총무·디지털·방재 대신 면담(국제협력담당관).hwpx,hwpx,14164818,extracted,,https://www.mois.go.kr/cmm/fms/FileDown.do?atchFileId=FILE_00143319HZY40Vm&fileSn=0,1788
825,124385,2,260313 (즉시) 행안부 장관 일본 총무·디지털·방재 대신 면담(국제협력담당관).pdf,,,deferred,,https://www.mois.go.kr/cmm/fms/FileDown.do?atchFileId=FILE_00143319HZY40Vm&fileSn=1,
826,124364,1,260313 (석간) 3월 14일부터 대형산불 특별대책기간 가동 범정부 대응체계 강화(환경산림재난대응과).hwpx,hwpx,2177853,extracted,,https://www.mois.go.kr/cmm/fms/FileDown.do?atchFileId=FILE_00143292njsG89t&fileSn=0,2746
826,124364,2,260313 (석간) 3월 14일부터 대형산불 특별대책기간 가동 범정부 대응체계 강화(환경산림재난대응과).pdf,,,deferred,,https://www.mois.go.kr/cmm/fms/FileDown.do?atchFileId=FILE_00143292njsG89t&fileSn=1,
827,124343,1,260313 (16시) 해빙기 취약시설 안전관리 철저(재난안전점검과).hwpx,hwpx,234918,extracted,,https://www.mois.go.kr/cmm/fms/FileDown.do?atchFileId=FILE_00143250KVr8fWm&fileSn=0,999
827,124343,2,260313 (16시) 해빙기 취약시설 안전관리 철저(재난안전점검과).pdf,,,deferred,,https://www.mois.go.kr/cmm/fms/FileDown.do?atchFileId=FILE_00143250KVr8fWm&fileSn=1,
828,124342,1,260313 (조간) 지역 문제 주민이 정부·기업·대학과 해결한다 지역주도 민관협력체계 사업 공모(사회연대경제지원과).hwpx,hwpx,119139,extracted,,https://www.mois.go.kr/cmm/fms/FileDown.do?atchFileId=FILE_00143249rO0qKib&fileSn=0,1624
828,124342,2,260313 (조간) 지역 문제 주민이 정부·기업·대학과 해결한다 지역주도 민관협력체계 사업 공모(사회연대경제지원과).pdf,,,deferred,,https://www.mois.go.kr/cmm/fms/FileDown.do?atchFileId=FILE_00143249rO0qKib&fileSn=1,
829,124341,1,260313 (조간) 주소정보산업 매출 7249억 원 달성 전년대비 8% 성장세 뚜렷(주소정보혁신과).hwpx,hwpx,649038,extracted,,https://www.mois.go.kr/cmm/fms/FileDown.do?atchFileId=FILE_001432482FLWI1K&fileSn=0,3072
829,124341,2,260313 (조간) 주소정보산업 매출 7249억 원 달성 전년대비 8% 성장세 뚜렷(주소정보혁신과).pdf,,,deferred,,https://www.mois.go.kr/cmm/fms/FileDown.do?atchFileId=FILE_001432482FLWI1K&fileSn=1,
830,124331,1,260312 (16시) 전국민 AI 활용역량 강화 K-문샷 미션 확정으로 대한민국 AX·전략기술 육성 가속화(디지털인프라혁신과).hwpx,hwpx,5925506,extracted,,https://www.mois.go.kr/cmm/fms/FileDown.do?atchFileId=FILE_00143246lvkBuhf&fileSn=0,15874
830,124331,2,260312 (16시) 전국민 AI 활용역량 강화 K-문샷 미션 확정으로 대한민국 AX·전략기술 육성 가속화(디지털인프라혁신과).pdf,,,deferred,,https://www.mois.go.kr/cmm/fms/FileDown.do?atchFileId=FILE_00143246lvkBuhf&fileSn=1,
831,124332,1,260312 (15시) 광화문 방탄소년단(BTS) 컴백 행사 모두의 안전을 최우선에 두고 철저히 관리한다(사회재난대응총괄과).hwpx,hwpx,244199,extracted,,https://www.mois.go.kr/cmm/fms/FileDown.do?atchFileId=FILE_00143247MI-bGbc&fileSn=0,1906
831,124332,2,260312 (15시) 광화문 방탄소년단(BTS) 컴백 행사 모두의 안전을 최우선에 두고 철저히 관리한다(사회재난대응총괄과).pdf,,,deferred,,https://www.mois.go.kr/cmm/fms/FileDown.do?atchFileId=FILE_00143247MI-bGbc&fileSn=1,
832,124308,1,260312 (조간) 3월 가뭄 예·경보 발표(기후재난관리과).hwpx,hwpx,29753498,extracted,,https://www.mois.go.kr/cmm/fms/FileDown.do?atchFileId=FILE_0014324435KlHmP&fileSn=0,3419
832,124308,2,260312 (조간) 3월 가뭄 예·경보 발표(기후재난관리과).pdf,,,deferred,,https://www.mois.go.kr/cmm/fms/FileDown.do?atchFileId=FILE_0014324435KlHmP&fileSn=1,
833,124307,1,260312 (조간) 지방정부 자산 1100조 시대 관리 전문성 확보해 지방재정 건전성 높인다(공유재산정책과).hwpx,hwpx,184286,extracted,,https://www.mois.go.kr/cmm/fms/FileDown.do?atchFileId=FILE_00143243d34CC3Z&fileSn=0,1686
833,124307,2,260312 (조간) 지방정부 자산 1100조 시대 관리 전문성 확보해 지방재정 건전성 높인다(공유재산정책과).pdf,,,deferred,,https://www.mois.go.kr/cmm/fms/FileDown.do?atchFileId=FILE_00143243d34CC3Z&fileSn=1,
834,124306,1,260312 (조간) 행안부 장관 미래지향적 한·일 협력 방안 논의(국제협력담당관).hwpx,hwpx,116427,extracted,,https://www.mois.go.kr/cmm/fms/FileDown.do?atchFileId=FILE_00143229ctRbCd_&fileSn=0,1811
834,124306,2,260312 (조간) 행안부 장관 미래지향적 한·일 협력 방안 논의(국제협력담당관).pdf,,,deferred,,https://www.mois.go.kr/cmm/fms/FileDown.do?atchFileId=FILE_00143229ctRbCd_&fileSn=1,
835,124299,1,260311 (8시) 윤호중 장관-최태원 SK 회장 대담 사회적 가치로 성장 돌파구 찾는다(사회연대경제지원과).hwpx,hwpx,118519,extracted,,https://www.mois.go.kr/cmm/fms/FileDown.do?atchFileId=FILE_00143241_a4lZkb&fileSn=0,1731
835,124299,2,260311 (8시) 윤호중 장관-최태원 SK 회장 대담 사회적 가치로 성장 돌파구 찾는다(사회연대경제지원과).pdf,,,deferred,,https://www.mois.go.kr/cmm/fms/FileDown.do?atchFileId=FILE_00143241_a4lZkb&fileSn=1,
836,124280,1,진화하는 AI 딥페이크 선거 가짜뉴스 더 진화한 탐지기술로 지방선거 공정성 지킨다(공공데이터분석관리과).hwpx,hwpx,95440,extracted,,https://www.mois.go.kr/cmm/fms/FileDown.do?atchFileId=FILE_00143177o811koQ&fileSn=0,1479
836,124280,2,진화하는 AI 딥페이크 선거 가짜뉴스 더 진화한 탐지기술로 지방선거 공정성 지킨다(공공데이터분석관리과).pdf,,,deferred,,https://www.mois.go.kr/cmm/fms/FileDown.do?atchFileId=FILE_00143177o811koQ&fileSn=1,
837,124298,1,260310 (즉시) 행안부 중동 상황 피해 기업에 지방세 납부기한 연장 및 세무조사 유예 등 긴급 지원(지방세정책과).hwpx,hwpx,237739,extracted,,https://www.mois.go.kr/cmm/fms/FileDown.do?atchFileId=FILE_00143180qPxA8_6&fileSn=0,867
837,124298,2,260310 (즉시) 행안부 중동 상황 피해 기업에 지방세 납부기한 연장 및 세무조사 유예 등 긴급 지원(지방세정책과).pdf,,,deferred,,https://www.mois.go.kr/cmm/fms/FileDown.do?atchFileId=FILE_00143180qPxA8_6&fileSn=1,
838,124295,1,260310 (국무회의 종료시) 당신의 용기가 민주주의를 구했습니다. 빛의 위원회 설치해 시민정신 기린다.(사회통합지원과).hwpx,hwpx,119464,extracted,,https://www.mois.go.kr/cmm/fms/FileDown.do?atchFileId=FILE_00143179R6visjg&fileSn=0,2056
838,124295,2,260310 (국무회의 종료시) 당신의 용기가 민주주의를 구했습니다. 빛의 위원회 설치해 시민정신 기린다.(사회통합지원과).pdf,,,deferred,,https://www.mois.go.kr/cmm/fms/FileDown.do?atchFileId=FILE_00143179R6visjg&fileSn=1,
839,124294,1,260310 (국무회의 종료시) 계약 전 전세거래 위험 정보 한번에 쉽게 확인한다(주민과).hwpx,hwpx,780974,extracted,,https://www.mois.go.kr/cmm/fms/FileDown.do?atchFileId=FILE_00143178p3xDJO7&fileSn=0,3036
839,124294,2,260310 (국무회의 종료시) 계약 전 전세거래 위험 정보 한번에 쉽게 확인한다(주민과).pdf,,,deferred,,https://www.mois.go.kr/cmm/fms/FileDown.do?atchFileId=FILE_00143178p3xDJO7&fileSn=1,
840,124275,1,260309 (즉시) 중동발 에너지 위기 선제 대응 지방정부 비상경제대응 TF 가동(지역경제과).hwpx,hwpx,241717,extracted,,https://www.mois.go.kr/cmm/fms/FileDown.do?atchFileId=FILE_00143202TTeEnsC&fileSn=0,738
840,124275,2,260309 (즉시) 중동발 에너지 위기 선제 대응 지방정부 비상경제대응 TF 가동(지역경제과).pdf,,,deferred,,https://www.mois.go.kr/cmm/fms/FileDown.do?atchFileId=FILE_00143202TTeEnsC&fileSn=1,
841,124249,1,260310 (17시) 이제는 대화로 행정서비스 끝 AI 국민비서 민간과 손잡고 첫 출발(공공서비스혁신과).hwpx,hwpx,3458668,extracted,,https://www.mois.go.kr/cmm/fms/FileDown.do?atchFileId=FILE_00143188ARKEYU-&fileSn=0,2759
841,124249,2,260310 (17시) 이제는 대화로 행정서비스 끝 AI 국민비서 민간과 손잡고 첫 출발(공공서비스혁신과).pdf,,,deferred,,https://www.mois.go.kr/cmm/fms/FileDown.do?atchFileId=FILE_00143188ARKEYU-&fileSn=1,
842,124248,1,260310 (17시) 누구나에게 먹거리를 보장하는 그냥드림 전국 확대를 위한 점검회의 개최(자치새마을협력과).hwpx,hwpx,112399,extracted,,https://www.mois.go.kr/cmm/fms/FileDown.do?atchFileId=FILE_001431871hNJ1oP&fileSn=0,1446
842,124248,2,260310 (17시) 누구나에게 먹거리를 보장하는 그냥드림 전국 확대를 위한 점검회의 개최(자치새마을협력과).pdf,,,deferred,,https://www.mois.go.kr/cmm/fms/FileDown.do?atchFileId=FILE_001431871hNJ1oP&fileSn=1,
843,124245,1,260309 (조간) 2026년 봄 행락철 유·도선 합동점검 실시(재난안전점검과).hwpx,hwpx,242113,extracted,,https://www.mois.go.kr/cmm/fms/FileDown.do?atchFileId=FILE_00143186z7dkFp1&fileSn=0,1413
843,124245,2,260309 (조간) 2026년 봄 행락철 유·도선 합동점검 실시(재난안전점검과).pdf,,,deferred,,https://www.mois.go.kr/cmm/fms/FileDown.do?atchFileId=FILE_00143186z7dkFp1&fileSn=1,
844,124243,1,260309 (조간) 이제 정부 서비스도 대화로 찾는다 AI로 똑똑해진 정부24(통합포털정책과).hwpx,hwpx,118747,extracted,,https://www.mois.go.kr/cmm/fms/FileDown.do?atchFileId=FILE_00143185QdJ_k-v&fileSn=0,1798
844,124243,2,260309 (조간) 이제 정부 서비스도 대화로 찾는다 AI로 똑똑해진 정부24(통합포털정책과).pdf,,,deferred,,https://www.mois.go.kr/cmm/fms/FileDown.do?atchFileId=FILE_00143185QdJ_k-v&fileSn=1,
845,124242,1,260309 (조간) 공공데이터 활용 애로사항 문제해결 지원센터가 끝까지 책임집니다(공공데이터정책과).hwpx,hwpx,117669,extracted,,https://www.mois.go.kr/cmm/fms/FileDown.do?atchFileId=FILE_00143184V18UMfv&fileSn=0,1925
845,124242,2,260309 (조간) 공공데이터 활용 애로사항 문제해결 지원센터가 끝까지 책임집니다(공공데이터정책과).pdf,,,deferred,,https://www.mois.go.kr/cmm/fms/FileDown.do?atchFileId=FILE_00143184V18UMfv&fileSn=1,
846,124241,1,260309 (조간) AX 지원체계 본격 가동! 정부기관 대상 AX 밀착 지원(인공지능정부정책과).hwpx,hwpx,121486,extracted,,https://www.mois.go.kr/cmm/fms/FileDown.do?atchFileId=FILE_00143183-oVynhV&fileSn=0,2001
846,124241,2,260309 (조간) AX 지원체계 본격 가동! 정부기관 대상 AX 밀착 지원(인공지능정부정책과).pdf,,,deferred,,https://www.mois.go.kr/cmm/fms/FileDown.do?atchFileId=FILE_00143183-oVynhV&fileSn=1,
847,124240,1,260309 (조간) 눈치 안보고 소신있게 토론 범정부 익명게시판 공감톡톡 출범(행정제도과).hwpx,hwpx,80927,extracted,,https://www.mois.go.kr/cmm/fms/FileDown.do?atchFileId=FILE_00143182cJ9hbvs&fileSn=0,1409
847,124240,2,260309 (조간) 눈치 안보고 소신있게 토론 범정부 익명게시판 공감톡톡 출범(행정제도과).pdf,,,deferred,,https://www.mois.go.kr/cmm/fms/FileDown.do?atchFileId=FILE_00143182cJ9hbvs&fileSn=1,
848,124208,1,260307 (16시) 통합특별시 지역주도 성장의 미래를 연다! 전남광주통합특별시 출범준비회의 개최(범정부지방행정체제개편지원단).hwpx,hwpx,233611,extracted,,https://www.mois.go.kr/cmm/fms/FileDown.do?atchFileId=FILE_00143151EgMSHLe&fileSn=0,1268
848,124208,2,260307 (16시) 통합특별시 지역주도 성장의 미래를 연다! 전남광주통합특별시 출범준비회의 개최(범정부지방행정체제개편지원단).pdf,,,deferred,,https://www.mois.go.kr/cmm/fms/FileDown.do?atchFileId=FILE_00143151EgMSHLe&fileSn=1,
849,124207,1,260307 (16시) 아이들의 안전한 학교생활 위해 개학기 학교 주변 안전관리 현장 점검(안전개선과).hwpx,hwpx,926374,extracted,,https://www.mois.go.kr/cmm/fms/FileDown.do?atchFileId=FILE_00143120OKZs94h&fileSn=0,934
849,124207,2,260307 (16시) 아이들의 안전한 학교생활 위해 개학기 학교 주변 안전관리 현장 점검(안전개선과).pdf,,,deferred,,https://www.mois.go.kr/cmm/fms/FileDown.do?atchFileId=FILE_00143120OKZs94h&fileSn=1,
850,124190,1,260306 (17시) 도움이 필요한 재난 현장 민·관이 함께 힘을 모아 대응한다(재난자원관리과).hwpx,hwpx,248923,extracted,,https://www.mois.go.kr/cmm/fms/FileDown.do?atchFileId=FILE_00143118uB1ODLS&fileSn=0,2768
850,124190,2,260306 (17시) 도움이 필요한 재난 현장 민·관이 함께 힘을 모아 대응한다(재난자원관리과).pdf,,,deferred,,https://www.mois.go.kr/cmm/fms/FileDown.do?atchFileId=FILE_00143118uB1ODLS&fileSn=1,
851,124188,1,260306 (14시) 먹거리 사각지대가 없도록 그냥 드림 운영 상황 점검 및 간담회 개최(자치새마을협력과).hwpx,hwpx,109423,extracted,,https://www.mois.go.kr/cmm/fms/FileDown.do?atchFileId=FILE_00143116F5rW8Zl&fileSn=0,1110
851,124188,2,260306 (14시) 먹거리 사각지대가 없도록 그냥 드림 운영 상황 점검 및 간담회 개최(자치새마을협력과).pdf,,,deferred,,https://www.mois.go.kr/cmm/fms/FileDown.do?atchFileId=FILE_00143116F5rW8Zl&fileSn=1,
852,124189,1,260306 (조간) 대형산불 위험 높은 봄 산불 예방에 각별히 주의하세요!(예방안전제도과).hwpx,hwpx,2307630,extracted,,https://www.mois.go.kr/cmm/fms/FileDown.do?atchFileId=FILE_00143117Xt20gvn&fileSn=0,1641
852,124189,2,260306 (조간) 대형산불 위험 높은 봄 산불 예방에 각별히 주의하세요!(예방안전제도과).pdf,,,deferred,,https://www.mois.go.kr/cmm/fms/FileDown.do?atchFileId=FILE_00143117Xt20gvn&fileSn=1,
853,124177,1,260305 (석간) 제9회 전국동시지방선거 대비 전국 선거 담당 공무원 권역별 순회 교육 실시(선거의회자치법규과).hwpx,hwpx,242324,extracted,,https://www.mois.go.kr/cmm/fms/FileDown.do?atchFileId=FILE_00143113Y8TZ5S7&fileSn=0,1164
853,124177,2,260305 (석간) 제9회 전국동시지방선거 대비 전국 선거 담당 공무원 권역별 순회 교육 실시(선거의회자치법규과).pdf,,,deferred,,https://www.mois.go.kr/cmm/fms/FileDown.do?atchFileId=FILE_00143113Y8TZ5S7&fileSn=1,
854,124173,1,260305 (15시) 봄철 축제·행사장 정부·지방이 함께 국민 안전망 촘촘히 구축한다(사회재난대응총괄과).hwpx,hwpx,240143,extracted,,https://www.mois.go.kr/cmm/fms/FileDown.do?atchFileId=FILE_00143104fvvvunA&fileSn=0,1587
854,124173,2,260305 (15시) 봄철 축제·행사장 정부·지방이 함께 국민 안전망 촘촘히 구축한다(사회재난대응총괄과).pdf,,,deferred,,https://www.mois.go.kr/cmm/fms/FileDown.do?atchFileId=FILE_00143104fvvvunA&fileSn=1,
855,124174,1,260305 (조간) 봄을 맞아 정부세종청사 옥상정원이 문을 엽니다(정부청사관리본부 관리총괄과).hwpx,hwpx,120988,extracted,,https://www.mois.go.kr/cmm/fms/FileDown.do?atchFileId=FILE_00143105aqgcpfb&fileSn=0,2805
855,124174,2,260305 (조간) 봄을 맞아 정부세종청사 옥상정원이 문을 엽니다(정부청사관리본부 관리총괄과).pdf,,,deferred,,https://www.mois.go.kr/cmm/fms/FileDown.do?atchFileId=FILE_00143105aqgcpfb&fileSn=1,
856,124172,1,260305 (조간) 윤호중 장관 지방정부의 장에게 공명선거 동참 서한문 발송(선거의회자치법규과).hwpx,hwpx,124691,extracted,,https://www.mois.go.kr/cmm/fms/FileDown.do?atchFileId=FILE_001431032AESb46&fileSn=0,2092
856,124172,2,260305 (조간) 윤호중 장관 지방정부의 장에게 공명선거 동참 서한문 발송(선거의회자치법규과).pdf,,,deferred,,https://www.mois.go.kr/cmm/fms/FileDown.do?atchFileId=FILE_001431032AESb46&fileSn=1,
857,124138,1,260304 (17시) 행안부 청년인턴 내일의 꿈을 향한 첫걸음 시작(혁신행정담당관).hwpx,hwpx,112789,extracted,,https://www.mois.go.kr/cmm/fms/FileDown.do?atchFileId=FILE_00143036vIdDWhy&fileSn=0,1230
857,124138,2,260304 (17시) 행안부 청년인턴 내일의 꿈을 향한 첫걸음 시작(혁신행정담당관).pdf,,,deferred,,https://www.mois.go.kr/cmm/fms/FileDown.do?atchFileId=FILE_00143036vIdDWhy&fileSn=1,
858,124171,1,260303 (즉시) 덕수초 운동장 민주화운동기념관 건립 부지 후보에서 제외(사회통합지원과).hwpx,hwpx,76889,extracted,,https://www.mois.go.kr/cmm/fms/FileDown.do?atchFileId=FILE_00143102ok88_no&fileSn=0,522
858,124171,2,260303 (즉시) 덕수초 운동장 민주화운동기념관 건립 부지 후보에서 제외(사회통합지원과).pdf,,,deferred,,https://www.mois.go.kr/cmm/fms/FileDown.do?atchFileId=FILE_00143102ok88_no&fileSn=1,
859,124153,1,260303 (조간) 방탄소년단(BTS) 컴백 행사 다중운집인파 안전관리에 총력(사회재난대응총괄과).hwpx,hwpx,240252,extracted,,https://www.mois.go.kr/cmm/fms/FileDown.do?atchFileId=FILE_00143054BPv-Emr&fileSn=0,1477
859,124153,2,260303 (조간) 방탄소년단(BTS) 컴백 행사 다중운집인파 안전관리에 총력(사회재난대응총괄과).pdf,,,deferred,,https://www.mois.go.kr/cmm/fms/FileDown.do?atchFileId=FILE_00143054BPv-Emr&fileSn=1,
860,124126,1,260303 (조간) 위기가구에 안부살핌과 함께 복지안전망을 배달합니다(스마트복지안전공동체추진단 복지자원연계팀).hwpx,hwpx,99011,extracted,,https://www.mois.go.kr/cmm/fms/FileDown.do?atchFileId=FILE_00143068lYzcjyD&fileSn=0,1608
860,124126,2,260303 (조간) 위기가구에 안부살핌과 함께 복지안전망을 배달합니다(스마트복지안전공동체추진단 복지자원연계팀).pdf,,,deferred,,https://www.mois.go.kr/cmm/fms/FileDown.do?atchFileId=FILE_00143068lYzcjyD&fileSn=1,
861,124124,1,260303 (조간) 강풍 대비 취약시설물 안전점검 결과(자연재난대응과).hwpx,hwpx,591736,extracted,,https://www.mois.go.kr/cmm/fms/FileDown.do?atchFileId=FILE_00143067sdD7lzC&fileSn=0,1685
861,124124,2,260303 (조간) 강풍 대비 취약시설물 안전점검 결과(자연재난대응과).pdf,,,deferred,,https://www.mois.go.kr/cmm/fms/FileDown.do?atchFileId=FILE_00143067sdD7lzC&fileSn=1,
862,124123,1,260303 (조간) 봄철 우리 주변 위험요소는 안전신문고로 신고하세요!(안전개선과).hwpx,hwpx,4110992,extracted,,https://www.mois.go.kr/cmm/fms/FileDown.do?atchFileId=FILE_00143066EEsSF8s&fileSn=0,1409
862,124123,2,260303 (조간) 봄철 우리 주변 위험요소는 안전신문고로 신고하세요!(안전개선과).pdf,,,deferred,,https://www.mois.go.kr/cmm/fms/FileDown.do?atchFileId=FILE_00143066EEsSF8s&fileSn=1,
863,124117,1,260301 (10시) 제107주년 3·1절 기념식 개최(의정담당관).hwpx,hwpx,132211,extracted,,https://www.mois.go.kr/cmm/fms/FileDown.do?atchFileId=FILE_00143064dHqPtDu&fileSn=0,1804
863,124117,2,260301 (10시) 제107주년 3·1절 기념식 개최(의정담당관).pdf,,,deferred,,https://www.mois.go.kr/cmm/fms/FileDown.do?atchFileId=FILE_00143064dHqPtDu&fileSn=1,
864,124127,1,260227 (즉시) 정월대보름 축제 안전이 최우선! 화재산불 중심 안전관리에 총력(재난안전점검과).hwpx,hwpx,232571,extracted,,https://www.mois.go.kr/cmm/fms/FileDown.do?atchFileId=FILE_00143034VOBXxpU&fileSn=0,1307
864,124127,2,260227 (즉시) 정월대보름 축제 안전이 최우선! 화재산불 중심 안전관리에 총력(재난안전점검과).pdf,,,deferred,,https://www.mois.go.kr/cmm/fms/FileDown.do?atchFileId=FILE_00143034VOBXxpU&fileSn=1,
865,124091,1,260228 (16시) 국가기록원-국가유산청 제48차 세계유산위원회 성공 개최 위해 맞손(국가기록원 기록협력과).hwpx,hwpx,113160,extracted,,https://www.mois.go.kr/cmm/fms/FileDown.do?atchFileId=FILE_00143022HoyPC0H&fileSn=0,1382
865,124091,2,260228 (16시) 국가기록원-국가유산청 제48차 세계유산위원회 성공 개최 위해 맞손(국가기록원 기록협력과).pdf,,,deferred,,https://www.mois.go.kr/cmm/fms/FileDown.do?atchFileId=FILE_00143022HoyPC0H&fileSn=1,
866,124090,1,260228 (조간) 시대마다 되새긴 3·1정신 대통령기록으로 조명하다(대통령기록관 기록서비스과).hwpx,hwpx,1775185,extracted,,https://www.mois.go.kr/cmm/fms/FileDown.do?atchFileId=FILE_00143021gcubnvf&fileSn=0,2263
866,124090,2,260228 (조간) 시대마다 되새긴 3·1정신 대통령기록으로 조명하다(대통령기록관 기록서비스과).pdf,,,deferred,,https://www.mois.go.kr/cmm/fms/FileDown.do?atchFileId=FILE_00143021gcubnvf&fileSn=1,
867,124112,1,260227 (즉시) 하천계곡 내 불법 점용시설 전면 재조사(재난경감과).hwpx,hwpx,111170,extracted,,https://www.mois.go.kr/cmm/fms/FileDown.do?atchFileId=FILE_00143033774sgjX&fileSn=0,1745
867,124112,2,260227 (즉시) 하천계곡 내 불법 점용시설 전면 재조사(재난경감과).pdf,,,deferred,,https://www.mois.go.kr/cmm/fms/FileDown.do?atchFileId=FILE_00143033774sgjX&fileSn=1,
868,124094,1,260227 (09시30분) 아이들이 즐겨찾는 신종 놀이공간 앞으로 더욱 안전하게 관리합니다(안전개선과).hwpx,hwpx,1284781,extracted,,https://www.mois.go.kr/cmm/fms/FileDown.do?atchFileId=FILE_00143031XQdpi0S&fileSn=0,1142
868,124094,2,260227 (09시30분) 아이들이 즐겨찾는 신종 놀이공간 앞으로 더욱 안전하게 관리합니다(안전개선과).pdf,,,deferred,,https://www.mois.go.kr/cmm/fms/FileDown.do?atchFileId=FILE_00143031XQdpi0S&fileSn=1,
869,124046,1,260227 (17시) 국민 불편 덜고 민생 경제 살리는 지방규제혁신 본격 가동(민생경제지원과).hwpx,hwpx,84502,extracted,,https://www.mois.go.kr/cmm/fms/FileDown.do?atchFileId=FILE_00142928spzmDAr&fileSn=0,1205
869,124046,2,260227 (17시) 국민 불편 덜고 민생 경제 살리는 지방규제혁신 본격 가동(민생경제지원과).pdf,,,deferred,,https://www.mois.go.kr/cmm/fms/FileDown.do?atchFileId=FILE_00142928spzmDAr&fileSn=1,
870,124047,1,260227 (조간) 지역을 살리는 마을기업 기념일도 국민과 함께...마을기업의 날 공모(사회연대경제지원과).hwpx,hwpx,1082960,extracted,,https://www.mois.go.kr/cmm/fms/FileDown.do?atchFileId=FILE_00142929vFDbtBg&fileSn=0,1357
870,124047,2,260227 (조간) 지역을 살리는 마을기업 기념일도 국민과 함께...마을기업의 날 공모(사회연대경제지원과).pdf,,,deferred,,https://www.mois.go.kr/cmm/fms/FileDown.do?atchFileId=FILE_00142929vFDbtBg&fileSn=1,
871,124045,1,260227 (조간) 대피가 필요한 재난 상황 휴대전화 삑 소리로 더욱 알기 쉽게 안내한다(재난정보통신과).hwpx,hwpx,245458,extracted,,https://www.mois.go.kr/cmm/fms/FileDown.do?atchFileId=FILE_00142927_Mtzh-M&fileSn=0,2665
871,124045,2,260227 (조간) 대피가 필요한 재난 상황 휴대전화 삑 소리로 더욱 알기 쉽게 안내한다(재난정보통신과).pdf,,,deferred,,https://www.mois.go.kr/cmm/fms/FileDown.do?atchFileId=FILE_00142927_Mtzh-M&fileSn=1,
872,124044,1,260227 (조간) 주민참여예산제도 대폭 확대 실질적 주민주권 강화(재정협력과).hwpx,hwpx,134679,extracted,,https://www.mois.go.kr/cmm/fms/FileDown.do?atchFileId=FILE_00142926Vryry6R&fileSn=0,3760
872,124044,2,260227 (조간) 주민참여예산제도 대폭 확대 실질적 주민주권 강화(재정협력과).pdf,,,deferred,,https://www.mois.go.kr/cmm/fms/FileDown.do?atchFileId=FILE_00142926Vryry6R&fileSn=1,
873,124043,1,260227 (조간) 3월 신학기 워킹맘·워킹대디를 위한 정부 지원서비스 한눈에(혁신기획과).hwpx,hwpx,95009,extracted,,https://www.mois.go.kr/cmm/fms/FileDown.do?atchFileId=FILE_00142925d_nmzOG&fileSn=0,2952
873,124043,2,260227 (조간) 3월 신학기 워킹맘·워킹대디를 위한 정부 지원서비스 한눈에(혁신기획과).pdf,,,deferred,,https://www.mois.go.kr/cmm/fms/FileDown.do?atchFileId=FILE_00142925d_nmzOG&fileSn=1,
874,124024,1,260226 (16시) 제9기 지방자치단체중앙분쟁조정위원회 출범(자치분권지원과).hwpx,hwpx,118200,extracted,,https://www.mois.go.kr/cmm/fms/FileDown.do?atchFileId=FILE_00142912tDb0aJa&fileSn=0,1743
874,124024,2,260226 (16시) 제9기 지방자치단체중앙분쟁조정위원회 출범(자치분권지원과).pdf,,,deferred,,https://www.mois.go.kr/cmm/fms/FileDown.do?atchFileId=FILE_00142912tDb0aJa&fileSn=1,
875,124029,1,260226 (조간) 3기 진실화해위원회 출범 진실규명 접수 개시(사회통합지원과).hwpx,hwpx,7645434,extracted,,https://www.mois.go.kr/cmm/fms/FileDown.do?atchFileId=FILE_00142907Xigd9C2&fileSn=0,1561
875,124029,2,260226 (조간) 3기 진실화해위원회 출범 진실규명 접수 개시(사회통합지원과).pdf,,,deferred,,https://www.mois.go.kr/cmm/fms/FileDown.do?atchFileId=FILE_00142907Xigd9C2&fileSn=1,
876,124028,1,260226 (조간) 비공개의 장막을 걷다. 국가기록물 174만여 건 비공개에서 공개로 전환(국가기록원 서비스정책과).hwpx,hwpx,3933648,extracted,,https://www.mois.go.kr/cmm/fms/FileDown.do?atchFileId=FILE_00142906l8OMVm8&fileSn=0,3767
876,124028,2,260226 (조간) 비공개의 장막을 걷다. 국가기록물 174만여 건 비공개에서 공개로 전환(국가기록원 서비스정책과).pdf,,,deferred,,https://www.mois.go.kr/cmm/fms/FileDown.do?atchFileId=FILE_00142906l8OMVm8&fileSn=1,
877,124027,1,260226 (조간) 재난 현장의 소통 강화를 위해 재난안전통신망 사용기관 연찬회 개최(재난안전통신망과).hwpx,hwpx,91805,extracted,,https://www.mois.go.kr/cmm/fms/FileDown.do?atchFileId=FILE_00142905HLVZBIp&fileSn=0,1403
877,124027,2,260226 (조간) 재난 현장의 소통 강화를 위해 재난안전통신망 사용기관 연찬회 개최(재난안전통신망과).pdf,,,deferred,,https://www.mois.go.kr/cmm/fms/FileDown.do?atchFileId=FILE_00142905HLVZBIp&fileSn=1,
878,124026,1,260226 (조간) 2026년도 지방공무원 2만 8122명 선발(지방인사제도과).hwpx,hwpx,119863,extracted,,https://www.mois.go.kr/cmm/fms/FileDown.do?atchFileId=FILE_00142904NLWCDV-&fileSn=0,2936
878,124026,2,260226 (조간) 2026년도 지방공무원 2만 8122명 선발(지방인사제도과).pdf,,,deferred,,https://www.mois.go.kr/cmm/fms/FileDown.do?atchFileId=FILE_00142904NLWCDV-&fileSn=1,
879,124004,1,260224 (14시) 중대범죄수사청법안 및 공소청법안 재입법예고 실시(중대범죄수사설립지원단).hwpx,hwpx,109597,extracted,,https://www.mois.go.kr/cmm/fms/FileDown.do?atchFileId=FILE_00142886q_rBK8-&fileSn=0,2558
879,124004,2,260224 (14시) 중대범죄수사청법안 및 공소청법안 재입법예고 실시(중대범죄수사설립지원단).pdf,,,deferred,,https://www.mois.go.kr/cmm/fms/FileDown.do?atchFileId=FILE_00142886q_rBK8-&fileSn=1,
880,124013,1,260224 (국무회의 종료 시) 쾌적하고 안전한 하천 위해 불법 점용시설 대대적으로 정비한다(재난경감과).hwpx,hwpx,145058,extracted,,https://www.mois.go.kr/cmm/fms/FileDown.do?atchFileId=FILE_00142882ik57S1P&fileSn=0,1960
880,124013,2,260224 (국무회의 종료 시) 쾌적하고 안전한 하천 위해 불법 점용시설 대대적으로 정비한다(재난경감과).pdf,,,deferred,,https://www.mois.go.kr/cmm/fms/FileDown.do?atchFileId=FILE_00142882ik57S1P&fileSn=1,
881,123988,1,260225 (조간) 침수탐지 인공지능 국민이 사전 검증한다(재난안전데이터과).hwpx,hwpx,1057739,extracted,,https://www.mois.go.kr/cmm/fms/FileDown.do?atchFileId=FILE_00142897Yj7CxAJ&fileSn=0,1094
881,123988,2,260225 (조간) 침수탐지 인공지능 국민이 사전 검증한다(재난안전데이터과).pdf,,,deferred,,https://www.mois.go.kr/cmm/fms/FileDown.do?atchFileId=FILE_00142897Yj7CxAJ&fileSn=1,
882,123987,1,260225 (조간) 2025년 지방세 수입 실적 발표(지방세정책과).hwpx,hwpx,115331,extracted,,https://www.mois.go.kr/cmm/fms/FileDown.do?atchFileId=FILE_00142871iFgx97Z&fileSn=0,1428
882,123987,2,260225 (조간) 2025년 지방세 수입 실적 발표(지방세정책과).pdf,,,deferred,,https://www.mois.go.kr/cmm/fms/FileDown.do?atchFileId=FILE_00142871iFgx97Z&fileSn=1,
883,123986,1,1. 260225 (조간) 인구감소지역 20곳에서 체류인구의 카드사용액 등록인구 넘어섰다(균형발전제도과).hwpx,hwpx,333787,extracted,,https://www.mois.go.kr/cmm/fms/FileDown.do?atchFileId=FILE_00142873-Fdy-NT&fileSn=0,2505
883,123986,2,1. 260225 (조간) 인구감소지역 20곳에서 체류인구의 카드사용액 등록인구 넘어섰다(균형발전제도과).pdf,,,deferred,,https://www.mois.go.kr/cmm/fms/FileDown.do?atchFileId=FILE_00142873-Fdy-NT&fileSn=1,
884,124012,1,260224 (즉시) 충청 경상지역 대설특보 중앙재난안전대책본부 1단계 가동(자연재난대응과).hwpx,hwpx,3227785,extracted,,https://www.mois.go.kr/cmm/fms/FileDown.do?atchFileId=FILE_00142895cDoLRll&fileSn=0,899
884,124012,2,260224 (즉시) 충청 경상지역 대설특보 중앙재난안전대책본부 1단계 가동(자연재난대응과).pdf,,,deferred,,https://www.mois.go.kr/cmm/fms/FileDown.do?atchFileId=FILE_00142895cDoLRll&fileSn=1,
885,123985,1,260223 (즉시) 행정안전부 장관 경남 밀양시 산불 관련 긴급지시(환경산림재난대응과).hwpx,hwpx,115595,extracted,,https://www.mois.go.kr/cmm/fms/FileDown.do?atchFileId=FILE_00142860QKU1btL&fileSn=0,485
885,123985,2,260223 (즉시) 행정안전부 장관 경남 밀양시 산불 관련 긴급지시(환경산림재난대응과).pdf,,,deferred,,https://www.mois.go.kr/cmm/fms/FileDown.do?atchFileId=FILE_00142860QKU1btL&fileSn=1,
886,123937,1,260224 (16시) 해빙기 취약시설 안전점검 대비 관계기관 대책회의 개최(재난안전점검과).hwpx,hwpx,240723,extracted,,https://www.mois.go.kr/cmm/fms/FileDown.do?atchFileId=FILE_00142816KdNI44H&fileSn=0,975
886,123937,2,260224 (16시) 해빙기 취약시설 안전점검 대비 관계기관 대책회의 개최(재난안전점검과).pdf,,,deferred,,https://www.mois.go.kr/cmm/fms/FileDown.do?atchFileId=FILE_00142816KdNI44H&fileSn=1,
887,123935,1,260224 (14시) 행정안전부 청년인턴 65명 현장 경험 살려 사회 각계로 새출발(혁신행정담당관).hwpx,hwpx,112333,extracted,,https://www.mois.go.kr/cmm/fms/FileDown.do?atchFileId=FILE_00142817Q94n_T2&fileSn=0,1715
887,123935,2,260224 (14시) 행정안전부 청년인턴 65명 현장 경험 살려 사회 각계로 새출발(혁신행정담당관).pdf,,,deferred,,https://www.mois.go.kr/cmm/fms/FileDown.do?atchFileId=FILE_00142817Q94n_T2&fileSn=1,
888,123936,1,260224 (조간) 2025년 지방정부 혁신평가 결과 발표(주민자치혁신과).hwpx,hwpx,118151,extracted,,https://www.mois.go.kr/cmm/fms/FileDown.do?atchFileId=FILE_00142815Aun4jkL&fileSn=0,2824
888,123936,2,260224 (조간) 2025년 지방정부 혁신평가 결과 발표(주민자치혁신과).pdf,,,deferred,,https://www.mois.go.kr/cmm/fms/FileDown.do?atchFileId=FILE_00142815Aun4jkL&fileSn=1,
889,123957,1,260223 (즉시) 윤호중 행정안전부 장관 함양 산불 등 대응상황 긴급상황점검회의 개최(환경산림재난대응과).hwpx,hwpx,154764,extracted,,https://www.mois.go.kr/cmm/fms/FileDown.do?atchFileId=FILE_00142842SyfEpNy&fileSn=0,1640
889,123957,2,260223 (즉시) 윤호중 행정안전부 장관 함양 산불 등 대응상황 긴급상황점검회의 개최(환경산림재난대응과).pdf,,,deferred,,https://www.mois.go.kr/cmm/fms/FileDown.do?atchFileId=FILE_00142842SyfEpNy&fileSn=1,
890,123931,1,260223 (조간) 설레는 새 학기 어린이가 안심하고 뛰놀 수 있도록 학교 주변 위해요소 집중 점검(안전개선과).hwpx,hwpx,1484116,extracted,,https://www.mois.go.kr/cmm/fms/FileDown.do?atchFileId=FILE_00142800hrQzbWz&fileSn=0,3817
890,123931,2,260223 (조간) 설레는 새 학기 어린이가 안심하고 뛰놀 수 있도록 학교 주변 위해요소 집중 점검(안전개선과).pdf,,,deferred,,https://www.mois.go.kr/cmm/fms/FileDown.do?atchFileId=FILE_00142800hrQzbWz&fileSn=1,
891,123930,1,260223 (조간) 재난안전기업 해외시장 진출 지원을 위한 통합한국관 참가기업 모집(재난안전산업과).hwpx,hwpx,235408,extracted,,https://www.mois.go.kr/cmm/fms/FileDown.do?atchFileId=FILE_00142799KqFy3yB&fileSn=0,975
891,123930,2,260223 (조간) 재난안전기업 해외시장 진출 지원을 위한 통합한국관 참가기업 모집(재난안전산업과).pdf,,,deferred,,https://www.mois.go.kr/cmm/fms/FileDown.do?atchFileId=FILE_00142799KqFy3yB&fileSn=1,
892,123942,1,260222 (즉시) 행정안전부 장관 경남 함양군 산불 관련 긴급지시(환경산림재난대응과).hwpx,hwpx,230875,extracted,,https://www.mois.go.kr/cmm/fms/FileDown.do?atchFileId=FILE_00142831BTeFeCx&fileSn=0,477
892,123942,2,260222 (즉시) 행정안전부 장관 경남 함양군 산불 관련 긴급지시(환경산림재난대응과).pdf,,,deferred,,https://www.mois.go.kr/cmm/fms/FileDown.do?atchFileId=FILE_00142831BTeFeCx&fileSn=1,
893,123941,1,260221 (즉시) 행정안전부 장관 충남 서산시·예산군 산불 관련 긴급지시(환경산림재난대응과).hwpx,hwpx,228933,extracted,,https://www.mois.go.kr/cmm/fms/FileDown.do?atchFileId=FILE_00142810BaZFEgI&fileSn=0,516
893,123941,2,260221 (즉시) 행정안전부 장관 충남 서산시·예산군 산불 관련 긴급지시(환경산림재난대응과).pdf,,,deferred,,https://www.mois.go.kr/cmm/fms/FileDown.do?atchFileId=FILE_00142810BaZFEgI&fileSn=1,
894,123924,1,260220 (16시) 아프리카돼지열병 확산에 따른 방역 상황 긴급 점검(농축산해양재난대응과).hwpx,hwpx,120528,extracted,,https://www.mois.go.kr/cmm/fms/FileDown.do?atchFileId=FILE_00142782Uw1Enrf&fileSn=0,945
894,123924,2,260220 (16시) 아프리카돼지열병 확산에 따른 방역 상황 긴급 점검(농축산해양재난대응과).pdf,,,deferred,,https://www.mois.go.kr/cmm/fms/FileDown.do?atchFileId=FILE_00142782Uw1Enrf&fileSn=1,
895,123916,1,260221 (14시) 정부 봄철 산불 총력 대응체계 가동(환경산림재난대응과).hwpx,hwpx,2223008,extracted,,https://www.mois.go.kr/cmm/fms/FileDown.do?atchFileId=FILE_00142804npbaSxj&fileSn=0,1369
895,123916,2,260221 (14시) 정부 봄철 산불 총력 대응체계 가동(환경산림재난대응과).pdf,,,deferred,,https://www.mois.go.kr/cmm/fms/FileDown.do?atchFileId=FILE_00142804npbaSxj&fileSn=1,
896,123894,1,260214 (15시30분) 충남 홍성 아프리카돼지열병 발생에 따른 방역 현장 긴급 점검(농축산해양재난대응과).hwpx,hwpx,122871,extracted,,https://www.mois.go.kr/cmm/fms/FileDown.do?atchFileId=FILE_00142720O5TW5m9&fileSn=0,1031
896,123894,2,260214 (15시30분) 충남 홍성 아프리카돼지열병 발생에 따른 방역 현장 긴급 점검(농축산해양재난대응과).pdf,,,deferred,,https://www.mois.go.kr/cmm/fms/FileDown.do?atchFileId=FILE_00142720O5TW5m9&fileSn=1,
897,123881,1,260213 (발표 시작 시) 정부. 산불방지 대국민 담화문 발표(환경산림재난대응과).hwpx,hwpx,465301,extracted,,https://www.mois.go.kr/cmm/fms/FileDown.do?atchFileId=FILE_00142719ly80blI&fileSn=0,1654
897,123881,2,260213 (발표 시작 시) 정부. 산불방지 대국민 담화문 발표(환경산림재난대응과).pdf,,,deferred,,https://www.mois.go.kr/cmm/fms/FileDown.do?atchFileId=FILE_00142719ly80blI&fileSn=1,
897,123881,3,(붙임) 260213 산불방지 대국민 담화문 전문.hwpx,hwpx,44822,extracted,,https://www.mois.go.kr/cmm/fms/FileDown.do?atchFileId=FILE_00142719ly80blI&fileSn=2,1752
897,123881,4,(붙임) 260213 산불방지 대국민 담화문 전문.pdf,,,deferred,,https://www.mois.go.kr/cmm/fms/FileDown.do?atchFileId=FILE_00142719ly80blI&fileSn=3,
898,123862,1,260214 (조간) 설 연휴 대비 국가정보자원관리원 현장 점검(국가정보자원관리원 기획전략과).hwpx,hwpx,120534,extracted,,https://www.mois.go.kr/cmm/fms/FileDown.do?atchFileId=FILE_00142737ETXWAoM&fileSn=0,808
898,123862,2,260214 (조간) 설 연휴 대비 국가정보자원관리원 현장 점검(국가정보자원관리원 기획전략과).pdf,,,deferred,,https://www.mois.go.kr/cmm/fms/FileDown.do?atchFileId=FILE_00142737ETXWAoM&fileSn=1,
899,123861,1,260214 (조간) 겨울철 대표 대관령 눈꽃축제 안전한 축제를 위해 현장점검 실시(재난안전점검과).hwpx,hwpx,179188,extracted,,https://www.mois.go.kr/cmm/fms/FileDown.do?atchFileId=FILE_001427368684VQp&fileSn=0,886
899,123861,2,260214 (조간) 겨울철 대표 대관령 눈꽃축제 안전한 축제를 위해 현장점검 실시(재난안전점검과).pdf,,,deferred,,https://www.mois.go.kr/cmm/fms/FileDown.do?atchFileId=FILE_001427368684VQp&fileSn=1,
900,123836,1,260213 (16시) 설 명절 앞두고 이재민 지원현황 점검(복구지원과).hwpx,hwpx,193074,extracted,,https://www.mois.go.kr/cmm/fms/FileDown.do?atchFileId=FILE_00142726I1aQnag&fileSn=0,2823
900,123836,2,260213 (16시) 설 명절 앞두고 이재민 지원현황 점검(복구지원과).pdf,,,deferred,,https://www.mois.go.kr/cmm/fms/FileDown.do?atchFileId=FILE_00142726I1aQnag&fileSn=1,
901,123852,1,260212 (15시) 범정부 합동 설 연휴 가축전염병 총력 대응(농축산해양재난대응과_관계부처 합동).hwpx,hwpx,527585,extracted,,https://www.mois.go.kr/cmm/fms/FileDown.do?atchFileId=FILE_00142725k9daPJz&fileSn=0,4972
901,123852,2,260212 (15시) 범정부 합동 설 연휴 가축전염병 총력 대응(농축산해양재난대응과_관계부처 합동).pdf,,,deferred,,https://www.mois.go.kr/cmm/fms/FileDown.do?atchFileId=FILE_00142725k9daPJz&fileSn=1,
902,123837,1,260213 (조간) 지방자치인재개발원 설맞이 복지시설 봉사활동으로 따뜻한 상생 나서(지방자치인재개발원 행정지원과).pdf,,,deferred,,https://www.mois.go.kr/cmm/fms/FileDown.do?atchFileId=FILE_00142716tWrpuMC&fileSn=0,
902,123837,2,260213 (조간) 지방자치인재개발원 설맞이 복지시설 봉사활동으로 따뜻한 상생 나서(지방자치인재개발원 행정지원과).hwpx,hwpx,118233,extracted,,https://www.mois.go.kr/cmm/fms/FileDown.do?atchFileId=FILE_00142716tWrpuMC&fileSn=1,745
903,123835,1,260213 (조간) 햇빛으로 마을을 살린다 햇빛소득마을 추진단 출범(민간협력공동체과).hwpx,hwpx,113226,extracted,,https://www.mois.go.kr/cmm/fms/FileDown.do?atchFileId=FILE_00142721lqPIprl&fileSn=0,1483
903,123835,2,260213 (조간) 햇빛으로 마을을 살린다 햇빛소득마을 추진단 출범(민간협력공동체과).pdf,,,deferred,,https://www.mois.go.kr/cmm/fms/FileDown.do?atchFileId=FILE_00142721lqPIprl&fileSn=1,
904,123834,1,260213 (조간) AI 시대 기업에 꼭 필요한 공공데이터 기업의 생산성 향상 등 경쟁력에 기여(공공데이터정책과).hwpx,hwpx,2091372,extracted,,https://www.mois.go.kr/cmm/fms/FileDown.do?atchFileId=FILE_00142680UUWgtry&fileSn=0,1728
904,123834,2,260213 (조간) AI 시대 기업에 꼭 필요한 공공데이터 기업의 생산성 향상 등 경쟁력에 기여(공공데이터정책과).pdf,,,deferred,,https://www.mois.go.kr/cmm/fms/FileDown.do?atchFileId=FILE_00142680UUWgtry&fileSn=1,
905,123792,1,260212 (15시) 설 연휴 안전한 바닷길 위해 여객선 안전관리 현장 점검(농축산해양재난대응과).hwpx,hwpx,187605,extracted,,https://www.mois.go.kr/cmm/fms/FileDown.do?atchFileId=FILE_00142673uHkFtJl&fileSn=0,742
905,123792,2,260212 (15시) 설 연휴 안전한 바닷길 위해 여객선 안전관리 현장 점검(농축산해양재난대응과).pdf,,,deferred,,https://www.mois.go.kr/cmm/fms/FileDown.do?atchFileId=FILE_00142673uHkFtJl&fileSn=1,
906,123810,1,260212 (조간) 2월 가뭄 예·경보 및 국가가뭄통계 발표(기후재난관리과).hwpx,hwpx,24513780,extracted,,https://www.mois.go.kr/cmm/fms/FileDown.do?atchFileId=FILE_00142657KE1TxpW&fileSn=0,4478
906,123810,2,260212 (조간) 2월 가뭄 예·경보 및 국가가뭄통계 발표(기후재난관리과).pdf,,,deferred,,https://www.mois.go.kr/cmm/fms/FileDown.do?atchFileId=FILE_00142657KE1TxpW&fileSn=1,
907,123791,1,260212 (조간) 설 연휴 교통사고와 산불 조심하세요!(예방안전제도과).hwpx,hwpx,1136112,extracted,,https://www.mois.go.kr/cmm/fms/FileDown.do?atchFileId=FILE_00142672FFiLE25&fileSn=0,2545
907,123791,2,260212 (조간) 설 연휴 교통사고와 산불 조심하세요!(예방안전제도과).pdf,,,deferred,,https://www.mois.go.kr/cmm/fms/FileDown.do?atchFileId=FILE_00142672FFiLE25&fileSn=1,
908,123790,1,260212 (조간) 간부 모시는 날 3차 실태조사 실시(행정제도과).hwpx,hwpx,109047,extracted,,https://www.mois.go.kr/cmm/fms/FileDown.do?atchFileId=FILE_00142589_MCtxK0&fileSn=0,1377
908,123790,2,260212 (조간) 간부 모시는 날 3차 실태조사 실시(행정제도과).pdf,,,deferred,,https://www.mois.go.kr/cmm/fms/FileDown.do?atchFileId=FILE_00142589_MCtxK0&fileSn=1,
909,123765,1,260211 (17시) 국민 모두가 따뜻한 설 명절 행복·안전은 더하고 걱정·불안은 덜겠습니다.(자치행정과).hwpx,hwpx,108988,extracted,,https://www.mois.go.kr/cmm/fms/FileDown.do?atchFileId=FILE_001426492VyGQOG&fileSn=0,1090
909,123765,2,260211 (17시) 국민 모두가 따뜻한 설 명절 행복·안전은 더하고 걱정·불안은 덜겠습니다.(자치행정과).pdf,,,deferred,,https://www.mois.go.kr/cmm/fms/FileDown.do?atchFileId=FILE_001426492VyGQOG&fileSn=1,
910,123776,1,260211 (16시30분) 안전한 설 연휴를 위한 24시간 범정부 안전관리체계 본격 가동(안전정책총괄과).hwpx,hwpx,2371404,extracted,,https://www.mois.go.kr/cmm/fms/FileDown.do?atchFileId=FILE_001425856esO2_S&fileSn=0,5285
910,123776,2,260211 (16시30분) 안전한 설 연휴를 위한 24시간 범정부 안전관리체계 본격 가동(안전정책총괄과).pdf,,,deferred,,https://www.mois.go.kr/cmm/fms/FileDown.do?atchFileId=FILE_001425856esO2_S&fileSn=1,
911,123764,1,260211 (14시) 지역 중심 지원체계 강화 위해 사회연대경제 중간지원조직 한자리에 모이다(사회연대경제지원과).hwpx,hwpx,113878,extracted,,https://www.mois.go.kr/cmm/fms/FileDown.do?atchFileId=FILE_00142648D7qyt-F&fileSn=0,1220
911,123764,2,260211 (14시) 지역 중심 지원체계 강화 위해 사회연대경제 중간지원조직 한자리에 모이다(사회연대경제지원과).pdf,,,deferred,,https://www.mois.go.kr/cmm/fms/FileDown.do?atchFileId=FILE_00142648D7qyt-F&fileSn=1,
912,123782,1,260210 (국무회의 종료 시) 2025년 정보공개 종합평가 결과 공개(정보공개제도과).hwpx,hwpx,130804,extracted,,https://www.mois.go.kr/cmm/fms/FileDown.do?atchFileId=FILE_00142588D86QAOg&fileSn=0,2519
912,123782,2,260210 (국무회의 종료 시) 2025년 정보공개 종합평가 결과 공개(정보공개제도과).pdf,,,deferred,,https://www.mois.go.kr/cmm/fms/FileDown.do?atchFileId=FILE_00142588D86QAOg&fileSn=1,
913,123763,1,260213 (조간) 설 연휴 공공주차장 무료 이용하세요(공공서비스혁신과).hwpx,hwpx,117342,extracted,,https://www.mois.go.kr/cmm/fms/FileDown.do?atchFileId=FILE_001426471dZINVv&fileSn=0,784
913,123763,2,260213 (조간) 설 연휴 공공주차장 무료 이용하세요(공공서비스혁신과).pdf,,,deferred,,https://www.mois.go.kr/cmm/fms/FileDown.do?atchFileId=FILE_001426471dZINVv&fileSn=1,
914,123762,1,260211 (조간) 공공부문 인공지능 도입·확산 지원해 AI 민주정부 실현 속도 높인다(인공지능정부정책과).hwpx,hwpx,116447,extracted,,https://www.mois.go.kr/cmm/fms/FileDown.do?atchFileId=FILE_00142646AYyVtEr&fileSn=0,2165
914,123762,2,260211 (조간) 공공부문 인공지능 도입·확산 지원해 AI 민주정부 실현 속도 높인다(인공지능정부정책과).pdf,,,deferred,,https://www.mois.go.kr/cmm/fms/FileDown.do?atchFileId=FILE_00142646AYyVtEr&fileSn=1,
915,123761,1,260211 (조간) 공적 마일리지로 나눔을 향해 날다 항공 마일리지 활용해 기부 실천(국제협력담당관).hwpx,hwpx,93116,extracted,,https://www.mois.go.kr/cmm/fms/FileDown.do?atchFileId=FILE_001426454xErDtU&fileSn=0,732
915,123761,2,260211 (조간) 공적 마일리지로 나눔을 향해 날다 항공 마일리지 활용해 기부 실천(국제협력담당관).pdf,,,deferred,,https://www.mois.go.kr/cmm/fms/FileDown.do?atchFileId=FILE_001426454xErDtU&fileSn=1,
916,123727,1,260210 (조간) 국민 일상과 국가핵심기능 지킨다 국가핵심기반 보호 역량 강화(사회재난대응총괄과).hwpx,hwpx,189990,extracted,,https://www.mois.go.kr/cmm/fms/FileDown.do?atchFileId=FILE_00142623JxZyKf-&fileSn=0,793
916,123727,2,260210 (조간) 국민 일상과 국가핵심기능 지킨다 국가핵심기반 보호 역량 강화(사회재난대응총괄과).pdf,,,deferred,,https://www.mois.go.kr/cmm/fms/FileDown.do?atchFileId=FILE_00142623JxZyKf-&fileSn=1,
917,123726,1,260210 (조간) 심화되는 가뭄·폭염 대응 재난안전산업 진흥시설 조성(재난안전산업과).hwpx,hwpx,654756,extracted,,https://www.mois.go.kr/cmm/fms/FileDown.do?atchFileId=FILE_001426223WW61Bz&fileSn=0,1468
917,123726,2,260210 (조간) 심화되는 가뭄·폭염 대응 재난안전산업 진흥시설 조성(재난안전산업과).pdf,,,deferred,,https://www.mois.go.kr/cmm/fms/FileDown.do?atchFileId=FILE_001426223WW61Bz&fileSn=1,
918,123725,1,260210 (조간) 고향사랑기부와 지역사랑상품권으로 지역 살리고 물가 걱정없이 설 보내세요(균형발전진흥과).hwpx,hwpx,117414,extracted,,https://www.mois.go.kr/cmm/fms/FileDown.do?atchFileId=FILE_001426212xo2VKZ&fileSn=0,1898
918,123725,2,260210 (조간) 고향사랑기부와 지역사랑상품권으로 지역 살리고 물가 걱정없이 설 보내세요(균형발전진흥과).pdf,,,deferred,,https://www.mois.go.kr/cmm/fms/FileDown.do?atchFileId=FILE_001426212xo2VKZ&fileSn=1,
919,123724,1,260210 (조간) 우리 동네 유휴 공간 지역 문제 해결하는 혁신 거점으로 태어난다(사회연대경제지원과).hwpx,hwpx,111150,extracted,,https://www.mois.go.kr/cmm/fms/FileDown.do?atchFileId=FILE_00142610py7n-RZ&fileSn=0,1338
919,123724,2,260210 (조간) 우리 동네 유휴 공간 지역 문제 해결하는 혁신 거점으로 태어난다(사회연대경제지원과).pdf,,,deferred,,https://www.mois.go.kr/cmm/fms/FileDown.do?atchFileId=FILE_00142610py7n-RZ&fileSn=1,
920,123723,1,260210 (조간) 주차장 빈자리 찾아 헤매지 마세요 내비가 주차장 자리까지 찾아 안내한다(주소정보혁신과).hwpx,hwpx,122221,extracted,,https://www.mois.go.kr/cmm/fms/FileDown.do?atchFileId=FILE_00142609X3dFecA&fileSn=0,1537
920,123723,2,260210 (조간) 주차장 빈자리 찾아 헤매지 마세요 내비가 주차장 자리까지 찾아 안내한다(주소정보혁신과).pdf,,,deferred,,https://www.mois.go.kr/cmm/fms/FileDown.do?atchFileId=FILE_00142609X3dFecA&fileSn=1,
921,123722,1,260209 (석간) 지방자치인재개발원 완주군 농·특산품 전국 지방공무원에게 알려 상생협력 견인(지방자치인재개발원 행정지원과).hwpx,hwpx,95238,extracted,,https://www.mois.go.kr/cmm/fms/FileDown.do?atchFileId=FILE_00142608C2-sJwu&fileSn=0,771
921,123722,2,260209 (석간) 지방자치인재개발원 완주군 농·특산품 전국 지방공무원에게 알려 상생협력 견인(지방자치인재개발원 행정지원과).pdf,,,deferred,,https://www.mois.go.kr/cmm/fms/FileDown.do?atchFileId=FILE_00142608C2-sJwu&fileSn=1,
922,123721,1,260209 (조간) 새학기와 야외활동이 활발한 시기 어린이 놀이시설 이용 각별한 주의 필요(안전개선과).hwpx,hwpx,501091,extracted,,https://www.mois.go.kr/cmm/fms/FileDown.do?atchFileId=FILE_001426079y2MkT6&fileSn=0,1087
922,123721,2,260209 (조간) 새학기와 야외활동이 활발한 시기 어린이 놀이시설 이용 각별한 주의 필요(안전개선과).pdf,,,deferred,,https://www.mois.go.kr/cmm/fms/FileDown.do?atchFileId=FILE_001426079y2MkT6&fileSn=1,
923,123720,1,260209 (조간) 새마을금고 건전성 관리 강화를 위해 2026년 새마을금고 정부합동검사 대폭 확대 실시(지역금융지원과).hwpx,hwpx,123998,extracted,,https://www.mois.go.kr/cmm/fms/FileDown.do?atchFileId=FILE_001426062EPjKMx&fileSn=0,1634
923,123720,2,260209 (조간) 새마을금고 건전성 관리 강화를 위해 2026년 새마을금고 정부합동검사 대폭 확대 실시(지역금융지원과).pdf,,,deferred,,https://www.mois.go.kr/cmm/fms/FileDown.do?atchFileId=FILE_001426062EPjKMx&fileSn=1,
924,123719,1,260209 (조간) 설 연휴 앞두고 불법현수막 일제 정비 추진(주소정보혁신과).hwpx,hwpx,1985632,extracted,,https://www.mois.go.kr/cmm/fms/FileDown.do?atchFileId=FILE_001426055uGgYjQ&fileSn=0,2718
924,123719,2,260209 (조간) 설 연휴 앞두고 불법현수막 일제 정비 추진(주소정보혁신과).pdf,,,deferred,,https://www.mois.go.kr/cmm/fms/FileDown.do?atchFileId=FILE_001426055uGgYjQ&fileSn=1,
925,123718,1,260209 (조간) 한국형(K)-주소 아프리카 진출 길을 연다!(주소정보혁신과).hwpx,hwpx,3619914,extracted,,https://www.mois.go.kr/cmm/fms/FileDown.do?atchFileId=FILE_0014260426-wo_9&fileSn=0,2042
925,123718,2,260209 (조간) 한국형(K)-주소 아프리카 진출 길을 연다!(주소정보혁신과).pdf,,,deferred,,https://www.mois.go.kr/cmm/fms/FileDown.do?atchFileId=FILE_0014260426-wo_9&fileSn=1,
926,123717,1,260209 (조간) 말 한마디면 인공지능(AI)이 해결하는 민원 시대 내 아이디어와 함께 연다(통합포털정책과).hwpx,hwpx,914511,extracted,,https://www.mois.go.kr/cmm/fms/FileDown.do?atchFileId=FILE_001426033z9YrQa&fileSn=0,5878
926,123717,2,260209 (조간) 말 한마디면 인공지능(AI)이 해결하는 민원 시대 내 아이디어와 함께 연다(통합포털정책과).pdf,,,deferred,,https://www.mois.go.kr/cmm/fms/FileDown.do?atchFileId=FILE_001426033z9YrQa&fileSn=1,
927,123731,1,260208 (즉시) 「지방세입 체납관리단」 속도감 있게 추진키로 전국 지방정부와 뜻 모아(지방세정책과).hwpx,hwpx,91199,extracted,,https://www.mois.go.kr/cmm/fms/FileDown.do?atchFileId=FILE_00142625UicdIvk&fileSn=0,1401
927,123731,2,260208 (즉시) 「지방세입 체납관리단」 속도감 있게 추진키로 전국 지방정부와 뜻 모아(지방세정책과).pdf,,,deferred,,https://www.mois.go.kr/cmm/fms/FileDown.do?atchFileId=FILE_00142625UicdIvk&fileSn=1,
928,123733,1,260208 (즉시) 행정안전부 장관 경북 경주시 산불 관련 긴급지시(환경산림재난대응과).hwpx,hwpx,233879,extracted,,https://www.mois.go.kr/cmm/fms/FileDown.do?atchFileId=FILE_00142614q8lfXr7&fileSn=0,564
928,123733,2,260208 (즉시) 행정안전부 장관 경북 경주시 산불 관련 긴급지시(환경산림재난대응과).pdf,,,deferred,,https://www.mois.go.kr/cmm/fms/FileDown.do?atchFileId=FILE_00142614q8lfXr7&fileSn=1,
929,123706,1,260206 (17시) 일본 조세이탄광 수몰사고 희생자 유해 1점 발굴(과거사관련업무지원단 대일항쟁기강제동원피해지원과).hwpx,hwpx,78330,extracted,,https://www.mois.go.kr/cmm/fms/FileDown.do?atchFileId=FILE_00142602lcEZ5el&fileSn=0,636
929,123706,2,260206 (17시) 일본 조세이탄광 수몰사고 희생자 유해 1점 발굴(과거사관련업무지원단 대일항쟁기강제동원피해지원과).pdf,,,deferred,,https://www.mois.go.kr/cmm/fms/FileDown.do?atchFileId=FILE_00142602lcEZ5el&fileSn=1,
930,123705,1,260206 (16시30분) 2.6~8일 한파·대설 대비 관계기관 대책 점검(기후재난관리과).hwpx,hwpx,667173,extracted,,https://www.mois.go.kr/cmm/fms/FileDown.do?atchFileId=FILE_001425821vyKSK8&fileSn=0,1256
930,123705,2,260206 (16시30분) 2.6~8일 한파·대설 대비 관계기관 대책 점검(기후재난관리과).pdf,,,deferred,,https://www.mois.go.kr/cmm/fms/FileDown.do?atchFileId=FILE_001425821vyKSK8&fileSn=1,
931,123701,1,260206 (16시) 행정안전부 충남·대전 행정통합 성공을 위한 격의 없는 소통의 장 마련(범정부지방행정체제개편지원단 대외협력과).hwpx,hwpx,80263,extracted,,https://www.mois.go.kr/cmm/fms/FileDown.do?atchFileId=FILE_00142578CKm-nB0&fileSn=0,1065
931,123701,2,260206 (16시) 행정안전부 충남·대전 행정통합 성공을 위한 격의 없는 소통의 장 마련(범정부지방행정체제개편지원단 대외협력과).pdf,,,deferred,,https://www.mois.go.kr/cmm/fms/FileDown.do?atchFileId=FILE_00142578CKm-nB0&fileSn=1,
932,123686,1,260207 (14시) 올해 다중운집인파 안전관리 강화 방안 지난 사례에서 답을 찾는다(사회재난대응총괄과).hwpx,hwpx,185750,extracted,,https://www.mois.go.kr/cmm/fms/FileDown.do?atchFileId=FILE_00142562YY-yY6t&fileSn=0,1291
932,123686,2,260207 (14시) 올해 다중운집인파 안전관리 강화 방안 지난 사례에서 답을 찾는다(사회재난대응총괄과).pdf,,,deferred,,https://www.mois.go.kr/cmm/fms/FileDown.do?atchFileId=FILE_00142562YY-yY6t&fileSn=1,
933,123687,1,260207 (조간) 행정안전부 일본 조세이탄광 수몰사고 희생자 추도식 참석(과거사관련업무지원단 대일항쟁기강제동원피해지원과).hwpx,hwpx,75683,extracted,,https://www.mois.go.kr/cmm/fms/FileDown.do?atchFileId=FILE_00142563W0BOseW&fileSn=0,934
933,123687,2,260207 (조간) 행정안전부 일본 조세이탄광 수몰사고 희생자 추도식 참석(과거사관련업무지원단 대일항쟁기강제동원피해지원과).pdf,,,deferred,,https://www.mois.go.kr/cmm/fms/FileDown.do?atchFileId=FILE_00142563W0BOseW&fileSn=1,
934,123688,1,260206 (11시) 제9회 전국동시지방선거 공명선거지원상황실 본격 운영(공명선거지원상황실).hwpx,hwpx,109696,extracted,,https://www.mois.go.kr/cmm/fms/FileDown.do?atchFileId=FILE_001425769xcUGur&fileSn=0,1354
934,123688,2,260206 (11시) 제9회 전국동시지방선거 공명선거지원상황실 본격 운영(공명선거지원상황실).pdf,,,deferred,,https://www.mois.go.kr/cmm/fms/FileDown.do?atchFileId=FILE_001425769xcUGur&fileSn=1,
935,123659,1,260206 (13시30분) 설 명절 대비 다중이용시설 안전관리 현장점검(보건사회재난대응과).hwpx,hwpx,2263383,extracted,,https://www.mois.go.kr/cmm/fms/FileDown.do?atchFileId=FILE_00142533Nk1nTpP&fileSn=0,1206
935,123659,2,260206 (13시30분) 설 명절 대비 다중이용시설 안전관리 현장점검(보건사회재난대응과).pdf,,,deferred,,https://www.mois.go.kr/cmm/fms/FileDown.do?atchFileId=FILE_00142533Nk1nTpP&fileSn=1,
936,123660,1,260206 (조간) 인공지능(AI) 시대 뒷받침할 「공공데이터 적극 제공을 위한 면책 안내서」 배포(공공데이터정책과).hwpx,hwpx,123526,extracted,,https://www.mois.go.kr/cmm/fms/FileDown.do?atchFileId=FILE_00142534YlJ0Jap&fileSn=0,2108
936,123660,2,260206 (조간) 인공지능(AI) 시대 뒷받침할 「공공데이터 적극 제공을 위한 면책 안내서」 배포(공공데이터정책과).pdf,,,deferred,,https://www.mois.go.kr/cmm/fms/FileDown.do?atchFileId=FILE_00142534YlJ0Jap&fileSn=1,
937,123658,1,260206 (조간) 병오(丙午)년 새해 나눔과 봉사로 함께 하는 대한민국(민간협력공동체과).hwpx,hwpx,106731,extracted,,https://www.mois.go.kr/cmm/fms/FileDown.do?atchFileId=FILE_00142532QWPh-Ux&fileSn=0,890
937,123658,2,260206 (조간) 병오(丙午)년 새해 나눔과 봉사로 함께 하는 대한민국(민간협력공동체과).pdf,,,deferred,,https://www.mois.go.kr/cmm/fms/FileDown.do?atchFileId=FILE_00142532QWPh-Ux&fileSn=1,
938,123657,1,260206 (조간) 저출생·지역소멸의 돌파구 사회연대경제에서 찾는다...사회연대경제 혁신모델 공모(사회연대경제지원과).hwpx,hwpx,131898,extracted,,https://www.mois.go.kr/cmm/fms/FileDown.do?atchFileId=FILE_00142531o69JdZd&fileSn=0,3738
938,123657,2,260206 (조간) 저출생·지역소멸의 돌파구 사회연대경제에서 찾는다...사회연대경제 혁신모델 공모(사회연대경제지원과).pdf,,,deferred,,https://www.mois.go.kr/cmm/fms/FileDown.do?atchFileId=FILE_00142531o69JdZd&fileSn=1,
939,123663,1,260205 (10시) 산불·가뭄 대응 재난특교세 30억 원 긴급 지원(재난관리정책과).hwpx,hwpx,178434,extracted,,https://www.mois.go.kr/cmm/fms/FileDown.do?atchFileId=FILE_001425295t3cIT4&fileSn=0,574
939,123663,2,260205 (10시) 산불·가뭄 대응 재난특교세 30억 원 긴급 지원(재난관리정책과).pdf,,,deferred,,https://www.mois.go.kr/cmm/fms/FileDown.do?atchFileId=FILE_001425295t3cIT4&fileSn=1,
940,123645,1,260204 (14시) 산불 피해지역 이재민 현장 보호대책 점검(경북·경남·울산초대형산불피해지원및재건지원단 운영기획과).hwpx,hwpx,185794,extracted,,https://www.mois.go.kr/cmm/fms/FileDown.do?atchFileId=FILE_00142478YqSivfV&fileSn=0,984
940,123645,2,260204 (14시) 산불 피해지역 이재민 현장 보호대책 점검(경북·경남·울산초대형산불피해지원및재건지원단 운영기획과).pdf,,,deferred,,https://www.mois.go.kr/cmm/fms/FileDown.do?atchFileId=FILE_00142478YqSivfV&fileSn=1,
941,123638,1,260205 (조간) 진안군 지역자율방재단 대상 현장중심 재난안전교육 실시(국가재난안전교육원 민방위비상대비교육과).hwpx,hwpx,182451,extracted,,https://www.mois.go.kr/cmm/fms/FileDown.do?atchFileId=FILE_001424760DFDCbR&fileSn=0,618
941,123638,2,260205 (조간) 진안군 지역자율방재단 대상 현장중심 재난안전교육 실시(국가재난안전교육원 민방위비상대비교육과).pdf,,,deferred,,https://www.mois.go.kr/cmm/fms/FileDown.do?atchFileId=FILE_001424760DFDCbR&fileSn=1,
942,123637,1,260205 (조간) 재해예방사업 실행력을 높이기 위한 정책설명회 연다(재난경감과).hwpx,hwpx,113772,extracted,,https://www.mois.go.kr/cmm/fms/FileDown.do?atchFileId=FILE_00142475dni_ozk&fileSn=0,993
942,123637,2,260205 (조간) 재해예방사업 실행력을 높이기 위한 정책설명회 연다(재난경감과).pdf,,,deferred,,https://www.mois.go.kr/cmm/fms/FileDown.do?atchFileId=FILE_00142475dni_ozk&fileSn=1,
943,123636,1,260205 (조간) 2025년 민원서비스 종합평가 결과 공개(민원제도과).hwpx,hwpx,107126,extracted,,https://www.mois.go.kr/cmm/fms/FileDown.do?atchFileId=FILE_00142474iBv31um&fileSn=0,5777
943,123636,2,260205 (조간) 2025년 민원서비스 종합평가 결과 공개(민원제도과).pdf,,,deferred,,https://www.mois.go.kr/cmm/fms/FileDown.do?atchFileId=FILE_00142474iBv31um&fileSn=1,
944,123633,1,260203 (국무회의 종료 시) 10·29이태원참사로부터 온전한 회복 위해 피해자 권리보장 더욱 강화한다(10·29이태원참사피해구제추모지원단 지원총괄과).hwpx,hwpx,172173,extracted,,https://www.mois.go.kr/cmm/fms/FileDown.do?atchFileId=FILE_00142473HUbTIar&fileSn=0,1395
944,123633,2,260203 (국무회의 종료 시) 10·29이태원참사로부터 온전한 회복 위해 피해자 권리보장 더욱 강화한다(10·29이태원참사피해구제추모지원단 지원총괄과).pdf,,,deferred,,https://www.mois.go.kr/cmm/fms/FileDown.do?atchFileId=FILE_00142473HUbTIar&fileSn=1,
945,123615,1,260204 (16시) 현장의 목소리가 정책이 되는 정부 제5기 대한민국 열린정부위원회 출범(혁신기획과).hwpx,hwpx,246766,extracted,,https://www.mois.go.kr/cmm/fms/FileDown.do?atchFileId=FILE_00142389IFUK7Jj&fileSn=0,3658
945,123615,2,260204 (16시) 현장의 목소리가 정책이 되는 정부 제5기 대한민국 열린정부위원회 출범(혁신기획과).pdf,,,deferred,,https://www.mois.go.kr/cmm/fms/FileDown.do?atchFileId=FILE_00142389IFUK7Jj&fileSn=1,
946,123617,1,260204 (조간) 자원봉사 데이터 관리 국가승인통계로 신뢰 높이고 모바일증으로 편의 더한다!(민간협력공동체과).hwpx,hwpx,118245,extracted,,https://www.mois.go.kr/cmm/fms/FileDown.do?atchFileId=FILE_00142511JpLxNh5&fileSn=0,1396
946,123617,2,260204 (조간) 자원봉사 데이터 관리 국가승인통계로 신뢰 높이고 모바일증으로 편의 더한다!(민간협력공동체과).pdf,,,deferred,,https://www.mois.go.kr/cmm/fms/FileDown.do?atchFileId=FILE_00142511JpLxNh5&fileSn=1,
947,123616,1,260204 (조간) 지역 최일선까지 닿는 사회연대경제 지방 현장 담당 공무원 교육 실시(사회연대경제제도과).hwpx,hwpx,117945,extracted,,https://www.mois.go.kr/cmm/fms/FileDown.do?atchFileId=FILE_00142390iMyh0Eo&fileSn=0,1931
947,123616,2,260204 (조간) 지역 최일선까지 닿는 사회연대경제 지방 현장 담당 공무원 교육 실시(사회연대경제제도과).pdf,,,deferred,,https://www.mois.go.kr/cmm/fms/FileDown.do?atchFileId=FILE_00142390iMyh0Eo&fileSn=1,
948,123570,1,260203 (17시) 정부. 통영 욕지도 가뭄에 선제 대응 나선다(기후재난관리과).hwpx,hwpx,3822755,extracted,,https://www.mois.go.kr/cmm/fms/FileDown.do?atchFileId=FILE_00142450dVvYdfI&fileSn=0,1700
948,123570,2,260203 (17시) 정부. 통영 욕지도 가뭄에 선제 대응 나선다(기후재난관리과).pdf,,,deferred,,https://www.mois.go.kr/cmm/fms/FileDown.do?atchFileId=FILE_00142450dVvYdfI&fileSn=1,
949,123547,1,260203 (조간) 대통령취임식 관련 기록 이달의 기록으로 제공(대통령기록관 기록서비스과).hwpx,hwpx,1910405,extracted,,https://www.mois.go.kr/cmm/fms/FileDown.do?atchFileId=FILE_00142444wgb0R6l&fileSn=0,1323
949,123547,2,260203 (조간) 대통령취임식 관련 기록 이달의 기록으로 제공(대통령기록관 기록서비스과).pdf,,,deferred,,https://www.mois.go.kr/cmm/fms/FileDown.do?atchFileId=FILE_00142444wgb0R6l&fileSn=1,
950,123546,1,260203 (조간) 화재 주위 먼저 살피고 신속·안전하게 대피!(예방안전제도과).hwpx,hwpx,384321,extracted,,https://www.mois.go.kr/cmm/fms/FileDown.do?atchFileId=FILE_00142443PgC6h-a&fileSn=0,1636
950,123546,2,260203 (조간) 화재 주위 먼저 살피고 신속·안전하게 대피!(예방안전제도과).pdf,,,deferred,,https://www.mois.go.kr/cmm/fms/FileDown.do?atchFileId=FILE_00142443PgC6h-a&fileSn=1,
951,123544,1,260202 (석간) AI로 일하고 현장에서 답 찾는 지방리더 육성 지방자치인재개발원 장기교육과정 개시(지방자치인재개발원 정책리더양성과).hwpx,hwpx,118588,extracted,,https://www.mois.go.kr/cmm/fms/FileDown.do?atchFileId=FILE_001424412RVsrKp&fileSn=0,1525
951,123544,2,260202 (석간) AI로 일하고 현장에서 답 찾는 지방리더 육성 지방자치인재개발원 장기교육과정 개시(지방자치인재개발원 정책리더양성과).pdf,,,deferred,,https://www.mois.go.kr/cmm/fms/FileDown.do?atchFileId=FILE_001424412RVsrKp&fileSn=1,
952,123543,1,260202 (석간) 국방부 모바일고지서 발급을 통한 국고수납 개시(국민맞춤서비스과).hwpx,hwpx,236222,extracted,,https://www.mois.go.kr/cmm/fms/FileDown.do?atchFileId=FILE_00142440kl5MtyI&fileSn=0,1316
952,123543,2,260202 (석간) 국방부 모바일고지서 발급을 통한 국고수납 개시(국민맞춤서비스과).pdf,,,deferred,,https://www.mois.go.kr/cmm/fms/FileDown.do?atchFileId=FILE_00142440kl5MtyI&fileSn=1,
953,123545,1,260202 (참고) 한국교원대생 재난안전 훈련 교육 만족도 매우 높아 선호(국가재난안전교육원 민방위비상대비교육과).hwpx,hwpx,242641,extracted,,https://www.mois.go.kr/cmm/fms/FileDown.do?atchFileId=FILE_0014244259Stbsx&fileSn=0,792
953,123545,2,260202 (참고) 한국교원대생 재난안전 훈련 교육 만족도 매우 높아 선호(국가재난안전교육원 민방위비상대비교육과).pdf,,,deferred,,https://www.mois.go.kr/cmm/fms/FileDown.do?atchFileId=FILE_0014244259Stbsx&fileSn=1,
954,123542,1,260202 (조간) 대한민국 기록의 역사를 쓴 주인공 2026 국가기록 포상 후보자를 찾습니다(국가기록원 기록협력과).hwpx,hwpx,118131,extracted,,https://www.mois.go.kr/cmm/fms/FileDown.do?atchFileId=FILE_00142439yhgs8Sd&fileSn=0,2248
954,123542,2,260202 (조간) 대한민국 기록의 역사를 쓴 주인공 2026 국가기록 포상 후보자를 찾습니다(국가기록원 기록협력과).pdf,,,deferred,,https://www.mois.go.kr/cmm/fms/FileDown.do?atchFileId=FILE_00142439yhgs8Sd&fileSn=1,
955,123541,1,260202 (조간) 행정안전부 설 명절 물가안정관리 총력 장바구니 걱정 없는 설 만든다(지역경제과).hwpx,hwpx,122558,extracted,,https://www.mois.go.kr/cmm/fms/FileDown.do?atchFileId=FILE_00142438o1i-G5S&fileSn=0,1842
955,123541,2,260202 (조간) 행정안전부 설 명절 물가안정관리 총력 장바구니 걱정 없는 설 만든다(지역경제과).pdf,,,deferred,,https://www.mois.go.kr/cmm/fms/FileDown.do?atchFileId=FILE_00142438o1i-G5S&fileSn=1,
956,123540,1,260202 (조간) 설명절 선물 마을기업에서 구입하세요(사회연대경제지원과).hwpx,hwpx,3324482,extracted,,https://www.mois.go.kr/cmm/fms/FileDown.do?atchFileId=FILE_00142437xlMfY4T&fileSn=0,1336
956,123540,2,260202 (조간) 설명절 선물 마을기업에서 구입하세요(사회연대경제지원과).pdf,,,deferred,,https://www.mois.go.kr/cmm/fms/FileDown.do?atchFileId=FILE_00142437xlMfY4T&fileSn=1,
957,123551,1,260201 (즉시) 수도권 강원지역 대설특보 중앙재난안전대책본부 1단계 가동(자연재난대응과).hwpx,hwpx,3401429,extracted,,https://www.mois.go.kr/cmm/fms/FileDown.do?atchFileId=FILE_00142446t2SuSMt&fileSn=0,945
957,123551,2,260201 (즉시) 수도권 강원지역 대설특보 중앙재난안전대책본부 1단계 가동(자연재난대응과).pdf,,,deferred,,https://www.mois.go.kr/cmm/fms/FileDown.do?atchFileId=FILE_00142446t2SuSMt&fileSn=1,
958,123550,1,260201 (14시) 2.1~2일 전국 대설·한파 대비 관계기관 대책 점검(자연재난대응과).hwpx,hwpx,432486,extracted,,https://www.mois.go.kr/cmm/fms/FileDown.do?atchFileId=FILE_00142445tOOlGi4&fileSn=0,1097
958,123550,2,260201 (14시) 2.1~2일 전국 대설·한파 대비 관계기관 대책 점검(자연재난대응과).pdf,,,deferred,,https://www.mois.go.kr/cmm/fms/FileDown.do?atchFileId=FILE_00142445tOOlGi4&fileSn=1,
959,123538,1,260130 (즉시) 충북 음성군 공장 화재 관련 긴급 지시(국토산업재난대응과).hwpx,hwpx,177491,extracted,,https://www.mois.go.kr/cmm/fms/FileDown.do?atchFileId=FILE_00142419mfc12ig&fileSn=0,564
959,123538,2,260130 (즉시) 충북 음성군 공장 화재 관련 긴급 지시(국토산업재난대응과).pdf,,,deferred,,https://www.mois.go.kr/cmm/fms/FileDown.do?atchFileId=FILE_00142419mfc12ig&fileSn=1,
960,123517,1,260131 (14시) 겨울철 다중이용시설 화재예방 현장점검(국토산업재난대응과).hwpx,hwpx,113120,extracted,,https://www.mois.go.kr/cmm/fms/FileDown.do?atchFileId=FILE_00142418E_ZnqnI&fileSn=0,751
960,123517,2,260131 (14시) 겨울철 다중이용시설 화재예방 현장점검(국토산업재난대응과).pdf,,,deferred,,https://www.mois.go.kr/cmm/fms/FileDown.do?atchFileId=FILE_00142418E_ZnqnI&fileSn=1,
961,123519,1,260129 (즉시) 경남 김해시 공장 화재 관련 긴급 지시(국토산업재난대응과).hwpx,hwpx,78242,extracted,,https://www.mois.go.kr/cmm/fms/FileDown.do?atchFileId=FILE_0014237529Lro50&fileSn=0,492
961,123519,2,260129 (즉시) 경남 김해시 공장 화재 관련 긴급 지시(국토산업재난대응과).pdf,,,deferred,,https://www.mois.go.kr/cmm/fms/FileDown.do?atchFileId=FILE_0014237529Lro50&fileSn=1,
962,123497,1,260130 (16시) 전국 공공시설물 내진율 2030년까지 90% 이상 달성한다(지진방재정책과).hwpx,hwpx,185693,extracted,,https://www.mois.go.kr/cmm/fms/FileDown.do?atchFileId=FILE_00142374LyNkuZu&fileSn=0,1045
962,123497,2,260130 (16시) 전국 공공시설물 내진율 2030년까지 90% 이상 달성한다(지진방재정책과).pdf,,,deferred,,https://www.mois.go.kr/cmm/fms/FileDown.do?atchFileId=FILE_00142374LyNkuZu&fileSn=1,
963,123495,1,260130 (16시) 현장 경험과 전문성을 정책으로 사회연대경제 민간자문단 위촉(사회연대경제제도과).hwpx,hwpx,112523,extracted,,https://www.mois.go.kr/cmm/fms/FileDown.do?atchFileId=FILE_00142395kO9Ev9q&fileSn=0,1266
963,123495,2,260130 (16시) 현장 경험과 전문성을 정책으로 사회연대경제 민간자문단 위촉(사회연대경제제도과).pdf,,,deferred,,https://www.mois.go.kr/cmm/fms/FileDown.do?atchFileId=FILE_00142395kO9Ev9q&fileSn=1,
964,123515,1,260129 (본회의 의결시) 모바일신분증 실물 신분증과 법적으로도 동일합니다 「전자정부법」 일부개정법률안 국회 통과(국민맞춤서비스과).pdf,pdf,380514,extracted,,https://www.mois.go.kr/cmm/fms/FileDown.do?atchFileId=FILE_00142417vTTUM2p&fileSn=0,2670
964,123515,2,260129 (본회의 의결시) 모바일신분증 실물 신분증과 법적으로도 동일합니다. 「전자정부법」 일부개정법률안 국회 통과(국민맞춤서비스과).hwpx,hwpx,1923841,extracted,,https://www.mois.go.kr/cmm/fms/FileDown.do?atchFileId=FILE_00142417vTTUM2p&fileSn=1,2635
965,123514,1,260129 (본회의 의결시) AI 민주정부 이끌 공공 AI법제도 기반인 「공공 AI 법」 국회 본회의 통과(인공지능정부정책과).hwpx,hwpx,92406,extracted,,https://www.mois.go.kr/cmm/fms/FileDown.do?atchFileId=FILE_00142416DfIxVSG&fileSn=0,2011
965,123514,2,260129 (본회의 의결시) AI 민주정부 이끌 공공 AI법제도 기반인 「공공 AI 법」 국회 본회의 통과(인공지능정부정책과).pdf,,,deferred,,https://www.mois.go.kr/cmm/fms/FileDown.do?atchFileId=FILE_00142416DfIxVSG&fileSn=1,
966,123496,1,260130 (조간) 자동차세 연납 2월 4일 마감 5% 공제 혜택 챙기세요!(부동산세제과).hwpx,hwpx,116748,extracted,,https://www.mois.go.kr/cmm/fms/FileDown.do?atchFileId=FILE_00142373kIjVR-_&fileSn=0,1405
966,123496,2,260130 (조간) 자동차세 연납 2월 4일 마감 5% 공제 혜택 챙기세요!(부동산세제과).pdf,,,deferred,,https://www.mois.go.kr/cmm/fms/FileDown.do?atchFileId=FILE_00142373kIjVR-_&fileSn=1,
967,123494,1,260130 (조간) 고향사랑기부금 92%가 지방으로 1500억원 고향사랑기부 균형발전 불씨로(균형발전진흥과).hwpx,hwpx,124486,extracted,,https://www.mois.go.kr/cmm/fms/FileDown.do?atchFileId=FILE_00142399u-voqTr&fileSn=0,4631
967,123494,2,260130 (조간) 고향사랑기부금 92%가 지방으로 1500억원 고향사랑기부 균형발전 불씨로(균형발전진흥과).pdf,,,deferred,,https://www.mois.go.kr/cmm/fms/FileDown.do?atchFileId=FILE_00142399u-voqTr&fileSn=1,
968,123447,1,260129 (17시) 행정안전부 장관 봄철 산불 공중진화 대응 태세 현장점검(환경산림재난대응과).hwpx,hwpx,125492,extracted,,https://www.mois.go.kr/cmm/fms/FileDown.do?atchFileId=FILE_00142298FHEdoG4&fileSn=0,1174
968,123447,2,260129 (17시) 행정안전부 장관 봄철 산불 공중진화 대응 태세 현장점검(환경산림재난대응과).pdf,,,deferred,,https://www.mois.go.kr/cmm/fms/FileDown.do?atchFileId=FILE_00142298FHEdoG4&fileSn=1,
969,123482,1,260128 (16시) 겨울철 강풍 대비 취약시설 긴급 안전점검 실시(자연재난대응과).hwpx,hwpx,79964,extracted,,https://www.mois.go.kr/cmm/fms/FileDown.do?atchFileId=FILE_00142340C484pW8&fileSn=0,1131
969,123482,2,260128 (16시) 겨울철 강풍 대비 취약시설 긴급 안전점검 실시(자연재난대응과).pdf,,,deferred,,https://www.mois.go.kr/cmm/fms/FileDown.do?atchFileId=FILE_00142340C484pW8&fileSn=1,
970,123445,1,260129 (15시) 공명선거·민생경제·국민안전 대한민국 대도약 중앙·지방 협력 견고히(자치행정과).hwpx,hwpx,119712,extracted,,https://www.mois.go.kr/cmm/fms/FileDown.do?atchFileId=FILE_001422964jWjtmS&fileSn=0,1500
970,123445,2,260129 (15시) 공명선거·민생경제·국민안전 대한민국 대도약 중앙·지방 협력 견고히(자치행정과).pdf,,,deferred,,https://www.mois.go.kr/cmm/fms/FileDown.do?atchFileId=FILE_001422964jWjtmS&fileSn=1,
971,123449,1,260129 (조간) 주민·전문가·공무원 한 자리에 주민참여예산제도 현장목소리 담는다(재정협력과).hwpx,hwpx,975953,extracted,,https://www.mois.go.kr/cmm/fms/FileDown.do?atchFileId=FILE_00142300ueAUT5o&fileSn=0,3329
971,123449,2,260129 (조간) 주민·전문가·공무원 한 자리에 주민참여예산제도 현장목소리 담는다(재정협력과).pdf,,,deferred,,https://www.mois.go.kr/cmm/fms/FileDown.do?atchFileId=FILE_00142300ueAUT5o&fileSn=1,
972,123448,1,260129 (조간) 경북·경남·울산 초대형산불 피해 온전한 회복과 재건 본격화(경북·경남·울산초대형산불피해지원및재건지원단 운영기획과).hwpx,hwpx,188160,extracted,,https://www.mois.go.kr/cmm/fms/FileDown.do?atchFileId=FILE_00142299QQX-k-5&fileSn=0,2135
972,123448,2,260129 (조간) 경북·경남·울산 초대형산불 피해 온전한 회복과 재건 본격화(경북·경남·울산초대형산불피해지원및재건지원단 운영기획과).pdf,,,deferred,,https://www.mois.go.kr/cmm/fms/FileDown.do?atchFileId=FILE_00142299QQX-k-5&fileSn=1,
973,123446,1,260129 (조간) 재난 현장에 필요한 자원 인공지능 기술로 신속하고 똑똑하게 투입한다(재난자원관리과).hwpx,hwpx,184810,extracted,,https://www.mois.go.kr/cmm/fms/FileDown.do?atchFileId=FILE_00142297CxCX1Iw&fileSn=0,1081
973,123446,2,260129 (조간) 재난 현장에 필요한 자원 인공지능 기술로 신속하고 똑똑하게 투입한다(재난자원관리과).pdf,,,deferred,,https://www.mois.go.kr/cmm/fms/FileDown.do?atchFileId=FILE_00142297CxCX1Iw&fileSn=1,
974,123423,1,260128 (17시) 행정안전부 243개 지방정부의 금고 이자율 통합공개...투명한 재정운용 기대(재정정책과).hwpx,hwpx,151349,extracted,,https://www.mois.go.kr/cmm/fms/FileDown.do?atchFileId=FILE_00142278yBE3f4B&fileSn=0,7585
974,123423,2,260128 (17시) 행정안전부 243개 지방정부의 금고 이자율 통합공개...투명한 재정운용 기대(재정정책과).pdf,,,deferred,,https://www.mois.go.kr/cmm/fms/FileDown.do?atchFileId=FILE_00142278yBE3f4B&fileSn=1,
975,123424,1,260128 (조간) 외교서한 대통령이 받은 보고서 등 비공개 대통령기록물 5만 4천여 건 공개(대통령기록관 기록보존과).hwpx,hwpx,2048872,extracted,,https://www.mois.go.kr/cmm/fms/FileDown.do?atchFileId=FILE_00142279DBu35aN&fileSn=0,2292
975,123424,2,260128 (조간) 외교서한 대통령이 받은 보고서 등 비공개 대통령기록물 5만 4천여 건 공개(대통령기록관 기록보존과).pdf,,,deferred,,https://www.mois.go.kr/cmm/fms/FileDown.do?atchFileId=FILE_00142279DBu35aN&fileSn=1,
976,123425,1,260126 (즉시) 故 이해찬 前 국무총리 장례 관련 발표문(의정담당관실).hwpx,hwpx,223685,extracted,,https://www.mois.go.kr/cmm/fms/FileDown.do?atchFileId=FILE_00142280-qZGtgQ&fileSn=0,616
976,123425,2,260126 (즉시) 故 이해찬 前 국무총리 장례 관련 발표문(의정담당관실).pdf,,,deferred,,https://www.mois.go.kr/cmm/fms/FileDown.do?atchFileId=FILE_00142280-qZGtgQ&fileSn=1,
977,123401,1,260127 (16시) 이론부터 현장까지 사회연대경제 특강 개최(사회연대경제제도과).hwpx,hwpx,112126,extracted,,https://www.mois.go.kr/cmm/fms/FileDown.do?atchFileId=FILE_00142276Z2OWoA9&fileSn=0,1472
977,123401,2,260127 (16시) 이론부터 현장까지 사회연대경제 특강 개최(사회연대경제제도과).pdf,,,deferred,,https://www.mois.go.kr/cmm/fms/FileDown.do?atchFileId=FILE_00142276Z2OWoA9&fileSn=1,
978,123402,1,260127 (15시30분) 시민안전보험·공제 정부가 먼저 다가가 안내하고 더욱 신속히 지원합니다(재난보험과).hwpx,hwpx,190690,extracted,,https://www.mois.go.kr/cmm/fms/FileDown.do?atchFileId=FILE_00142277FmqEGye&fileSn=0,1559
978,123402,2,260127 (15시30분) 시민안전보험·공제 정부가 먼저 다가가 안내하고 더욱 신속히 지원합니다(재난보험과).pdf,,,deferred,,https://www.mois.go.kr/cmm/fms/FileDown.do?atchFileId=FILE_00142277FmqEGye&fileSn=1,
979,123400,1,260127 (조간) 2026년 올해의 섬으로 남해안 영해기점 유인섬 거문도 지정(균형발전진흥과).hwpx,hwpx,12563580,extracted,,https://www.mois.go.kr/cmm/fms/FileDown.do?atchFileId=FILE_00142275hnh_OQF&fileSn=0,2777
979,123400,2,260127 (조간) 2026년 올해의 섬으로 남해안 영해기점 유인섬 거문도 지정(균형발전진흥과).pdf,,,deferred,,https://www.mois.go.kr/cmm/fms/FileDown.do?atchFileId=FILE_00142275hnh_OQF&fileSn=1,
980,123399,1,260126 (조간) 행정안전부 지방행정 인허가 데이터 통합 개방(지역디지털협력과).hwpx,hwpx,132749,extracted,,https://www.mois.go.kr/cmm/fms/FileDown.do?atchFileId=FILE_00142274x1gXORn&fileSn=0,7088
980,123399,2,260126 (조간) 행정안전부 지방행정 인허가 데이터 통합 개방(지역디지털협력과).pdf,,,deferred,,https://www.mois.go.kr/cmm/fms/FileDown.do?atchFileId=FILE_00142274x1gXORn&fileSn=1,
981,123378,1,260124 (16시) 제출서류 간소화 기업도 편리하게(행정정보공유과).hwpx,hwpx,1476157,extracted,,https://www.mois.go.kr/cmm/fms/FileDown.do?atchFileId=FILE_00142187oAKlY3U&fileSn=0,4368
981,123378,2,260124 (16시) 제출서류 간소화 기업도 편리하게(행정정보공유과).pdf,,,deferred,,https://www.mois.go.kr/cmm/fms/FileDown.do?atchFileId=FILE_00142187oAKlY3U&fileSn=1,
982,123386,1,260123 (14시30분) 지속되는 강추위 대비 이동노동자 한파쉼터 현장 점검(재난관리정책과).hwpx,hwpx,3262490,extracted,,https://www.mois.go.kr/cmm/fms/FileDown.do?atchFileId=FILE_001422004MyWz5P&fileSn=0,959
982,123386,2,260123 (14시30분) 지속되는 강추위 대비 이동노동자 한파쉼터 현장 점검(재난관리정책과).pdf,,,deferred,,https://www.mois.go.kr/cmm/fms/FileDown.do?atchFileId=FILE_001422004MyWz5P&fileSn=1,
983,123379,1,260124 (14시) 공급부터 비축·운용까지 겨울철 제설제 수급 현황 점검(재난자원관리과).hwpx,hwpx,85977,extracted,,https://www.mois.go.kr/cmm/fms/FileDown.do?atchFileId=FILE_00142188JsTSmlg&fileSn=0,1182
983,123379,2,260124 (14시) 공급부터 비축·운용까지 겨울철 제설제 수급 현황 점검(재난자원관리과).pdf,,,deferred,,https://www.mois.go.kr/cmm/fms/FileDown.do?atchFileId=FILE_00142188JsTSmlg&fileSn=1,
984,123380,1,260124 (조간) 행정안전부 제5기 자체평가위원회 위원 위촉 및 전체회의 개최(성과관리담당관).hwpx,hwpx,241653,extracted,,https://www.mois.go.kr/cmm/fms/FileDown.do?atchFileId=FILE_00142189cLkxLFZ&fileSn=0,749
984,123380,2,260124 (조간) 행정안전부 제5기 자체평가위원회 위원 위촉 및 전체회의 개최(성과관리담당관).pdf,,,deferred,,https://www.mois.go.kr/cmm/fms/FileDown.do?atchFileId=FILE_00142189cLkxLFZ&fileSn=1,
985,123352,1,260123 (조간) 어선 충돌사고 방지를 위한 기술 개발 본격 착수(농축산해양재난대응과).hwpx,hwpx,183199,extracted,,https://www.mois.go.kr/cmm/fms/FileDown.do?atchFileId=FILE_00142180n84Bjs3&fileSn=0,911
985,123352,2,260123 (조간) 어선 충돌사고 방지를 위한 기술 개발 본격 착수(농축산해양재난대응과).pdf,,,deferred,,https://www.mois.go.kr/cmm/fms/FileDown.do?atchFileId=FILE_00142180n84Bjs3&fileSn=1,
986,123351,1,260123 (조간) 자유로운 호칭과 대화로 여는 유연한 공직사회 조직문화 혁신(행정제도과).hwpx,hwpx,236911,extracted,,https://www.mois.go.kr/cmm/fms/FileDown.do?atchFileId=FILE_00142179_GC0tgA&fileSn=0,1212
986,123351,2,260123 (조간) 자유로운 호칭과 대화로 여는 유연한 공직사회 조직문화 혁신(행정제도과).pdf,,,deferred,,https://www.mois.go.kr/cmm/fms/FileDown.do?atchFileId=FILE_00142179_GC0tgA&fileSn=1,
987,123349,1,260123 (조간) 주민의 손으로 직접 만드는 내일 주민자치회 전국 순회 토론회 개최(주민자치혁신과).hwpx,hwpx,307269,extracted,,https://www.mois.go.kr/cmm/fms/FileDown.do?atchFileId=FILE_0014217810x1aSl&fileSn=0,1073
987,123349,2,260123 (조간) 주민의 손으로 직접 만드는 내일 주민자치회 전국 순회 토론회 개최(주민자치혁신과).pdf,,,deferred,,https://www.mois.go.kr/cmm/fms/FileDown.do?atchFileId=FILE_0014217810x1aSl&fileSn=1,
988,123357,1,260121 (즉시) 행정안전부 장관 전남 광양시 산불 관련 긴급지시(환경산림재난대응과).hwpx,hwpx,232538,extracted,,https://www.mois.go.kr/cmm/fms/FileDown.do?atchFileId=FILE_00142185PtleQw-&fileSn=0,541
988,123357,2,260121 (즉시) 행정안전부 장관 전남 광양시 산불 관련 긴급지시(환경산림재난대응과).pdf,,,deferred,,https://www.mois.go.kr/cmm/fms/FileDown.do?atchFileId=FILE_00142185PtleQw-&fileSn=1,
989,123334,1,260122 (13시30분) 봄철 산불 범정부 선제적 대응 강화방안 논의(환경산림재난대응과).hwpx,hwpx,87304,extracted,,https://www.mois.go.kr/cmm/fms/FileDown.do?atchFileId=FILE_00142195swwROZT&fileSn=0,1138
989,123334,2,260122 (13시30분) 봄철 산불 범정부 선제적 대응 강화방안 논의(환경산림재난대응과).pdf,,,deferred,,https://www.mois.go.kr/cmm/fms/FileDown.do?atchFileId=FILE_00142195swwROZT&fileSn=1,
990,123333,1,260122 (조간) 언제 어디서든 편리하게 스마트폰으로 장애인 자격 확인 가능(국민맞춤서비스과).hwpx,hwpx,462609,extracted,,https://www.mois.go.kr/cmm/fms/FileDown.do?atchFileId=FILE_00142194o9Lcrof&fileSn=0,6006
990,123333,2,260122 (조간) 언제 어디서든 편리하게 스마트폰으로 장애인 자격 확인 가능(국민맞춤서비스과).pdf,,,deferred,,https://www.mois.go.kr/cmm/fms/FileDown.do?atchFileId=FILE_00142194o9Lcrof&fileSn=1,
991,123319,1,260120 (국무회의 종료시) 대규모 재난피해자 통합 지원 및 회복을 위한 제도 마련(안전정책총괄과).hwpx,hwpx,238079,extracted,,https://www.mois.go.kr/cmm/fms/FileDown.do?atchFileId=FILE_001421935-eHrEc&fileSn=0,1375
991,123319,2,260120 (국무회의 종료시) 대규모 재난피해자 통합 지원 및 회복을 위한 제도 마련(안전정책총괄과).pdf,,,deferred,,https://www.mois.go.kr/cmm/fms/FileDown.do?atchFileId=FILE_001421935-eHrEc&fileSn=1,
992,123318,1,260120 (국무회의 종료시) 기본적 삶 보장을 위한 컨트롤타워 기본사회위원회 설치된다(기본사회정책과).hwpx,hwpx,112442,extracted,,https://www.mois.go.kr/cmm/fms/FileDown.do?atchFileId=FILE_00142192E-gMIbg&fileSn=0,1414
992,123318,2,260120 (국무회의 종료시) 기본적 삶 보장을 위한 컨트롤타워 기본사회위원회 설치된다(기본사회정책과).pdf,,,deferred,,https://www.mois.go.kr/cmm/fms/FileDown.do?atchFileId=FILE_00142192E-gMIbg&fileSn=1,
993,123316,1,260120 (13시) 봄철 산불 범정부 대응체계 강화(환경산림재난대응과).hwpx,hwpx,90181,extracted,,https://www.mois.go.kr/cmm/fms/FileDown.do?atchFileId=FILE_00142201uI4tqAK&fileSn=0,931
993,123316,2,260120 (13시) 봄철 산불 범정부 대응체계 강화(환경산림재난대응과).pdf,,,deferred,,https://www.mois.go.kr/cmm/fms/FileDown.do?atchFileId=FILE_00142201uI4tqAK&fileSn=1,
994,123306,1,260121 (조간) 국가재난안전교육원-동강대학교 재난안전 교육 발전을 위한 업무협약 체결(국가재난안전교육원 기획협력과).hwpx,hwpx,108407,extracted,,https://www.mois.go.kr/cmm/fms/FileDown.do?atchFileId=FILE_00142146_XjW4bT&fileSn=0,954
994,123306,2,260121 (조간) 국가재난안전교육원-동강대학교 재난안전 교육 발전을 위한 업무협약 체결(국가재난안전교육원 기획협력과).pdf,,,deferred,,https://www.mois.go.kr/cmm/fms/FileDown.do?atchFileId=FILE_00142146_XjW4bT&fileSn=1,
995,123300,1,260119 (16시30분) 한파 재난 위기경보 주의 단계로 격상 비상대응체계 강화(기후재난관리과).hwpx,hwpx,1828137,extracted,,https://www.mois.go.kr/cmm/fms/FileDown.do?atchFileId=FILE_001421511HfJ3LP&fileSn=0,1699
995,123300,2,260119 (16시30분) 한파 재난 위기경보 주의 단계로 격상 비상대응체계 강화(기후재난관리과).pdf,,,deferred,,https://www.mois.go.kr/cmm/fms/FileDown.do?atchFileId=FILE_001421511HfJ3LP&fileSn=1,
996,123293,1,260120 (16시) 윤호중 장관 실무자들과 머리 맞대고 행정안전부 「정책플러스 토론회」 개최.hwpx,hwpx,239569,extracted,,https://www.mois.go.kr/cmm/fms/FileDown.do?atchFileId=FILE_00142142_W8Uxaf&fileSn=0,1404
996,123293,2,260120 (16시) 윤호중 장관 실무자들과 머리 맞대고 행정안전부 「정책플러스 토론회」 개최.pdf,,,deferred,,https://www.mois.go.kr/cmm/fms/FileDown.do?atchFileId=FILE_00142142_W8Uxaf&fileSn=1,
997,123277,1,260120 (15시) 치유와 참여로 만들어 가는 제주 공동체 현장 방문(자치행정과).pdf,,,deferred,,https://www.mois.go.kr/cmm/fms/FileDown.do?atchFileId=FILE_00142048x2H_9f5&fileSn=0,
997,123277,2,260120 (15시) 치유와 참여로 만들어 가는 제주 공동체 현장 방문(자치행정과).hwpx,hwpx,115856,extracted,,https://www.mois.go.kr/cmm/fms/FileDown.do?atchFileId=FILE_00142048x2H_9f5&fileSn=1,1669
998,123280,1,250119 (조간) 2026년 상반기 재난안전 혁신제품 지정 신청 접수(재난안전연구개발과).hwpx,hwpx,190527,extracted,,https://www.mois.go.kr/cmm/fms/FileDown.do?atchFileId=FILE_00142141Yk_mjzv&fileSn=0,840
998,123280,2,250119 (조간) 2026년 상반기 재난안전 혁신제품 지정 신청 접수(재난안전연구개발과).pdf,,,deferred,,https://www.mois.go.kr/cmm/fms/FileDown.do?atchFileId=FILE_00142141Yk_mjzv&fileSn=1,
999,123279,1,260119 (조간) 정부와 금융감독원·예금보험공사 합동 특별관리로 새마을금고의 건전성을 제고해 나간다.(지역금융지원과).hwpx,hwpx,200770,extracted,,https://www.mois.go.kr/cmm/fms/FileDown.do?atchFileId=FILE_001420507826O2B&fileSn=0,1948
999,123279,2,260119 (조간) 정부와 금융감독원·예금보험공사 합동 특별관리로 새마을금고의 건전성을 제고해 나간다.(지역금융지원과).pdf,,,deferred,,https://www.mois.go.kr/cmm/fms/FileDown.do?atchFileId=FILE_001420507826O2B&fileSn=1,
1000,123278,1,260119 (조간) 복잡한 행정절차 현실과 괴리된 제도 개선으로 국민 불편 해소(행정제도과).hwpx,hwpx,137618,extracted,,https://www.mois.go.kr/cmm/fms/FileDown.do?atchFileId=FILE_00142049S8GLfC1&fileSn=0,4573
1000,123278,2,260119 (조간) 복잡한 행정절차 현실과 괴리된 제도 개선으로 국민 불편 해소(행정제도과).pdf,,,deferred,,https://www.mois.go.kr/cmm/fms/FileDown.do?atchFileId=FILE_00142049S8GLfC1&fileSn=1,
1001,123272,1,260116 (17시) 올해 7월 1일 출범을 목표로 광주-전남 통합 논의(자치분권지원과).hwpx,hwpx,235623,extracted,,https://www.mois.go.kr/cmm/fms/FileDown.do?atchFileId=FILE_00142047EhG7YGU&fileSn=0,622
1001,123272,2,260116 (17시) 올해 7월 1일 출범을 목표로 광주-전남 통합 논의(자치분권지원과).pdf,,,deferred,,https://www.mois.go.kr/cmm/fms/FileDown.do?atchFileId=FILE_00142047EhG7YGU&fileSn=1,
1002,123236,1,260117 (13시30분) 수도권 지역 대설 대비 상황 현장점검(자연재난대응과).hwpx,hwpx,95832,extracted,,https://www.mois.go.kr/cmm/fms/FileDown.do?atchFileId=FILE_001421011a1AoDy&fileSn=0,787
1002,123236,2,260117 (13시30분) 수도권 지역 대설 대비 상황 현장점검(자연재난대응과).pdf,,,deferred,,https://www.mois.go.kr/cmm/fms/FileDown.do?atchFileId=FILE_001421011a1AoDy&fileSn=1,
1003,123262,1,260116 (즉시) 서울 구룡마을 화재 관련 긴급 지시(국토산업재난대응과).hwpx,hwpx,77989,extracted,,https://www.mois.go.kr/cmm/fms/FileDown.do?atchFileId=FILE_00142123mN-skxC&fileSn=0,508
1003,123262,2,260116 (즉시) 서울 구룡마을 화재 관련 긴급 지시(국토산업재난대응과).pdf,,,deferred,,https://www.mois.go.kr/cmm/fms/FileDown.do?atchFileId=FILE_00142123mN-skxC&fileSn=1,
1004,123188,1,260116 (조간) 청년의 도전이 지역의 활력으로! 2026년 청년마을 만들기 사업 공모(사회연대경제지원과).hwpx,hwpx,408375,extracted,,https://www.mois.go.kr/cmm/fms/FileDown.do?atchFileId=FILE_00141958xFGguCH&fileSn=0,1680
1004,123188,2,260116 (조간) 청년의 도전이 지역의 활력으로! 2026년 청년마을 만들기 사업 공모(사회연대경제지원과).pdf,,,deferred,,https://www.mois.go.kr/cmm/fms/FileDown.do?atchFileId=FILE_00141958xFGguCH&fileSn=1,
1005,123186,1,260116 (조간) 기본 안전수칙 준수로 주택화재 예방해요!(예방안전제도과).hwpx,hwpx,255522,extracted,,https://www.mois.go.kr/cmm/fms/FileDown.do?atchFileId=FILE_00141957fLUb_vn&fileSn=0,1979
1005,123186,2,260116 (조간) 기본 안전수칙 준수로 주택화재 예방해요!(예방안전제도과).pdf,,,deferred,,https://www.mois.go.kr/cmm/fms/FileDown.do?atchFileId=FILE_00141957fLUb_vn&fileSn=1,
1006,123175,1,260114 (17시) 행정안전부 산하기관(과거사·지방자치) 업무보고(자치행정과).hwpx,hwpx,108429,extracted,,https://www.mois.go.kr/cmm/fms/FileDown.do?atchFileId=FILE_00141955bl8wIIU&fileSn=0,3526
1006,123175,2,260114 (17시) 행정안전부 산하기관(과거사·지방자치) 업무보고(자치행정과).pdf,,,deferred,,https://www.mois.go.kr/cmm/fms/FileDown.do?atchFileId=FILE_00141955bl8wIIU&fileSn=1,
1007,123156,1,260115 (16시) 한파·무더위 쉼터 발전 방안 민·관이 함께 머리 맞댄다(기후재난관리과).hwpx,hwpx,11036999,extracted,,https://www.mois.go.kr/cmm/fms/FileDown.do?atchFileId=FILE_00142010-AKadqU&fileSn=0,2287
1007,123156,2,260115 (16시) 한파·무더위 쉼터 발전 방안 민·관이 함께 머리 맞댄다(기후재난관리과).pdf,,,deferred,,https://www.mois.go.kr/cmm/fms/FileDown.do?atchFileId=FILE_00142010-AKadqU&fileSn=1,
1008,123180,1,260114 (즉시) 행정안전부 장관 건조특보 등 산불위험 고조에 따른 선제적 산불방지 특별 지시(환경산림재난대응과).hwpx,hwpx,101147,extracted,,https://www.mois.go.kr/cmm/fms/FileDown.do?atchFileId=FILE_00142041PBT8EI9&fileSn=0,818
1008,123180,2,260114 (즉시) 행정안전부 장관 건조특보 등 산불위험 고조에 따른 선제적 산불방지 특별 지시(환경산림재난대응과).pdf,,,deferred,,https://www.mois.go.kr/cmm/fms/FileDown.do?atchFileId=FILE_00142041PBT8EI9&fileSn=1,
1009,123164,1,260114 (14시30분) 행정안전부 산하기관(상호부조·재정세제) 업무보고(재정정책과).hwpx,hwpx,115633,extracted,,https://www.mois.go.kr/cmm/fms/FileDown.do?atchFileId=FILE_00141954kz-QjbO&fileSn=0,3010
1009,123164,2,260114 (14시30분) 행정안전부 산하기관(상호부조·재정세제) 업무보고(재정정책과).pdf,,,deferred,,https://www.mois.go.kr/cmm/fms/FileDown.do?atchFileId=FILE_00141954kz-QjbO&fileSn=1,
1010,123155,1,260115 (조간) 1월 가뭄 예·경보 발표(기후재난관리과).hwpx,hwpx,20817181,extracted,,https://www.mois.go.kr/cmm/fms/FileDown.do?atchFileId=FILE_00142026lEUG3QP&fileSn=0,3333
1010,123155,2,260115 (조간) 1월 가뭄 예·경보 발표(기후재난관리과).pdf,,,deferred,,https://www.mois.go.kr/cmm/fms/FileDown.do?atchFileId=FILE_00142026lEUG3QP&fileSn=1,
1011,123139,1,260115 (조간) 지방규제혁신으로 민생경제 활성화에 기여한 규제혁신 우수 지자체 선정(민생경제지원과).hwpx,hwpx,126276,extracted,,https://www.mois.go.kr/cmm/fms/FileDown.do?atchFileId=FILE_00142012UYc5ZVz&fileSn=0,2647
1011,123139,2,260115 (조간) 지방규제혁신으로 민생경제 활성화에 기여한 규제혁신 우수 지자체 선정(민생경제지원과).pdf,,,deferred,,https://www.mois.go.kr/cmm/fms/FileDown.do?atchFileId=FILE_00142012UYc5ZVz&fileSn=1,
1012,123132,1,260113 (15시30분) 겨울철 가축질병 방역 강화를 위한 긴급 재정 지원(재난관리정책과).hwpx,hwpx,110912,extracted,,https://www.mois.go.kr/cmm/fms/FileDown.do?atchFileId=FILE_00141952X0oI0dd&fileSn=0,600
1012,123132,2,260113 (15시30분) 겨울철 가축질병 방역 강화를 위한 긴급 재정 지원(재난관리정책과).pdf,,,deferred,,https://www.mois.go.kr/cmm/fms/FileDown.do?atchFileId=FILE_00141952X0oI0dd&fileSn=1,
1013,123082,1,260114 (조간) 2024년 재해연보·재난연감 발간(사회재난대응총괄과).hwpx,hwpx,339441,extracted,,https://www.mois.go.kr/cmm/fms/FileDown.do?atchFileId=FILE_00141839NDIXYWB&fileSn=0,2122
1013,123082,2,260114 (조간) 2024년 재해연보·재난연감 발간(사회재난대응총괄과).pdf,,,deferred,,https://www.mois.go.kr/cmm/fms/FileDown.do?atchFileId=FILE_00141839NDIXYWB&fileSn=1,
1014,123068,1,260112 (14시) 공소청법안 및 중대범죄수사청법안 입법예고 실시(중대범죄수사청설립지원단).hwpx,hwpx,115970,extracted,,https://www.mois.go.kr/cmm/fms/FileDown.do?atchFileId=FILE_00141939X-ZjX7C&fileSn=0,7436
1014,123068,2,260112 (14시) 공소청법안 및 중대범죄수사청법안 입법예고 실시(중대범죄수사청설립지원단).pdf,,,deferred,,https://www.mois.go.kr/cmm/fms/FileDown.do?atchFileId=FILE_00141939X-ZjX7C&fileSn=1,
1015,123019,1,260113 (조간) 시도 시군구별 지역안전지수 공표(예방안전제도과).hwpx,hwpx,15938697,extracted,,https://www.mois.go.kr/cmm/fms/FileDown.do?atchFileId=FILE_00141884_-vftl-&fileSn=0,2368
1015,123019,2,260113 (조간) 시도 시군구별 지역안전지수 공표(예방안전제도과).pdf,,,deferred,,https://www.mois.go.kr/cmm/fms/FileDown.do?atchFileId=FILE_00141884_-vftl-&fileSn=1,
1016,123006,1,260113 (조간) 우리나라 최서북단 서해 5도 주민 매월 20만 원 지원금 받는다(균형발전진흥과).pdf,,,deferred,,https://www.mois.go.kr/cmm/fms/FileDown.do?atchFileId=FILE_00141882sLaCYCg&fileSn=0,
1016,123006,2,260113 (조간) 우리나라 최서북단 서해 5도 주민 매월 20만 원 지원금 받는다(균형발전진흥과).hwpx,hwpx,2692457,extracted,,https://www.mois.go.kr/cmm/fms/FileDown.do?atchFileId=FILE_00141882sLaCYCg&fileSn=1,1311
1017,123020,1,260112 (조간) 2026년 재난안전 연구개발사업 신규과제 수행기관 공모(재난안전연구개발과).hwpx,hwpx,204943,extracted,,https://www.mois.go.kr/cmm/fms/FileDown.do?atchFileId=FILE_00141925txAADbC&fileSn=0,3133
1017,123020,2,260112 (조간) 2026년 재난안전 연구개발사업 신규과제 수행기관 공모(재난안전연구개발과).pdf,,,deferred,,https://www.mois.go.kr/cmm/fms/FileDown.do?atchFileId=FILE_00141925txAADbC&fileSn=1,
1018,123005,1,260112 (조간) 지방공공기관 중대재해 안전경영 책임 강화로 철저히 예방한다(지방공기업정책과).hwpx,hwpx,118462,extracted,,https://www.mois.go.kr/cmm/fms/FileDown.do?atchFileId=FILE_0014188151nUqtt&fileSn=0,1751
1018,123005,2,260112 (조간) 지방공공기관 중대재해 안전경영 책임 강화로 철저히 예방한다(지방공기업정책과).pdf,,,deferred,,https://www.mois.go.kr/cmm/fms/FileDown.do?atchFileId=FILE_0014188151nUqtt&fileSn=1,
1019,123004,1,260112 (조간) 연말정산용 증명서 정부24에서 간편하게 발급하세요(통합포털정책과).pdf,,,deferred,,https://www.mois.go.kr/cmm/fms/FileDown.do?atchFileId=FILE_00141880zh2Xt0A&fileSn=0,
1019,123004,2,260112 (조간) 연말정산용 증명서 정부24에서 간편하게 발급하세요(통합포털정책과).hwpx,hwpx,2188173,extracted,,https://www.mois.go.kr/cmm/fms/FileDown.do?atchFileId=FILE_00141880zh2Xt0A&fileSn=1,2270
1020,123059,1,260111 (17시) 한파·대설 대비 취약계층 보호대책 현장점검(기후재난관리과).hwpx,hwpx,91030,extracted,,https://www.mois.go.kr/cmm/fms/FileDown.do?atchFileId=FILE_00141924BMedYmB&fileSn=0,1049
1020,123059,2,260111 (17시) 한파·대설 대비 취약계층 보호대책 현장점검(기후재난관리과).pdf,,,deferred,,https://www.mois.go.kr/cmm/fms/FileDown.do?atchFileId=FILE_00141924BMedYmB&fileSn=1,
1021,123057,1,260110 (즉시) 충북 전북 경북 등 대설특보 중앙재난안전대책본부 1단계 선제적 가동(자연재난대응과).hwpx,hwpx,3410082,extracted,,https://www.mois.go.kr/cmm/fms/FileDown.do?atchFileId=FILE_00141923D3_JPD7&fileSn=0,1031
1021,123057,2,260110 (즉시) 충북 전북 경북 등 대설특보 중앙재난안전대책본부 1단계 선제적 가동(자연재난대응과).pdf,,,deferred,,https://www.mois.go.kr/cmm/fms/FileDown.do?atchFileId=FILE_00141923D3_JPD7&fileSn=1,
1022,123051,1,260110 (즉시) 주말 강풍을 동반한 최대 20cm이상 폭설과 전국 한파 관계기관 대처 상황 긴급 점검(자연재난대응과).hwpx,hwpx,3564266,extracted,,https://www.mois.go.kr/cmm/fms/FileDown.do?atchFileId=FILE_00141921SevdyZH&fileSn=0,1976
1022,123051,2,260110 (즉시) 주말 강풍을 동반한 최대 20cm이상 폭설과 전국 한파 관계기관 대처 상황 긴급 점검(자연재난대응과).pdf,,,deferred,,https://www.mois.go.kr/cmm/fms/FileDown.do?atchFileId=FILE_00141921SevdyZH&fileSn=1,
1023,123054,1,260110 (즉시) 행정안전부 장관 경북 의성군 산불 관련 긴급 지시(환경산림재난대응과).hwpx,hwpx,108133,extracted,,https://www.mois.go.kr/cmm/fms/FileDown.do?atchFileId=FILE_00141922jLLLRbd&fileSn=0,418
1023,123054,2,260110 (즉시) 행정안전부 장관 경북 의성군 산불 관련 긴급 지시(환경산림재난대응과).pdf,,,deferred,,https://www.mois.go.kr/cmm/fms/FileDown.do?atchFileId=FILE_00141922jLLLRbd&fileSn=1,
1024,123050,1,260110 (즉시) 한파 대비 위기경보단계 격상(관심→주의) 범정부 총력 대응 강화(기후재난관리과).hwpx,hwpx,301777,extracted,,https://www.mois.go.kr/cmm/fms/FileDown.do?atchFileId=FILE_001418707BYbR-U&fileSn=0,1255
1024,123050,2,260110 (즉시) 한파 대비 위기경보단계 격상(관심→주의) 범정부 총력 대응 강화(기후재난관리과).pdf,,,deferred,,https://www.mois.go.kr/cmm/fms/FileDown.do?atchFileId=FILE_001418707BYbR-U&fileSn=1,
1025,123013,1,260109 (16시) 겨울철 한파 대비 시설 긴급 현장점검(기후재난관리과).hwpx,hwpx,240487,extracted,,https://www.mois.go.kr/cmm/fms/FileDown.do?atchFileId=FILE_00141865rjRuy7r&fileSn=0,768
1025,123013,2,260109 (16시) 겨울철 한파 대비 시설 긴급 현장점검(기후재난관리과).pdf,,,deferred,,https://www.mois.go.kr/cmm/fms/FileDown.do?atchFileId=FILE_00141865rjRuy7r&fileSn=1,
1026,122975,1,260108 (17시30분) 행정안전부 산하기관(디지털·안전분야) 업무보고(인공지능정부정책과).pdf,,,deferred,,https://www.mois.go.kr/cmm/fms/FileDown.do?atchFileId=FILE_00141852nO4QwD2&fileSn=0,
1026,122975,2,260108 (17시30분) 행정안전부 산하기관(디지털·안전분야) 업무보고(인공지능정부정책과).hwpx,hwpx,115803,extracted,,https://www.mois.go.kr/cmm/fms/FileDown.do?atchFileId=FILE_00141852nO4QwD2&fileSn=1,2875
1027,122980,1,260108 (16시50분) 1.9~12일 대설·한파 대비 관계기관 대책 점검(자연재난대응과).hwpx,hwpx,3558346,extracted,,https://www.mois.go.kr/cmm/fms/FileDown.do?atchFileId=FILE_00141847-uZ_aHY&fileSn=0,1538
1027,122980,2,260108 (16시50분) 1.9~12일 대설·한파 대비 관계기관 대책 점검(자연재난대응과).pdf,,,deferred,,https://www.mois.go.kr/cmm/fms/FileDown.do?atchFileId=FILE_00141847-uZ_aHY&fileSn=1,
1028,122966,1,260109 (15시) 한국과 일본 재난안전 기술 공유로 상호협력 체계 강화한다(재난관리정책과).pdf,,,deferred,,https://www.mois.go.kr/cmm/fms/FileDown.do?atchFileId=FILE_00141817faaeCQe&fileSn=0,
1028,122966,2,260109 (15시) 한국과 일본 재난안전 기술 공유로 상호협력 체계 강화한다(재난관리정책과).hwpx,hwpx,185043,extracted,,https://www.mois.go.kr/cmm/fms/FileDown.do?atchFileId=FILE_00141817faaeCQe&fileSn=1,1057
1029,122965,1,260109 (조간) 안전도 배우고 추억도 쌓고 온 가족이 함께 재난안전을 체험해 보세요(국가재난안전교육원 민방위비상대비교육과).pdf,,,deferred,,https://www.mois.go.kr/cmm/fms/FileDown.do?atchFileId=FILE_001418163cDk_F3&fileSn=0,
1029,122965,2,260109 (조간) 안전도 배우고 추억도 쌓고 온 가족이 함께 재난안전을 체험해 보세요(국가재난안전교육원 민방위비상대비교육과).hwpx,hwpx,1723834,extracted,,https://www.mois.go.kr/cmm/fms/FileDown.do?atchFileId=FILE_001418163cDk_F3&fileSn=1,2018
1030,122964,1,260109 (조간) 국가재난안전교육원-한국지방재정공제회 재난안전 교육·연구 발전을 위한 업무협약 체결(국가재난안전교육원 기획협력과).pdf,,,deferred,,https://www.mois.go.kr/cmm/fms/FileDown.do?atchFileId=FILE_00141815BeWpxAX&fileSn=0,
1030,122964,2,260109 (조간) 국가재난안전교육원-한국지방재정공제회 재난안전 교육·연구 발전을 위한 업무협약 체결(국가재난안전교육원 기획협력과).hwpx,hwpx,117224,extracted,,https://www.mois.go.kr/cmm/fms/FileDown.do?atchFileId=FILE_00141815BeWpxAX&fileSn=1,801
1031,122940,1,260108 (14시) 현장의 촘촘한 방역관리로 고병원성 조류 인플루엔자 확산 저지 총력(농축산해양재난대응과).pdf,,,deferred,,https://www.mois.go.kr/cmm/fms/FileDown.do?atchFileId=FILE_00141806c3TIUzc&fileSn=0,
1031,122940,2,260108 (14시) 현장의 촘촘한 방역관리로 고병원성 조류 인플루엔자 확산 저지 총력(농축산해양재난대응과).hwpx,hwpx,1607980,extracted,,https://www.mois.go.kr/cmm/fms/FileDown.do?atchFileId=FILE_00141806c3TIUzc&fileSn=1,993
1032,122941,1,260108 (조간) 재난·사고를 규명하는 국과수 감정관들 제11회 대한민국 공무원상 수상(국립과학수사연구원 행정지원과).hwpx,hwpx,119435,extracted,,https://www.mois.go.kr/cmm/fms/FileDown.do?atchFileId=FILE_00141813F7AfyFm&fileSn=0,1524
1032,122941,2,260108 (조간) 재난·사고를 규명하는 국과수 감정관들 제11회 대한민국 공무원상 수상(국립과학수사연구원 행정지원과).pdf,,,deferred,,https://www.mois.go.kr/cmm/fms/FileDown.do?atchFileId=FILE_00141813F7AfyFm&fileSn=1,
1033,122951,1,260107 (11시) 경찰·소방청과 행정안전부 소속 산하기관 업무보고 국민에게 공개한다(기획재정담당관).pdf,,,deferred,,https://www.mois.go.kr/cmm/fms/FileDown.do?atchFileId=FILE_00141811_eXvBIT&fileSn=0,
1033,122951,2,260107 (11시) 경찰·소방청과 행정안전부 소속 산하기관 업무보고 국민에게 공개한다(기획재정담당관).hwpx,hwpx,298072,extracted,,https://www.mois.go.kr/cmm/fms/FileDown.do?atchFileId=FILE_00141811_eXvBIT&fileSn=1,1646
1034,122913,1,260107 (16시) TOP 100 공공데이터로 AI 민주정부 뒷받침 공공데이터전략위 개최(공공데이터정책과).pdf,,,deferred,,https://www.mois.go.kr/cmm/fms/FileDown.do?atchFileId=FILE_00141716W39jiBC&fileSn=0,
1034,122913,2,260107 (16시) TOP 100 공공데이터로 AI 민주정부 뒷받침 공공데이터전략위 개최(공공데이터정책과).hwpx,hwpx,250991,extracted,,https://www.mois.go.kr/cmm/fms/FileDown.do?atchFileId=FILE_00141716W39jiBC&fileSn=1,2308
1035,122914,1,260107 (조간) 눈꽃 속 온기를 느낄 수 있는 『겨울철 찾기 좋은 온천』 6곳 선정(균형발전진흥과).pdf,,,deferred,,https://www.mois.go.kr/cmm/fms/FileDown.do?atchFileId=FILE_00141801LboJupJ&fileSn=0,
1035,122914,2,260107 (조간) 눈꽃 속 온기를 느낄 수 있는 『겨울철 찾기 좋은 온천』 6곳 선정(균형발전진흥과).hwpx,hwpx,7548873,extracted,,https://www.mois.go.kr/cmm/fms/FileDown.do?atchFileId=FILE_00141801LboJupJ&fileSn=1,2783
1036,122883,1,260105 (조간) 2025년 재해복구사업 신속 추진에 총력(복구지원과).hwpx,hwpx,188166,extracted,,https://www.mois.go.kr/cmm/fms/FileDown.do?atchFileId=FILE_0014174764FV9mZ&fileSn=0,1666
1036,122883,2,260105 (조간) 2025년 재해복구사업 신속 추진에 총력(복구지원과).pdf,,,deferred,,https://www.mois.go.kr/cmm/fms/FileDown.do?atchFileId=FILE_0014174764FV9mZ&fileSn=1,
1037,122882,1,260105 (조간) 2025년 출생(등록)자 수 26만 명 2년 연속 증가세(주민과).hwpx,hwpx,85435,extracted,,https://www.mois.go.kr/cmm/fms/FileDown.do?atchFileId=FILE_00141746z2tWyEX&fileSn=0,4105
1037,122882,2,260105 (조간) 2025년 출생(등록)자 수 26만 명 2년 연속 증가세(주민과).pdf,,,deferred,,https://www.mois.go.kr/cmm/fms/FileDown.do?atchFileId=FILE_00141746z2tWyEX&fileSn=1,
1038,122861,1,260102 (즉시) 2025년도 고향사랑기부 모금 1500억 원 달성(균형발전진흥과).hwpx,hwpx,235192,extracted,,https://www.mois.go.kr/cmm/fms/FileDown.do?atchFileId=FILE_00141741_RKQb30&fileSn=0,1444
1038,122861,2,260102 (즉시) 2025년도 고향사랑기부 모금 1500억 원 달성(균형발전진흥과).pdf,,,deferred,,https://www.mois.go.kr/cmm/fms/FileDown.do?atchFileId=FILE_00141741_RKQb30&fileSn=1,
1039,122851,1,260102 (조간) 2026년 새해부터 달라지는 지방세제(지방세정책과).hwpx,hwpx,698669,extracted,,https://www.mois.go.kr/cmm/fms/FileDown.do?atchFileId=FILE_00141697bJkK5sh&fileSn=0,3830
1039,122851,2,260102 (조간) 2026년 새해부터 달라지는 지방세제(지방세정책과).pdf,,,deferred,,https://www.mois.go.kr/cmm/fms/FileDown.do?atchFileId=FILE_00141697bJkK5sh&fileSn=1,
1040,122835,1,260102 (조간) 2026년 새해 행정안전부 달라지는 제도(기획재정담당관).hwpx,hwpx,257961,extracted,,https://www.mois.go.kr/cmm/fms/FileDown.do?atchFileId=FILE_00141695Ylj87uq&fileSn=0,5826
1040,122835,2,260102 (조간) 2026년 새해 행정안전부 달라지는 제도(기획재정담당관).pdf,,,deferred,,https://www.mois.go.kr/cmm/fms/FileDown.do?atchFileId=FILE_00141695Ylj87uq&fileSn=1,
1041,122834,1,260102 (조간) 일상과 현장에 꼭 필요한 우수 재난안전제품을 찾습니다!(재난안전산업과).hwpx,hwpx,2752999,extracted,,https://www.mois.go.kr/cmm/fms/FileDown.do?atchFileId=FILE_00141693CJhpuaO&fileSn=0,4467
1041,122834,2,260102 (조간) 일상과 현장에 꼭 필요한 우수 재난안전제품을 찾습니다!(재난안전산업과).pdf,,,deferred,,https://www.mois.go.kr/cmm/fms/FileDown.do?atchFileId=FILE_00141693CJhpuaO&fileSn=1,
1042,122805,1,260101 (18시30분) 행정안전부 장관 보신각 타종행사 현장 점검(재난안전점검과).hwpx,hwpx,349584,extracted,,https://www.mois.go.kr/cmm/fms/FileDown.do?atchFileId=FILE_00141656g_kE5ae&fileSn=0,1419
1042,122805,2,260101 (18시30분) 행정안전부 장관 보신각 타종행사 현장 점검(재난안전점검과).pdf,,,deferred,,https://www.mois.go.kr/cmm/fms/FileDown.do?atchFileId=FILE_00141656g_kE5ae&fileSn=1,
1043,122788,1,251231 (17시) 차가운 겨울 연탄처럼 뜨거운 연대로 극복!사회연대경제 민관협력 현장방문(자치행정과).pdf,,,deferred,,https://www.mois.go.kr/cmm/fms/FileDown.do?atchFileId=FILE_00141651PSNYnN7&fileSn=0,
1043,122788,2,251231 (17시) 차가운 겨울 연탄처럼 뜨거운 연대로 극복!사회연대경제 민관협력 현장방문(자치행정과).hwpx,hwpx,359024,extracted,,https://www.mois.go.kr/cmm/fms/FileDown.do?atchFileId=FILE_00141651PSNYnN7&fileSn=1,1943
1044,122810,1,251230 (16시) 한파 재난 위기경보 주의 단계로 격상 관계기관 총력 대응(기후재난관리과).hwpx,hwpx,1874854,extracted,,https://www.mois.go.kr/cmm/fms/FileDown.do?atchFileId=FILE_00141635P18lJvL&fileSn=0,1559
1044,122810,2,251230 (16시) 한파 재난 위기경보 주의 단계로 격상 관계기관 총력 대응(기후재난관리과).pdf,,,deferred,,https://www.mois.go.kr/cmm/fms/FileDown.do?atchFileId=FILE_00141635P18lJvL&fileSn=1,
1045,122798,1,251230 (국무회의종료시) 2026년 지방공무원 보수 3.5_ 인상 현장 실무직 처우개선 및 우수 공무원 보상 강화(지방인사제도과).pdf,,,deferred,,https://www.mois.go.kr/cmm/fms/FileDown.do?atchFileId=FILE_00141654V3X_RVE&fileSn=0,
1045,122798,2,251230 (국무회의종료시) 2026년 지방공무원 보수 3.5_ 인상 현장 실무직 처우개선 및 우수 공무원 보상 강화(지방인사제도과).hwpx,hwpx,368716,extracted,,https://www.mois.go.kr/cmm/fms/FileDown.do?atchFileId=FILE_00141654V3X_RVE&fileSn=1,3599
1046,122790,1,251231 (조간) 인구감소관심지역 18곳 지정 인구 위기 ‘관심단계’부터 체계적으로 지원한다(균형발전제도과).pdf,,,deferred,,https://www.mois.go.kr/cmm/fms/FileDown.do?atchFileId=FILE_00141652NaI-tco&fileSn=0,
1046,122790,2,251231 (조간) 인구감소관심지역 18곳 지정 인구 위기 ‘관심단계’부터 체계적으로 지원한다(균형발전제도과).hwpx,hwpx,3068803,extracted,,https://www.mois.go.kr/cmm/fms/FileDown.do?atchFileId=FILE_00141652NaI-tco&fileSn=1,2528
1047,122781,1,251231 (조간) 2026년 소방안전교부세 17개 시·도에 1조 503억 원 교부(안전사업조정과).pdf,,,deferred,,https://www.mois.go.kr/cmm/fms/FileDown.do?atchFileId=FILE_00141618b45PVdK&fileSn=0,
1047,122781,2,251231 (조간) 2026년 소방안전교부세 17개 시·도에 1조 503억 원 교부(안전사업조정과).hwpx,hwpx,3674895,extracted,,https://www.mois.go.kr/cmm/fms/FileDown.do?atchFileId=FILE_00141618b45PVdK&fileSn=1,1861
1048,122780,1,251231 (조간) 재난안전·민원 분야 지방공무원 인사상 우대 강화한다 (지방인사제도과).pdf,,,deferred,,https://www.mois.go.kr/cmm/fms/FileDown.do?atchFileId=FILE_00141617jffBN6x&fileSn=0,
1048,122780,2,251231 (조간) 재난안전·민원 분야 지방공무원 인사상 우대 강화한다 (지방인사제도과).hwpx,hwpx,214305,extracted,,https://www.mois.go.kr/cmm/fms/FileDown.do?atchFileId=FILE_00141617jffBN6x&fileSn=1,2368
1049,122779,1,251231 (조간) 2025년 공공앱 운영 성과평가 결과 공개 (디지털인프라혁신과).pdf,,,deferred,,https://www.mois.go.kr/cmm/fms/FileDown.do?atchFileId=FILE_00141616bfmcTAy&fileSn=0,
1049,122779,2,251231 (조간) 2025년 공공앱 운영 성과평가 결과 공개 (디지털인프라혁신과).hwpx,hwpx,506692,extracted,,https://www.mois.go.kr/cmm/fms/FileDown.do?atchFileId=FILE_00141616bfmcTAy&fileSn=1,2114
1050,122777,1,251230 (11시) 소상공인등에 대한 국유재산.공유재산 임대료 부담 완화 기간 1년 연장(공유재산정책과).pdf,,,deferred,,https://www.mois.go.kr/cmm/fms/FileDown.do?atchFileId=FILE_001416143eaf6Ma&fileSn=0,
1050,122777,2,251230 (11시) 소상공인등에 대한 국유재산.공유재산 임대료 부담 완화 기간 1년 연장(공유재산정책과).hwpx,hwpx,123875,extracted,,https://www.mois.go.kr/cmm/fms/FileDown.do?atchFileId=FILE_001416143eaf6Ma&fileSn=1,1030
1051,122775,1,251230 (09시30분) 국가정보자원관리원 709개 시스템 전체 복구 완료(인공지능정부정책과).pdf,,,deferred,,https://www.mois.go.kr/cmm/fms/FileDown.do?atchFileId=FILE_00141612oWrY3W3&fileSn=0,
1051,122775,2,251230 (09시30분) 국가정보자원관리원 709개 시스템 전체 복구 완료(인공지능정부정책과).hwpx,hwpx,349827,extracted,,https://www.mois.go.kr/cmm/fms/FileDown.do?atchFileId=FILE_00141612oWrY3W3&fileSn=1,1166
1052,122776,1,251230 (09시) 폐현수막 버려지는 폐기물에서 자원으로 (주소정보혁신과).pdf,,,deferred,,https://www.mois.go.kr/cmm/fms/FileDown.do?atchFileId=FILE_00141613hywnLKg&fileSn=0,
1052,122776,2,251230 (09시) 폐현수막 버려지는 폐기물에서 자원으로 (주소정보혁신과).hwpx,hwpx,6168688,extracted,,https://www.mois.go.kr/cmm/fms/FileDown.do?atchFileId=FILE_00141613hywnLKg&fileSn=1,3347
1053,122758,1,251230 (14시30분) 우키시마호 명부 분석 3차 경과 보고회 개최 (과거사관련업무지원단 대일항쟁기강제동원피해지원과).pdf,,,deferred,,https://www.mois.go.kr/cmm/fms/FileDown.do?atchFileId=FILE_00141611MLvRzI-&fileSn=0,
1053,122758,2,251230 (14시30분) 우키시마호 명부 분석 3차 경과 보고회 개최 (과거사관련업무지원단 대일항쟁기강제동원피해지원과).hwpx,hwpx,1577484,extracted,,https://www.mois.go.kr/cmm/fms/FileDown.do?atchFileId=FILE_00141611MLvRzI-&fileSn=1,2789
1054,122757,1,251230 (14시30분) 국민안전의 더 나은 내일을 함께 여는 2025 대한민국 안전동행 한마음 행사 개최(안전문화교육과).pdf,,,deferred,,https://www.mois.go.kr/cmm/fms/FileDown.do?atchFileId=FILE_001415500uVWE4M&fileSn=0,
1054,122757,2,251230 (14시30분) 국민안전의 더 나은 내일을 함께 여는 2025 대한민국 안전동행 한마음 행사 개최(안전문화교육과).hwpx,hwpx,7807520,extracted,,https://www.mois.go.kr/cmm/fms/FileDown.do?atchFileId=FILE_001415500uVWE4M&fileSn=1,1674
1055,122721,1,251230 (조간) 해넘이·해맞이 산행 안전에 주의하세요!(예방안전제도과).pdf,,,deferred,,https://www.mois.go.kr/cmm/fms/FileDown.do?atchFileId=FILE_00141588m9E8uaQ&fileSn=0,
1055,122721,2,251230 (조간) 해넘이·해맞이 산행 안전에 주의하세요!(예방안전제도과).hwpx,hwpx,461414,extracted,,https://www.mois.go.kr/cmm/fms/FileDown.do?atchFileId=FILE_00141588m9E8uaQ&fileSn=1,1501
1056,122720,1,251230 (조간) ‘국장님 대신 황반장님’ 호칭부터 바꾸는 조직문화 혁신 시도 (행정제도과).pdf,,,deferred,,https://www.mois.go.kr/cmm/fms/FileDown.do?atchFileId=FILE_001415871lE-q_a&fileSn=0,
1056,122720,2,251230 (조간) ‘국장님 대신 황반장님’ 호칭부터 바꾸는 조직문화 혁신 시도 (행정제도과).hwpx,hwpx,351869,extracted,,https://www.mois.go.kr/cmm/fms/FileDown.do?atchFileId=FILE_001415871lE-q_a&fileSn=1,974
1057,122717,1,251229 (조간) 2026년 달라지는 풍수해·지진재해보험 보장은 더 두텁게 가입은 더 편리하게(재난보험과).pdf,,,deferred,,https://www.mois.go.kr/cmm/fms/FileDown.do?atchFileId=FILE_00141585a87jMgS&fileSn=0,
1057,122717,2,251229 (조간) 2026년 달라지는 풍수해·지진재해보험 보장은 더 두텁게 가입은 더 편리하게(재난보험과).hwpx,hwpx,198971,extracted,,https://www.mois.go.kr/cmm/fms/FileDown.do?atchFileId=FILE_00141585a87jMgS&fileSn=1,2167
1058,122716,1,251229 (조간) 정부와 공공기관의 재난·안전업무 최우선 원칙으로 바로 세웁니다(재난대응총괄과).hwpx,hwpx,192105,extracted,,https://www.mois.go.kr/cmm/fms/FileDown.do?atchFileId=FILE_00141566rQi5H7D&fileSn=0,1697
1058,122716,2,251229 (조간) 정부와 공공기관의 재난·안전업무 최우선 원칙으로 바로 세웁니다(재난대응총괄과).pdf,,,deferred,,https://www.mois.go.kr/cmm/fms/FileDown.do?atchFileId=FILE_00141566rQi5H7D&fileSn=1,
1059,122715,1,251229 (조간) 잦아지는 극한호우 대비 재해 예방 기준 대폭 상향한다(재난영향분석과).pdf,,,deferred,,https://www.mois.go.kr/cmm/fms/FileDown.do?atchFileId=FILE_00141583WIgPV2h&fileSn=0,
1059,122715,2,251229 (조간) 잦아지는 극한호우 대비 재해 예방 기준 대폭 상향한다(재난영향분석과).hwpx,hwpx,225412,extracted,,https://www.mois.go.kr/cmm/fms/FileDown.do?atchFileId=FILE_00141583WIgPV2h&fileSn=1,2147
1060,122714,1,251229 (조간) ‘간부 모시는 날’ 근절 열린 소통 문화로 변화하는 공직사회 (행정제도과).pdf,,,deferred,,https://www.mois.go.kr/cmm/fms/FileDown.do?atchFileId=FILE_00141582qCOgvmv&fileSn=0,
1060,122714,2,251229 (조간) ‘간부 모시는 날’ 근절 열린 소통 문화로 변화하는 공직사회 (행정제도과).hwp,hwp,368640,extracted,,https://www.mois.go.kr/cmm/fms/FileDown.do?atchFileId=FILE_00141582qCOgvmv&fileSn=1,2214
1061,122703,1,251227 (15시) 연말의 온기를 전하는 고향사랑기부 13월의 월급 세액공제 혜택까지 챙기세요 (균형발전진흥과).hwpx,hwpx,14637967,extracted,,https://www.mois.go.kr/cmm/fms/FileDown.do?atchFileId=FILE_00141525TI6xDfW&fileSn=0,1762
1061,122703,2,251227 (15시) 연말의 온기를 전하는 고향사랑기부 13월의 월급 세액공제 혜택까지 챙기세요 (균형발전진흥과).pdf,,,deferred,,https://www.mois.go.kr/cmm/fms/FileDown.do?atchFileId=FILE_00141525TI6xDfW&fileSn=1,
1062,122695,1,251226 (9시) 국민의례 알기 쉽게 홍보영상으로 제작해 대국민 공개 (의정담당관).pdf,,,deferred,,https://www.mois.go.kr/cmm/fms/FileDown.do?atchFileId=FILE_00141552VgqHrwp&fileSn=0,
1062,122695,2,251226 (9시) 국민의례 알기 쉽게 홍보영상으로 제작해 대국민 공개 (의정담당관).hwpx,hwpx,348227,extracted,,https://www.mois.go.kr/cmm/fms/FileDown.do?atchFileId=FILE_00141552VgqHrwp&fileSn=1,1036
1063,122694,1,251226 (조간) 한-유네스코 세계기록유산 협정 갱신으로 ICDH 기록유산 정보 허브로 자리매김 (국가기록원 기록협력과).pdf,,,deferred,,https://www.mois.go.kr/cmm/fms/FileDown.do?atchFileId=FILE_001415511mRYYrh&fileSn=0,
1063,122694,2,251226 (조간) 한-유네스코 세계기록유산 협정 갱신으로 ICDH 기록유산 정보 허브로 자리매김 (국가기록원 기록협력과).hwpx,hwpx,107800,extracted,,https://www.mois.go.kr/cmm/fms/FileDown.do?atchFileId=FILE_001415511mRYYrh&fileSn=1,2420
1064,122693,1,251226 (조간) 재정 확충에 발벗고 나선 지방정부 전년대비 지방세외수입 징수율 상승 (지방소득소비세제과).pdf,,,deferred,,https://www.mois.go.kr/cmm/fms/FileDown.do?atchFileId=FILE_00141470CpmGm3o&fileSn=0,
1064,122693,2,251226 (조간) 재정 확충에 발벗고 나선 지방정부 전년대비 지방세외수입 징수율 상승 (지방소득소비세제과).hwpx,hwpx,133656,extracted,,https://www.mois.go.kr/cmm/fms/FileDown.do?atchFileId=FILE_00141470CpmGm3o&fileSn=1,2246
1065,122689,1,251224 (18시30분) 연말연시 대설·한파 대비 관계기관 대책 점검(자연재난대응과).hwpx,hwpx,3476409,extracted,,https://www.mois.go.kr/cmm/fms/FileDown.do?atchFileId=FILE_00141469_mOSMpL&fileSn=0,1202
1065,122689,2,251224 (18시30분) 연말연시 대설·한파 대비 관계기관 대책 점검(자연재난대응과).pdf,,,deferred,,https://www.mois.go.kr/cmm/fms/FileDown.do?atchFileId=FILE_00141469_mOSMpL&fileSn=1,
1066,122661,1,251225 (16시) 성탄절 인파사고 없도록 현장 안전관리 총력 기울인다(사회재난대응총괄과).pdf,,,deferred,,https://www.mois.go.kr/cmm/fms/FileDown.do?atchFileId=FILE_00141459uHl2SJj&fileSn=0,
1066,122661,2,251225 (16시) 성탄절 인파사고 없도록 현장 안전관리 총력 기울인다(사회재난대응총괄과).hwpx,hwpx,189007,extracted,,https://www.mois.go.kr/cmm/fms/FileDown.do?atchFileId=FILE_00141459uHl2SJj&fileSn=1,1062
1067,122685,1,251225 (목조간) 사회연대경제와 AI가 함께하는 정부 중앙과 지방이 다시 달리는 2026년 (자치행정과).pdf,,,deferred,,https://www.mois.go.kr/cmm/fms/FileDown.do?atchFileId=FILE_00141468NxUh8qZ&fileSn=0,
1067,122685,2,251225 (목조간) 사회연대경제와 AI가 함께하는 정부 중앙과 지방이 다시 달리는 2026년 (자치행정과).hwpx,hwpx,172158,extracted,,https://www.mois.go.kr/cmm/fms/FileDown.do?atchFileId=FILE_00141468NxUh8qZ&fileSn=1,1624
1068,122663,1,251224 (10시) 충남-대전(대전-충남) 통합특별시 전폭적인 특례 제공을 위한 범정부 논의 (범정부지방행정체제개편지원단).pdf,,,deferred,,https://www.mois.go.kr/cmm/fms/FileDown.do?atchFileId=FILE_00141467-yd5_pf&fileSn=0,
1068,122663,2,251224 (10시) 충남-대전(대전-충남) 통합특별시 전폭적인 특례 제공을 위한 범정부 논의 (범정부지방행정체제개편지원단).hwpx,hwpx,358931,extracted,,https://www.mois.go.kr/cmm/fms/FileDown.do?atchFileId=FILE_00141467-yd5_pf&fileSn=1,762
1069,122630,1,251224 (16시) 국민 중심의 민원행정 함께 만드는 행복한 정부 (민원제도과).hwpx,hwpx,106697,extracted,,https://www.mois.go.kr/cmm/fms/FileDown.do?atchFileId=FILE_00141414yy6lhZO&fileSn=0,3553
1069,122630,2,251224 (16시) 국민 중심의 민원행정 함께 만드는 행복한 정부 (민원제도과).pdf,,,deferred,,https://www.mois.go.kr/cmm/fms/FileDown.do?atchFileId=FILE_00141414yy6lhZO&fileSn=1,
1070,122644,1,251223 (국무회의 종료 시) 인파 몰리는 곳에서는 안전수칙 꼭 실천해 주세요(재난안전점검과).hwpx,hwpx,4401697,extracted,,https://www.mois.go.kr/cmm/fms/FileDown.do?atchFileId=FILE_00141457puqItJ8&fileSn=0,1446
1070,122644,2,251223 (국무회의 종료 시) 인파 몰리는 곳에서는 안전수칙 꼭 실천해 주세요(재난안전점검과).pdf,,,deferred,,https://www.mois.go.kr/cmm/fms/FileDown.do?atchFileId=FILE_00141457puqItJ8&fileSn=1,
1071,122643,1,251223(국무회의 종료 시) 인구 100만 특례시 별정직 부단체장 신속하게 임용할 수 있게 된다(지방인사제도과).pdf,,,deferred,,https://www.mois.go.kr/cmm/fms/FileDown.do?atchFileId=FILE_00141456D7WFsrZ&fileSn=0,
1071,122643,2,251223(국무회의 종료 시) 인구 100만 특례시 별정직 부단체장 신속하게 임용할 수 있게 된다(지방인사제도과).hwpx,hwpx,358244,extracted,,https://www.mois.go.kr/cmm/fms/FileDown.do?atchFileId=FILE_00141456D7WFsrZ&fileSn=1,1733
1072,122642,1,251223 (국무회의 종료 시) 국민주권정부 성과 창출 조직 혁신으로 속도 붙였다(조직기획과).hwpx,hwpx,191600,extracted,,https://www.mois.go.kr/cmm/fms/FileDown.do?atchFileId=FILE_00141455bKrLUSo&fileSn=0,2547
1072,122642,2,251223 (국무회의 종료 시) 국민주권정부 성과 창출 조직 혁신으로 속도 붙였다(조직기획과).pdf,,,deferred,,https://www.mois.go.kr/cmm/fms/FileDown.do?atchFileId=FILE_00141455bKrLUSo&fileSn=1,
1073,122641,1,251223(국무회의 종료 시) 적극적으로 일하다 생긴 실수는 감사원 감사 부담 덜고 소송 지원도 확대한다(공무원단체과).pdf,,,deferred,,https://www.mois.go.kr/cmm/fms/FileDown.do?atchFileId=FILE_00141454HdloBPx&fileSn=0,
1073,122641,2,251223(국무회의 종료 시) 적극적으로 일하다 생긴 실수는 감사원 감사 부담 덜고 소송 지원도 확대한다(공무원단체과).hwpx,hwpx,360993,extracted,,https://www.mois.go.kr/cmm/fms/FileDown.do?atchFileId=FILE_00141454HdloBPx&fileSn=1,2085
1074,122629,1,251224 (조간) 제각각 용어 통일한 ‘공통표준용어’ 확대 AI가 쓰기 좋은 공공데이터 만든다 (공공데이터분석관리과).hwpx,hwpx,368306,extracted,,https://www.mois.go.kr/cmm/fms/FileDown.do?atchFileId=FILE_00141413QFu8DZr&fileSn=0,2110
1074,122629,2,251224 (조간) 제각각 용어 통일한 ‘공통표준용어’ 확대 AI가 쓰기 좋은 공공데이터 만든다 (공공데이터분석관리과).pdf,,,deferred,,https://www.mois.go.kr/cmm/fms/FileDown.do?atchFileId=FILE_00141413QFu8DZr&fileSn=1,
1075,122628,1,251223(10시30분) 공공요금 동결과 착한가격업소 지원으로지방물가 잡기 위해 지방정부와 총력(지역경제과).hwpx,hwpx,141683,extracted,,https://www.mois.go.kr/cmm/fms/FileDown.do?atchFileId=FILE_001414941GyHb01&fileSn=0,3436
1075,122628,2,251223(10시30분) 공공요금 동결과 착한가격업소 지원으로지방물가 잡기 위해 지방정부와 총력(지역경제과).pdf,,,deferred,,https://www.mois.go.kr/cmm/fms/FileDown.do?atchFileId=FILE_001414941GyHb01&fileSn=1,
1076,122599,1,251223 (10시30분) 공무원노동조합과 함께 국민에게 신뢰받는 공직사회 만든다 (공무원단체과).hwpx,hwpx,194565,extracted,,https://www.mois.go.kr/cmm/fms/FileDown.do?atchFileId=FILE_00141449Hmg5PtS&fileSn=0,2353
1076,122599,2,251223 (10시30분) 공무원노동조합과 함께 국민에게 신뢰받는 공직사회 만든다 (공무원단체과).pdf,,,deferred,,https://www.mois.go.kr/cmm/fms/FileDown.do?atchFileId=FILE_00141449Hmg5PtS&fileSn=1,
1077,122598,1,251223 (10시30분) 클라우드 네이티브 기술 적용으로 공공서비스 품질 끌어 올린다 (디지털인프라혁신과).hwpx,hwpx,331931,extracted,,https://www.mois.go.kr/cmm/fms/FileDown.do?atchFileId=FILE_00141448TyLbB4F&fileSn=0,5033
1077,122598,2,251223 (10시30분) 클라우드 네이티브 기술 적용으로 공공서비스 품질 끌어 올린다 (디지털인프라혁신과).pdf,,,deferred,,https://www.mois.go.kr/cmm/fms/FileDown.do?atchFileId=FILE_00141448TyLbB4F&fileSn=1,
1078,122582,1,251223 (14시) AI로 재산 관리하고 시 캐릭터로 수익 창출한 2025년 공유재산 관리 우수 지방정부 시상(공유재산정책과).hwpx,hwpx,147006,extracted,,https://www.mois.go.kr/cmm/fms/FileDown.do?atchFileId=FILE_00141442us0gcph&fileSn=0,4018
1078,122582,2,251223 (14시) AI로 재산 관리하고 시 캐릭터로 수익 창출한 2025년 공유재산 관리 우수 지방정부 시상(공유재산정책과).pdf,,,deferred,,https://www.mois.go.kr/cmm/fms/FileDown.do?atchFileId=FILE_00141442us0gcph&fileSn=1,
1079,122581,1,251223 (조간) 사회연대금융이 나아갈 방향은？ 전문가들과 사회연대금융 활성화 방안 찾는다(지역금융지원과).hwpx,hwpx,354791,extracted,,https://www.mois.go.kr/cmm/fms/FileDown.do?atchFileId=FILE_00141441P0lYvJA&fileSn=0,1377
1079,122581,2,251223 (조간) 사회연대금융이 나아갈 방향은？ 전문가들과 사회연대금융 활성화 방안 찾는다(지역금융지원과).pdf,,,deferred,,https://www.mois.go.kr/cmm/fms/FileDown.do?atchFileId=FILE_00141441P0lYvJA&fileSn=1,
1080,122580,1,251223 (조간) 우리 사회의 특별하고 감동적인봉사와 나눔 사례를 만나다(민간협력공동체과).hwpx,hwpx,367231,extracted,,https://www.mois.go.kr/cmm/fms/FileDown.do?atchFileId=FILE_00141430_O4Exxu&fileSn=0,4170
1080,122580,2,251223 (조간) 우리 사회의 특별하고 감동적인봉사와 나눔 사례를 만나다(민간협력공동체과).pdf,,,deferred,,https://www.mois.go.kr/cmm/fms/FileDown.do?atchFileId=FILE_00141430_O4Exxu&fileSn=1,
1081,122567,1,251222 (조간) 겨울철 대설 대비 상황 점검 및 우수 지방정부 격려(자연재난대응과).hwpx,hwpx,6603459,extracted,,https://www.mois.go.kr/cmm/fms/FileDown.do?atchFileId=FILE_00141438XWQ22KN&fileSn=0,1316
1081,122567,2,251222 (조간) 겨울철 대설 대비 상황 점검 및 우수 지방정부 격려(자연재난대응과).pdf,,,deferred,,https://www.mois.go.kr/cmm/fms/FileDown.do?atchFileId=FILE_00141438XWQ22KN&fileSn=1,
1082,122566,1,251222 (조간) 대한민국 APEC 재난분야 워킹그룹 공동의장으로 선출(재난관리정책과).hwpx,hwpx,107716,extracted,,https://www.mois.go.kr/cmm/fms/FileDown.do?atchFileId=FILE_00141437UURNBNz&fileSn=0,2357
1082,122566,2,251222 (조간) 대한민국 APEC 재난분야 워킹그룹 공동의장으로 선출(재난관리정책과).pdf,,,deferred,,https://www.mois.go.kr/cmm/fms/FileDown.do?atchFileId=FILE_00141437UURNBNz&fileSn=1,
1083,122565,1,251222 (조간) 지방공기업 평가 지역상생·협력 및 안전책임 강화한다(지방공기업정책과).hwpx,hwpx,140229,extracted,,https://www.mois.go.kr/cmm/fms/FileDown.do?atchFileId=FILE_00141436SDQj3rf&fileSn=0,4050
1083,122565,2,251222 (조간) 지방공기업 평가 지역상생·협력 및 안전책임 강화한다(지방공기업정책과).pdf,,,deferred,,https://www.mois.go.kr/cmm/fms/FileDown.do?atchFileId=FILE_00141436SDQj3rf&fileSn=1,
1084,122560,1,251219 (16시30분) 내년 7월 1일 출범을 목표로 대전-충남 통합 논의(자치분권지원과).hwpx,hwpx,353264,extracted,,https://www.mois.go.kr/cmm/fms/FileDown.do?atchFileId=FILE_00141330_qlsIHG&fileSn=0,628
1084,122560,2,251219 (16시30분) 내년 7월 1일 출범을 목표로 대전-충남 통합 논의(자치분권지원과).pdf,,,deferred,,https://www.mois.go.kr/cmm/fms/FileDown.do?atchFileId=FILE_00141330_qlsIHG&fileSn=1,
1085,122528,1,251219 (석간) 국내 최초의 사립 수목원 천리포수목원 조성 기록물 안전하게 보존된다(국가기록원 특수기록과).hwpx,hwpx,99069,extracted,,https://www.mois.go.kr/cmm/fms/FileDown.do?atchFileId=FILE_00141328_3e03NT&fileSn=0,1314
1085,122528,2,251219 (석간) 국내 최초의 사립 수목원 천리포수목원 조성 기록물 안전하게 보존된다(국가기록원 특수기록과).pdf,,,deferred,,https://www.mois.go.kr/cmm/fms/FileDown.do?atchFileId=FILE_00141328_3e03NT&fileSn=1,
1086,122496,1,251219 (17시) 본격적인 철새 도래철 조류인플루엔자 차단 위해 방역 역량 총결집(농축산해양재난대응과).hwpx,hwpx,354817,extracted,,https://www.mois.go.kr/cmm/fms/FileDown.do?atchFileId=FILE_00141367CoXD2vq&fileSn=0,1281
1086,122496,2,251219 (17시) 본격적인 철새 도래철 조류인플루엔자 차단 위해 방역 역량 총결집(농축산해양재난대응과).pdf,,,deferred,,https://www.mois.go.kr/cmm/fms/FileDown.do?atchFileId=FILE_00141367CoXD2vq&fileSn=1,
1087,122506,1,251218 (14시) 윤호중 장관 겨울철 대설 및 초고층건축물 화재 안전관리 현장 점검(자연재난대응과).hwpx,hwpx,353171,extracted,,https://www.mois.go.kr/cmm/fms/FileDown.do?atchFileId=FILE_00141369jv1Di-j&fileSn=0,1357
1087,122506,2,251218 (14시) 윤호중 장관 겨울철 대설 및 초고층건축물 화재 안전관리 현장 점검(자연재난대응과).pdf,,,deferred,,https://www.mois.go.kr/cmm/fms/FileDown.do?atchFileId=FILE_00141369jv1Di-j&fileSn=1,
1088,122495,1,251219 (조간) 사회재난에 흔들리지 않는 대한민국 예방부터 수습까지 법적 안전망 마련(사회재난정책과).hwpx,hwpx,370696,extracted,,https://www.mois.go.kr/cmm/fms/FileDown.do?atchFileId=FILE_001413661fAwoZ7&fileSn=0,3099
1088,122495,2,251219 (조간) 사회재난에 흔들리지 않는 대한민국 예방부터 수습까지 법적 안전망 마련(사회재난정책과).pdf,,,deferred,,https://www.mois.go.kr/cmm/fms/FileDown.do?atchFileId=FILE_001413661fAwoZ7&fileSn=1,
1089,122494,1,3.251219 (조간) 재난안전·치안산업의 성장마중물 국민안전산업펀드 결성(재난안전산업과).hwpx,hwpx,357632,extracted,,https://www.mois.go.kr/cmm/fms/FileDown.do?atchFileId=FILE_00141365X9Ai0DH&fileSn=0,1253
1089,122494,2,3.251219 (조간) 재난안전·치안산업의 성장마중물 국민안전산업펀드 결성(재난안전산업과).pdf,,,deferred,,https://www.mois.go.kr/cmm/fms/FileDown.do?atchFileId=FILE_00141365X9Ai0DH&fileSn=1,
1090,122493,1,2.251219 (조간) 지역의 미래를 여는 인구감소 대응 우수사례 경진대회에서 만나다(균형발전제도과).hwpx,hwpx,373501,extracted,,https://www.mois.go.kr/cmm/fms/FileDown.do?atchFileId=FILE_00141364jbsYqyN&fileSn=0,3418
1090,122493,2,2.251219 (조간) 지역의 미래를 여는 인구감소 대응 우수사례 경진대회에서 만나다(균형발전제도과).pdf,,,deferred,,https://www.mois.go.kr/cmm/fms/FileDown.do?atchFileId=FILE_00141364jbsYqyN&fileSn=1,
1091,122490,1,251219 (조간) AI 혁신의 숨은 열쇠는 고품질 공공데이터(공공데이터분석관리과).hwpx,hwpx,365941,extracted,,https://www.mois.go.kr/cmm/fms/FileDown.do?atchFileId=FILE_00141363hQrLlpc&fileSn=0,2545
1091,122490,2,251219 (조간) AI 혁신의 숨은 열쇠는 고품질 공공데이터(공공데이터분석관리과).pdf,,,deferred,,https://www.mois.go.kr/cmm/fms/FileDown.do?atchFileId=FILE_00141363hQrLlpc&fileSn=1,
1092,122487,1,251218 (10시30분) 우리 아이 안전지킴이는 누구 제15회 어린이 안전대상 시상식 개최(안전개선과).hwpx,hwpx,353545,extracted,,https://www.mois.go.kr/cmm/fms/FileDown.do?atchFileId=FILE_00141362d1XPMvN&fileSn=0,1345
1092,122487,2,251218 (10시30분) 우리 아이 안전지킴이는 누구 제15회 어린이 안전대상 시상식 개최(안전개선과).pdf,,,deferred,,https://www.mois.go.kr/cmm/fms/FileDown.do?atchFileId=FILE_00141362d1XPMvN&fileSn=1,
1093,122486,1,251218 (10시30분) 지방정부 경쟁력 강화에 앞장선 우수 자치단체와 공무원 시상(자치새마을협력과).hwpx,hwpx,376527,extracted,,https://www.mois.go.kr/cmm/fms/FileDown.do?atchFileId=FILE_00141361TyvY_tk&fileSn=0,4327
1093,122486,2,251218 (10시30분) 지방정부 경쟁력 강화에 앞장선 우수 자치단체와 공무원 시상(자치새마을협력과).pdf,,,deferred,,https://www.mois.go.kr/cmm/fms/FileDown.do?atchFileId=FILE_00141361TyvY_tk&fileSn=1,
1094,122497,1,251217 (업무보고 종료시) [보도자료] 행정안전부 주요업무 추진계획 발표(기획재정담당관).hwpx,hwpx,340239,extracted,,https://www.mois.go.kr/cmm/fms/FileDown.do?atchFileId=FILE_0014136882EEs89&fileSn=0,6630
1094,122497,2,251217 (업무보고 종료시) [보도자료] 행정안전부 주요업무 추진계획 발표(기획재정담당관).pdf,,,deferred,,https://www.mois.go.kr/cmm/fms/FileDown.do?atchFileId=FILE_0014136882EEs89&fileSn=1,
1095,122471,1,251218 (조간) 겨울철 빙판길 교통사고에 주의하세요!(예방안전제도과).hwpx,hwpx,692249,extracted,,https://www.mois.go.kr/cmm/fms/FileDown.do?atchFileId=FILE_00141307w9EU2HS&fileSn=0,1567
1095,122471,2,251218 (조간) 겨울철 빙판길 교통사고에 주의하세요!(예방안전제도과).pdf,,,deferred,,https://www.mois.go.kr/cmm/fms/FileDown.do?atchFileId=FILE_00141307w9EU2HS&fileSn=1,
1096,122470,1,251218 (조간) 2025년 주소정책 업무 유공 표창 전국 지방정부와 주소정책 성과 공유(주소정보혁신과).hwpx,hwpx,99598,extracted,,https://www.mois.go.kr/cmm/fms/FileDown.do?atchFileId=FILE_001413068x7MWpJ&fileSn=0,1555
1096,122470,2,251218 (조간) 2025년 주소정책 업무 유공 표창 전국 지방정부와 주소정책 성과 공유(주소정보혁신과).pdf,,,deferred,,https://www.mois.go.kr/cmm/fms/FileDown.do?atchFileId=FILE_001413068x7MWpJ&fileSn=1,
1097,122469,1,251218 (조간) 레미콘 굴착기에도 옥외광고 가능해진다(주소정보혁신과).hwpx,hwpx,7983409,extracted,,https://www.mois.go.kr/cmm/fms/FileDown.do?atchFileId=FILE_00141305ALfQQHU&fileSn=0,2417
1097,122469,2,251218 (조간) 레미콘 굴착기에도 옥외광고 가능해진다(주소정보혁신과).pdf,,,deferred,,https://www.mois.go.kr/cmm/fms/FileDown.do?atchFileId=FILE_00141305ALfQQHU&fileSn=1,
1098,122444,1,251217 (17시30분) 주민의 세금 아끼고 잘 쓴 지방정부는？ ‘2025 대한민국 지방재정대상’ 시상식 개최(재정정책과).hwpx,hwpx,158192,extracted,,https://www.mois.go.kr/cmm/fms/FileDown.do?atchFileId=FILE_00141284hm9Bgww&fileSn=0,7345
1098,122444,2,251217 (17시30분) 주민의 세금 아끼고 잘 쓴 지방정부는？ ‘2025 대한민국 지방재정대상’ 시상식 개최(재정정책과).pdf,,,deferred,,https://www.mois.go.kr/cmm/fms/FileDown.do?atchFileId=FILE_00141284hm9Bgww&fileSn=1,
1099,122449,1,251217 (17시10분) 연말연시 안심하고 즐기세요 정부가 더욱 촘촘히 지키겠습니다(사회재난대응총괄과).hwpx,hwpx,1481924,extracted,,https://www.mois.go.kr/cmm/fms/FileDown.do?atchFileId=FILE_00141253YONJrkS&fileSn=0,1524
1099,122449,2,251217 (17시10분) 연말연시 안심하고 즐기세요 정부가 더욱 촘촘히 지키겠습니다(사회재난대응총괄과).pdf,,,deferred,,https://www.mois.go.kr/cmm/fms/FileDown.do?atchFileId=FILE_00141253YONJrkS&fileSn=1,
1100,122461,1,251216 (14시30분) 마을은 살리고 환경은 지키는 ‘햇빛소득마을’ 전국 확산 본격 시동(민간협력공동체과).hwpx,hwpx,310727,extracted,,https://www.mois.go.kr/cmm/fms/FileDown.do?atchFileId=FILE_00141303QnglKP8&fileSn=0,2209
1100,122461,2,251216 (14시30분) 마을은 살리고 환경은 지키는 ‘햇빛소득마을’ 전국 확산 본격 시동(민간협력공동체과).pdf,,,deferred,,https://www.mois.go.kr/cmm/fms/FileDown.do?atchFileId=FILE_00141303QnglKP8&fileSn=1,
1101,122443,1,251217 (13시50분) 재난으로 무너진 내 집 복귀 정부와 건축전문가가 함께 돕겠습니다(복구지원과).pdf,,,deferred,,https://www.mois.go.kr/cmm/fms/FileDown.do?atchFileId=FILE_00141283da2Jj1o&fileSn=0,
1101,122443,2,251217 (13시50분) 재난으로 무너진 내 집 복귀 정부와 건축전문가가 함께 돕겠습니다(복구지원과).hwpx,hwpx,350598,extracted,,https://www.mois.go.kr/cmm/fms/FileDown.do?atchFileId=FILE_00141283da2Jj1o&fileSn=1,1128
1102,122460,1,251217 (국무회의종료시) 정부위원회 지방 참여 확대! 지역 의견이 국정에 반영됩니다(자치분권제도과).hwpx,hwpx,799748,extracted,,https://www.mois.go.kr/cmm/fms/FileDown.do?atchFileId=FILE_00141301Be-3rwR&fileSn=0,6419
1102,122460,2,251217 (국무회의종료시) 정부위원회 지방 참여 확대! 지역 의견이 국정에 반영됩니다(자치분권제도과).pdf,,,deferred,,https://www.mois.go.kr/cmm/fms/FileDown.do?atchFileId=FILE_00141301Be-3rwR&fileSn=1,
1103,122442,1,251216 (10시) 지방을 살리는 1000억 원의 기적 연말정산과 고향사랑 함께 챙기세요(균형발전진흥과).hwpx,hwpx,359801,extracted,,https://www.mois.go.kr/cmm/fms/FileDown.do?atchFileId=FILE_00141282NWJ17gw&fileSn=0,1567
1103,122442,2,251216 (10시) 지방을 살리는 1000억 원의 기적 연말정산과 고향사랑 함께 챙기세요(균형발전진흥과).pdf,,,deferred,,https://www.mois.go.kr/cmm/fms/FileDown.do?atchFileId=FILE_00141282NWJ17gw&fileSn=1,
1104,122403,1,251216 (조간) 우리동네 안전 우리가 빠질 수 있나요？ 청년이 함께 팔 걷고 뛰겠습니다(재난대응총괄과).hwpx,hwpx,3748628,extracted,,https://www.mois.go.kr/cmm/fms/FileDown.do?atchFileId=FILE_001411385PI1zo8&fileSn=0,1593
1104,122403,2,251216 (조간) 우리동네 안전 우리가 빠질 수 있나요？ 청년이 함께 팔 걷고 뛰겠습니다(재난대응총괄과).pdf,,,deferred,,https://www.mois.go.kr/cmm/fms/FileDown.do?atchFileId=FILE_001411385PI1zo8&fileSn=1,
1105,122402,1,251216 (조간) 지역문제 지방정부-기업-자매결연 기관이 ‘협업’으로 해결한다(균형발전제도과).hwpx,hwpx,370074,extracted,,https://www.mois.go.kr/cmm/fms/FileDown.do?atchFileId=FILE_00141137H3eku7i&fileSn=0,2775
1105,122402,2,251216 (조간) 지역문제 지방정부-기업-자매결연 기관이 ‘협업’으로 해결한다(균형발전제도과).pdf,,,deferred,,https://www.mois.go.kr/cmm/fms/FileDown.do?atchFileId=FILE_00141137H3eku7i&fileSn=1,
1106,122401,1,251216 (조간) 한-중 지방행정 세미나 6년 만에 재개(자치행정과).hwpx,hwpx,364272,extracted,,https://www.mois.go.kr/cmm/fms/FileDown.do?atchFileId=FILE_00141244HvI4ko8&fileSn=0,1699
1106,122401,2,251216 (조간) 한-중 지방행정 세미나 6년 만에 재개(자치행정과).pdf,,,deferred,,https://www.mois.go.kr/cmm/fms/FileDown.do?atchFileId=FILE_00141244HvI4ko8&fileSn=1,
1107,122436,1,251215 (11시) 윤호중 장관 불가리아 대통령 면담... ‘AI 민주정부’ 소개(행정한류담당관).hwpx,hwpx,16046576,extracted,,https://www.mois.go.kr/cmm/fms/FileDown.do?atchFileId=FILE_00141217Nehfpk1&fileSn=0,2539
1107,122436,2,251215 (11시) 윤호중 장관 불가리아 대통령 면담... ‘AI 민주정부’ 소개(행정한류담당관).pdf,,,deferred,,https://www.mois.go.kr/cmm/fms/FileDown.do?atchFileId=FILE_00141217Nehfpk1&fileSn=1,
1108,122400,1,251215 (조간) 기본사회로의 전환 본격 추진 ‘기본사회위원회’ 설치근거 마련한다(기본사회정책과).hwpx,hwpx,127065,extracted,,https://www.mois.go.kr/cmm/fms/FileDown.do?atchFileId=FILE_00141135PRxv13E&fileSn=0,2277
1108,122400,2,251215 (조간) 기본사회로의 전환 본격 추진 ‘기본사회위원회’ 설치근거 마련한다(기본사회정책과).pdf,,,deferred,,https://www.mois.go.kr/cmm/fms/FileDown.do?atchFileId=FILE_00141135PRxv13E&fileSn=1,
1109,122399,1,251215 (조간) 행정안전부 공공행정 분야 청년인턴 114명 채용(혁신행정담당관).hwpx,hwpx,484168,extracted,,https://www.mois.go.kr/cmm/fms/FileDown.do?atchFileId=FILE_00141134eShgG_l&fileSn=0,1780
1109,122399,2,251215 (조간) 행정안전부 공공행정 분야 청년인턴 114명 채용(혁신행정담당관).pdf,,,deferred,,https://www.mois.go.kr/cmm/fms/FileDown.do?atchFileId=FILE_00141134eShgG_l&fileSn=1,
1110,122397,1,251212 (16시) 연대와 참여로 만드는 활력있는 지역 현장에서 사회연대경제의 길을 찾는다(자치행정과).hwpx,hwpx,356097,extracted,,https://www.mois.go.kr/cmm/fms/FileDown.do?atchFileId=FILE_00141216EOV0PG7&fileSn=0,1512
1110,122397,2,251212 (16시) 연대와 참여로 만드는 활력있는 지역 현장에서 사회연대경제의 길을 찾는다(자치행정과).pdf,,,deferred,,https://www.mois.go.kr/cmm/fms/FileDown.do?atchFileId=FILE_00141216EOV0PG7&fileSn=1,
1111,122362,1,251213 (15시) 고층건축물 화재 걱정 없도록 정부가 미리 꼼꼼하게 점검한다(국토산업재난대응과).hwpx,hwpx,274375,extracted,,https://www.mois.go.kr/cmm/fms/FileDown.do?atchFileId=FILE_00141146Gu8lq2H&fileSn=0,1315
1111,122362,2,251213 (15시) 고층건축물 화재 걱정 없도록 정부가 미리 꼼꼼하게 점검한다(국토산업재난대응과).pdf,,,deferred,,https://www.mois.go.kr/cmm/fms/FileDown.do?atchFileId=FILE_00141146Gu8lq2H&fileSn=1,
1112,122384,1,251212 (10시) 일본 지진에 따른 전문가 자문회의 개최(지진방재관리과).hwpx,hwpx,2695326,extracted,,https://www.mois.go.kr/cmm/fms/FileDown.do?atchFileId=FILE_00141133ca_pj8y&fileSn=0,1608
1112,122384,2,251212 (10시) 일본 지진에 따른 전문가 자문회의 개최(지진방재관리과).pdf,,,deferred,,https://www.mois.go.kr/cmm/fms/FileDown.do?atchFileId=FILE_00141133ca_pj8y&fileSn=1,
1113,122383,1,251211 (즉시) 행정안전부 장관 광주 대표도서관 건립현장 붕괴사고 관련 야간구조 작업 안전관리 철저 지시(국토산업재난대응과).hwpx,hwpx,85430,extracted,,https://www.mois.go.kr/cmm/fms/FileDown.do?atchFileId=FILE_00141132TVaeurA&fileSn=0,533
1113,122383,2,251211 (즉시) 행정안전부 장관 광주 대표도서관 건립현장 붕괴사고 관련 야간구조 작업 안전관리 철저 지시(국토산업재난대응과).pdf,,,deferred,,https://www.mois.go.kr/cmm/fms/FileDown.do?atchFileId=FILE_00141132TVaeurA&fileSn=1,
1114,122366,1,251211 (17시) 주말 중부지방 눈 예보 관계기관 제설 대책 긴급 점검(자연재난대응과).hwpx,hwpx,472482,extracted,,https://www.mois.go.kr/cmm/fms/FileDown.do?atchFileId=FILE_00141196dDbhdJB&fileSn=0,1463
1114,122366,2,251211 (17시) 주말 중부지방 눈 예보 관계기관 제설 대책 긴급 점검(자연재난대응과).pdf,,,deferred,,https://www.mois.go.kr/cmm/fms/FileDown.do?atchFileId=FILE_00141196dDbhdJB&fileSn=1,
1115,122352,1,251211 (15시) 산불의 상처가 겨울에 더 깊어지지 않도록 경북 산불 피해지역 안전관리 실태 점검(기후재난관리과).hwpx,hwpx,162482,extracted,,https://www.mois.go.kr/cmm/fms/FileDown.do?atchFileId=FILE_00141185SVposFF&fileSn=0,1320
1115,122352,2,251211 (15시) 산불의 상처가 겨울에 더 깊어지지 않도록 경북 산불 피해지역 안전관리 실태 점검(기후재난관리과).pdf,,,deferred,,https://www.mois.go.kr/cmm/fms/FileDown.do?atchFileId=FILE_00141185SVposFF&fileSn=1,
1116,122351,1,251211 (14시) 한강버스 안전관리 실태 관계기관 합동점검 결과(재난안전점검과).hwpx,hwpx,5131999,extracted,,https://www.mois.go.kr/cmm/fms/FileDown.do?atchFileId=FILE_00141184Kxxh3ft&fileSn=0,6459
1116,122351,2,251211 (14시) 한강버스 안전관리 실태 관계기관 합동점검 결과(재난안전점검과).pdf,,,deferred,,https://www.mois.go.kr/cmm/fms/FileDown.do?atchFileId=FILE_00141184Kxxh3ft&fileSn=1,
1117,122328,1,251212 (조간) 우리 국민 안전을 최우선으로! 재외국민 보호 전담 부서 신설 (조직기획과).hwpx,hwpx,102587,extracted,,https://www.mois.go.kr/cmm/fms/FileDown.do?atchFileId=FILE_00141155rq7LPhj&fileSn=0,1583
1117,122328,2,251212 (조간) 우리 국민 안전을 최우선으로! 재외국민 보호 전담 부서 신설 (조직기획과).pdf,,,deferred,,https://www.mois.go.kr/cmm/fms/FileDown.do?atchFileId=FILE_00141155rq7LPhj&fileSn=1,
1118,122327,1,251212 (조간) 지능형 ｢공유재산 통합관리시스템｣ 구축... 공유재산 체계적 관리 지원 시동 (공유재산정책과).hwpx,hwpx,128921,extracted,,https://www.mois.go.kr/cmm/fms/FileDown.do?atchFileId=FILE_00141154Bu_Lck6&fileSn=0,1548
1118,122327,2,251212 (조간) 지능형 ｢공유재산 통합관리시스템｣ 구축... 공유재산 체계적 관리 지원 시동 (공유재산정책과).pdf,,,deferred,,https://www.mois.go.kr/cmm/fms/FileDown.do?atchFileId=FILE_00141154Bu_Lck6&fileSn=1,
1119,122326,1,251212 (조간) 흉물로 방치된 빈집 지역 주민이 찾는 공간으로 재탄생 (균형발전제도과).hwpx,hwpx,356278,extracted,,https://www.mois.go.kr/cmm/fms/FileDown.do?atchFileId=FILE_00141153_EXl8x8&fileSn=0,2035
1119,122326,2,251212 (조간) 흉물로 방치된 빈집 지역 주민이 찾는 공간으로 재탄생 (균형발전제도과).pdf,,,deferred,,https://www.mois.go.kr/cmm/fms/FileDown.do?atchFileId=FILE_00141153_EXl8x8&fileSn=1,
1120,122325,1,251212 (조간) 내 집에서 오래오래 건강하게! 지방정부 통합돌봄 전담 인력 보강 (자치분권제도과).hwpx,hwpx,317445,extracted,,https://www.mois.go.kr/cmm/fms/FileDown.do?atchFileId=FILE_00141152h516RW2&fileSn=0,2255
1120,122325,2,251212 (조간) 내 집에서 오래오래 건강하게! 지방정부 통합돌봄 전담 인력 보강 (자치분권제도과).pdf,,,deferred,,https://www.mois.go.kr/cmm/fms/FileDown.do?atchFileId=FILE_00141152h516RW2&fileSn=1,
1121,122324,1,251212 (조간) 더 똑똑해진 국민비서 신규 서비스 확대해 국민 편의성 높인다 (국민맞춤서비스과).hwpx,hwpx,206520,extracted,,https://www.mois.go.kr/cmm/fms/FileDown.do?atchFileId=FILE_00141151hHR-hV9&fileSn=0,4849
1121,122324,2,251212 (조간) 더 똑똑해진 국민비서 신규 서비스 확대해 국민 편의성 높인다 (국민맞춤서비스과).pdf,,,deferred,,https://www.mois.go.kr/cmm/fms/FileDown.do?atchFileId=FILE_00141151hHR-hV9&fileSn=1,
1122,122345,1,251211 (11시) 윤호중 장관 체코 행정수반 신임 총리 면담 AI 정부·원전 등 협력방안 논의 (행정한류담당관).hwp,hwp,16409088,extracted,,https://www.mois.go.kr/cmm/fms/FileDown.do?atchFileId=FILE_001411445dmuGM8&fileSn=0,2362
1122,122345,2,251211 (11시) 윤호중 장관 체코 행정수반 신임 총리 면담 AI 정부·원전 등 협력방안 논의 (행정한류담당관).pdf,,,deferred,,https://www.mois.go.kr/cmm/fms/FileDown.do?atchFileId=FILE_001411445dmuGM8&fileSn=1,
1123,122318,1,251211 (석간) 자치단체 행정구역 조정 시 외국인 수 반영 (자치분권지원과).hwpx,hwpx,355783,extracted,,https://www.mois.go.kr/cmm/fms/FileDown.do?atchFileId=FILE_00141122dUcsgQ-&fileSn=0,1231
1123,122318,2,251211 (석간) 자치단체 행정구역 조정 시 외국인 수 반영 (자치분권지원과).pdf,,,deferred,,https://www.mois.go.kr/cmm/fms/FileDown.do?atchFileId=FILE_00141122dUcsgQ-&fileSn=1,
1124,122307,1,251211 (조간) 공부하는 지방공무원 정책연구 통해 주민 불편 해소하고 행정 효율 높인다 (지방자치인재개발원 기획협력과).hwpx,hwpx,131589,extracted,,https://www.mois.go.kr/cmm/fms/FileDown.do?atchFileId=FILE_00141078WKoK8Pt&fileSn=0,1867
1124,122307,2,251211 (조간) 공부하는 지방공무원 정책연구 통해 주민 불편 해소하고 행정 효율 높인다 (지방자치인재개발원 기획협력과).pdf,,,deferred,,https://www.mois.go.kr/cmm/fms/FileDown.do?atchFileId=FILE_00141078WKoK8Pt&fileSn=1,
1125,122306,1,251211 (조간) 12월 가뭄 예·경보 발표(기후재난관리과).hwpx,hwpx,6028658,extracted,,https://www.mois.go.kr/cmm/fms/FileDown.do?atchFileId=FILE_00141077OSRf8Zy&fileSn=0,3145
1125,122306,2,251211 (조간) 12월 가뭄 예·경보 발표(기후재난관리과).pdf,,,deferred,,https://www.mois.go.kr/cmm/fms/FileDown.do?atchFileId=FILE_00141077OSRf8Zy&fileSn=1,
1126,122305,1,251211 (조간) 로봇이 공항주차장에서 출국장까지 캐리어 배송해드립니다 (주소정보혁신과).hwpx,hwpx,371402,extracted,,https://www.mois.go.kr/cmm/fms/FileDown.do?atchFileId=FILE_00141076JPYd0fF&fileSn=0,1897
1126,122305,2,251211 (조간) 로봇이 공항주차장에서 출국장까지 캐리어 배송해드립니다 (주소정보혁신과).pdf,,,deferred,,https://www.mois.go.kr/cmm/fms/FileDown.do?atchFileId=FILE_00141076JPYd0fF&fileSn=1,
1127,122304,1,251211 (조간) 책임운영기관 혁신과 협업으로 국민이 체감하는 성과를 만들다! (조직진단과).hwpx,hwpx,4665114,extracted,,https://www.mois.go.kr/cmm/fms/FileDown.do?atchFileId=FILE_00141075szRL7kk&fileSn=0,4125
1127,122304,2,251211 (조간) 책임운영기관 혁신과 협업으로 국민이 체감하는 성과를 만들다! (조직진단과).pdf,,,deferred,,https://www.mois.go.kr/cmm/fms/FileDown.do?atchFileId=FILE_00141075szRL7kk&fileSn=1,
1128,122294,1,251210 (14시) 답답해서 내가 바꿨다! 국민 삶을 바꾼 최고의 정책 제안은？(국민참여정책과).hwpx,hwpx,366495,extracted,,https://www.mois.go.kr/cmm/fms/FileDown.do?atchFileId=FILE_00141018RJ7rk0p&fileSn=0,2883
1128,122294,2,251210 (14시) 답답해서 내가 바꿨다! 국민 삶을 바꾼 최고의 정책 제안은？(국민참여정책과).pdf,,,deferred,,https://www.mois.go.kr/cmm/fms/FileDown.do?atchFileId=FILE_00141018RJ7rk0p&fileSn=1,
1129,122295,1,251210 (조간) 정부청사 관리 새 틀 마련 청사 건축 운영 체계의 전문성과 효율성 높인다(청사관리본부 청사기획과).hwpx,hwpx,97081,extracted,,https://www.mois.go.kr/cmm/fms/FileDown.do?atchFileId=FILE_00141019KhuTW8h&fileSn=0,1473
1129,122295,2,251210 (조간) 정부청사 관리 새 틀 마련 청사 건축 운영 체계의 전문성과 효율성 높인다(청사관리본부 청사기획과).pdf,,,deferred,,https://www.mois.go.kr/cmm/fms/FileDown.do?atchFileId=FILE_00141019KhuTW8h&fileSn=1,
1130,122293,1,251210 (조간) 한눈에 보는 생활인구 시각화 데이터로 지역인구정책 해답 찾는다(균형발전제도과).hwpx,hwpx,3332950,extracted,,https://www.mois.go.kr/cmm/fms/FileDown.do?atchFileId=FILE_001410174Xcp2jx&fileSn=0,3618
1130,122293,2,251210 (조간) 한눈에 보는 생활인구 시각화 데이터로 지역인구정책 해답 찾는다(균형발전제도과).pdf,,,deferred,,https://www.mois.go.kr/cmm/fms/FileDown.do?atchFileId=FILE_001410174Xcp2jx&fileSn=1,
1131,122292,1,251210 (조간) 몰라서 못 받는 공공서비스가 없도록 ‘혜택알리미’ 서비스 본격 운영(국민맞춤서비스과).hwpx,hwpx,931336,extracted,,https://www.mois.go.kr/cmm/fms/FileDown.do?atchFileId=FILE_00141016LUrPp1H&fileSn=0,2028
1131,122292,2,251210 (조간) 몰라서 못 받는 공공서비스가 없도록 ‘혜택알리미’ 서비스 본격 운영(국민맞춤서비스과).pdf,,,deferred,,https://www.mois.go.kr/cmm/fms/FileDown.do?atchFileId=FILE_00141016LUrPp1H&fileSn=1,
1132,122271,1,251209 (15시) BTS 삼성전자 그리고 고두심 씨의 공통점은 행복 나누는 기부 주역들이 한자리에(민간협력공동체과).hwpx,hwpx,875081,extracted,,https://www.mois.go.kr/cmm/fms/FileDown.do?atchFileId=FILE_00141071-wM5KKo&fileSn=0,4638
1132,122271,2,251209 (15시) BTS 삼성전자 그리고 고두심 씨의 공통점은 행복 나누는 기부 주역들이 한자리에(민간협력공동체과).pdf,,,deferred,,https://www.mois.go.kr/cmm/fms/FileDown.do?atchFileId=FILE_00141071-wM5KKo&fileSn=1,
1133,122272,1,251209 (조간) “청년이 만든 변화 지역을 바꾸다” 2025 청년마을 최종성과공유회 열려(사회연대경제지원과).hwpx,hwpx,14807637,extracted,,https://www.mois.go.kr/cmm/fms/FileDown.do?atchFileId=FILE_00141072-rgq5_a&fileSn=0,1983
1133,122272,2,251209 (조간) “청년이 만든 변화 지역을 바꾸다” 2025 청년마을 최종성과공유회 열려(사회연대경제지원과).pdf,,,deferred,,https://www.mois.go.kr/cmm/fms/FileDown.do?atchFileId=FILE_00141072-rgq5_a&fileSn=1,
1134,122257,1,251208 (조간) 체코·불가리아에 한국 행정혁신의 미래 선보인다 (행정한류담당관).hwpx,hwpx,356113,extracted,,https://www.mois.go.kr/cmm/fms/FileDown.do?atchFileId=FILE_00141052x6ZghrI&fileSn=0,2265
1134,122257,2,251208 (조간) 체코·불가리아에 한국 행정혁신의 미래 선보인다 (행정한류담당관).pdf,,,deferred,,https://www.mois.go.kr/cmm/fms/FileDown.do?atchFileId=FILE_00141052x6ZghrI&fileSn=1,
1135,122256,1,251208 (조간) 국과수 딥페이크 탐지 기술 본격 적용으로 적극행정 대상 수상 (국립과학수사연구원 법학공부디지털과).hwpx,hwpx,124831,extracted,,https://www.mois.go.kr/cmm/fms/FileDown.do?atchFileId=FILE_00141051f5Rvdiz&fileSn=0,1451
1135,122256,2,251208 (조간) 국과수 딥페이크 탐지 기술 본격 적용으로 적극행정 대상 수상 (국립과학수사연구원 법학공부디지털과).pdf,,,deferred,,https://www.mois.go.kr/cmm/fms/FileDown.do?atchFileId=FILE_00141051f5Rvdiz&fileSn=1,
1136,122255,1,251208 (조간) ‘정부혁신 왕중왕전’ 대상에 경상남도의 ’골든타임 지키는 응급의료상황실’ 선정 (혁신기획과).hwpx,hwpx,3187884,extracted,,https://www.mois.go.kr/cmm/fms/FileDown.do?atchFileId=FILE_00140960ZsNtMFd&fileSn=0,8741
1136,122255,2,251208 (조간) ‘정부혁신 왕중왕전’ 대상에 경상남도의 ’골든타임 지키는 응급의료상황실’ 선정 (혁신기획과).pdf,,,deferred,,https://www.mois.go.kr/cmm/fms/FileDown.do?atchFileId=FILE_00140960ZsNtMFd&fileSn=1,
1137,122219,1,251206 (14시) 아이는 안전 학부모는 안심! 초등학교 등하굣길 안전관리 현장 점검 (안전개선과).hwpx,hwpx,876484,extracted,,https://www.mois.go.kr/cmm/fms/FileDown.do?atchFileId=FILE_00141007Jo22Nhc&fileSn=0,880
1137,122219,2,251206 (14시) 아이는 안전 학부모는 안심! 초등학교 등하굣길 안전관리 현장 점검 (안전개선과).pdf,,,deferred,,https://www.mois.go.kr/cmm/fms/FileDown.do?atchFileId=FILE_00141007Jo22Nhc&fileSn=1,
1138,122218,1,251206 (14시) 20년을 지켜온 봉사와 나눔의 시간 새로운 20년을 위한 비전 선포 (민간협력공동체과).hwpx,hwpx,1053024,extracted,,https://www.mois.go.kr/cmm/fms/FileDown.do?atchFileId=FILE_00141006eKzpu3b&fileSn=0,2527
1138,122218,2,251206 (14시) 20년을 지켜온 봉사와 나눔의 시간 새로운 20년을 위한 비전 선포 (민간협력공동체과).pdf,,,deferred,,https://www.mois.go.kr/cmm/fms/FileDown.do?atchFileId=FILE_00141006eKzpu3b&fileSn=1,
1139,122220,1,251206 (조간) 공직사회 변화를 이끄는 조직문화 및 공간혁신 우수기관 선정 (행정제도과).hwpx,hwpx,355532,extracted,,https://www.mois.go.kr/cmm/fms/FileDown.do?atchFileId=FILE_00141008wALZwWc&fileSn=0,1636
1139,122220,2,251206 (조간) 공직사회 변화를 이끄는 조직문화 및 공간혁신 우수기관 선정 (행정제도과).pdf,,,deferred,,https://www.mois.go.kr/cmm/fms/FileDown.do?atchFileId=FILE_00141008wALZwWc&fileSn=1,
1140,122207,1,251205 (석간) 공공-민간이 함께 그리는 AI 시대 일하는 방식과 조직문화의 미래(행정제도과).hwp,hwp,358912,extracted,,https://www.mois.go.kr/cmm/fms/FileDown.do?atchFileId=FILE_00140991fYCEbV6&fileSn=0,1609
1140,122207,2,251205 (석간) 공공-민간이 함께 그리는 AI 시대 일하는 방식과 조직문화의 미래(행정제도과).pdf,,,deferred,,https://www.mois.go.kr/cmm/fms/FileDown.do?atchFileId=FILE_00140991fYCEbV6&fileSn=1,
1141,122227,1,251205 (즉시) 수도권 출근길 교통대란 대비 중앙재난안전대책본부 회의(2차) 개최(자연재난대응과).hwpx,hwpx,96942,extracted,,https://www.mois.go.kr/cmm/fms/FileDown.do?atchFileId=FILE_00141012J48GItX&fileSn=0,763
1141,122227,2,251205 (즉시) 수도권 출근길 교통대란 대비 중앙재난안전대책본부 회의(2차) 개최(자연재난대응과).pdf,,,deferred,,https://www.mois.go.kr/cmm/fms/FileDown.do?atchFileId=FILE_00141012J48GItX&fileSn=1,
1142,122226,1,251205 (즉시) 중앙재난안전대책본부장 12.4~5일 대설 관련 긴급 지시(자연재난대응과).hwpx,hwpx,84954,extracted,,https://www.mois.go.kr/cmm/fms/FileDown.do?atchFileId=FILE_00141011I2uexOl&fileSn=0,521
1142,122226,2,251205 (즉시) 중앙재난안전대책본부장 12.4~5일 대설 관련 긴급 지시(자연재난대응과).pdf,,,deferred,,https://www.mois.go.kr/cmm/fms/FileDown.do?atchFileId=FILE_00141011I2uexOl&fileSn=1,
1143,122225,1,251204 (즉시) 행정안전부 장관 충남 태안해역 어선 전복 관련 긴급 지시(농축산해양재난대응과).hwp,hwp,349184,extracted,,https://www.mois.go.kr/cmm/fms/FileDown.do?atchFileId=FILE_00140930SeDGmtg&fileSn=0,425
1143,122225,2,251204 (즉시) 행정안전부 장관 충남 태안해역 어선 전복 관련 긴급 지시(농축산해양재난대응과).pdf,,,deferred,,https://www.mois.go.kr/cmm/fms/FileDown.do?atchFileId=FILE_00140930SeDGmtg&fileSn=1,
1144,122217,1,251204 (즉시) 수도권 강원 대설특보 중앙재난안전대책본부 1단계 가동(자연재난대응과).hwpx,hwpx,3240755,extracted,,https://www.mois.go.kr/cmm/fms/FileDown.do?atchFileId=FILE_00140927PDszK5f&fileSn=0,893
1144,122217,2,251204 (즉시) 수도권 강원 대설특보 중앙재난안전대책본부 1단계 가동(자연재난대응과).pdf,,,deferred,,https://www.mois.go.kr/cmm/fms/FileDown.do?atchFileId=FILE_00140927PDszK5f&fileSn=1,
1145,122204,1,251205 (17시30분) 대한민국 AI 민주정부 클라우드 세계 1위 기업 아마존 만나다 (인공지능정부협력과).hwpx,hwpx,144542,extracted,,https://www.mois.go.kr/cmm/fms/FileDown.do?atchFileId=FILE_00140925GNWmKDR&fileSn=0,1140
1145,122204,2,251205 (17시30분) 대한민국 AI 민주정부 클라우드 세계 1위 기업 아마존 만나다 (인공지능정부협력과).pdf,,,deferred,,https://www.mois.go.kr/cmm/fms/FileDown.do?atchFileId=FILE_00140925GNWmKDR&fileSn=1,
1146,122181,1,251205 (16시) 민생회복 소비쿠폰 국민 모두가 함께 했다(재정정책과).hwpx,hwpx,302759,extracted,,https://www.mois.go.kr/cmm/fms/FileDown.do?atchFileId=FILE_001409757K0I6lt&fileSn=0,4221
1146,122181,2,251205 (16시) 민생회복 소비쿠폰 국민 모두가 함께 했다(재정정책과).pdf,,,deferred,,https://www.mois.go.kr/cmm/fms/FileDown.do?atchFileId=FILE_001409757K0I6lt&fileSn=1,
1147,122205,1,251204 (15시) 아이들 통학길부터 위험시설까지 생활 속 위험 더욱 철저히 예방하겠습니다(재난관리정책과).hwpx,hwpx,276429,extracted,,https://www.mois.go.kr/cmm/fms/FileDown.do?atchFileId=FILE_00140926jR2nEc0&fileSn=0,812
1147,122205,2,251204 (15시) 아이들 통학길부터 위험시설까지 생활 속 위험 더욱 철저히 예방하겠습니다(재난관리정책과).pdf,,,deferred,,https://www.mois.go.kr/cmm/fms/FileDown.do?atchFileId=FILE_00140926jR2nEc0&fileSn=1,
1148,122195,1,251205 (13시) EU·중국·일본 등 93개국 외교사절에 국민주권정부 정책설명회 개최(행정한류담당관).hwpx,hwpx,238455,extracted,,https://www.mois.go.kr/cmm/fms/FileDown.do?atchFileId=FILE_00140980OWiGA5V&fileSn=0,1806
1148,122195,2,251205 (13시) EU·중국·일본 등 93개국 외교사절에 국민주권정부 정책설명회 개최(행정한류담당관).pdf,,,deferred,,https://www.mois.go.kr/cmm/fms/FileDown.do?atchFileId=FILE_00140980OWiGA5V&fileSn=1,
1149,122185,1,251205 (조간) 우리 곁에 다가올 기본사회의 모습은 기본사회 토크콘서트 개최 (기본사회정책과).hwpx,hwpx,117519,extracted,,https://www.mois.go.kr/cmm/fms/FileDown.do?atchFileId=FILE_00140979rpDUMsh&fileSn=0,1277
1149,122185,2,251205 (조간) 우리 곁에 다가올 기본사회의 모습은 기본사회 토크콘서트 개최 (기본사회정책과).pdf,,,deferred,,https://www.mois.go.kr/cmm/fms/FileDown.do?atchFileId=FILE_00140979rpDUMsh&fileSn=1,
1150,122184,1,251205 (조간) 정부세종청사 재배치 착수 내년 상반기 완료(정부청사관리본부 청사기획과).hwp,hwp,101376,extracted,,https://www.mois.go.kr/cmm/fms/FileDown.do?atchFileId=FILE_00140978dYZo0D0&fileSn=0,1695
1150,122184,2,251205 (조간) 정부세종청사 재배치 착수 내년 상반기 완료(정부청사관리본부 청사기획과).pdf,,,deferred,,https://www.mois.go.kr/cmm/fms/FileDown.do?atchFileId=FILE_00140978dYZo0D0&fileSn=1,
1151,122183,1,251205 (조간) 광복의 감동 기록으로 다시 만나다 제18회 기록사랑 공모전 우수작 발표 (국가기록원 서비스정책과).hwpx,hwpx,598055,extracted,,https://www.mois.go.kr/cmm/fms/FileDown.do?atchFileId=FILE_00140977VQLekgc&fileSn=0,3723
1151,122183,2,251205 (조간) 광복의 감동 기록으로 다시 만나다 제18회 기록사랑 공모전 우수작 발표 (국가기록원 서비스정책과).pdf,,,deferred,,https://www.mois.go.kr/cmm/fms/FileDown.do?atchFileId=FILE_00140977VQLekgc&fileSn=1,
1152,122182,1,251205(조간) 옛 밀양대학교 100년 역사를 품은 소통협력공간으로 변신! 지역주민 곁으로(사회연대경제지원과).hwpx,hwpx,3124290,extracted,,https://www.mois.go.kr/cmm/fms/FileDown.do?atchFileId=FILE_00140976VVT_2I0&fileSn=0,1932
1152,122182,2,251205(조간) 옛 밀양대학교 100년 역사를 품은 소통협력공간으로 변신! 지역주민 곁으로(사회연대경제지원과).pdf,,,deferred,,https://www.mois.go.kr/cmm/fms/FileDown.do?atchFileId=FILE_00140976VVT_2I0&fileSn=1,
1153,122156,1,251204(16시30분) 광복부터 12.3 빛의 혁명까지 광복 80년 시대정신을 조명하는 빛의 연대기展 개최(사회통합지원과).hwpx,hwpx,352442,extracted,,https://www.mois.go.kr/cmm/fms/FileDown.do?atchFileId=FILE_00140916SUIa6DS&fileSn=0,1295
1153,122156,2,251204(16시30분) 광복부터 12.3 빛의 혁명까지 광복 80년 시대정신을 조명하는 빛의 연대기展 개최(사회통합지원과).pdf,,,deferred,,https://www.mois.go.kr/cmm/fms/FileDown.do?atchFileId=FILE_00140916SUIa6DS&fileSn=1,
1154,122167,1,251203 (15시30분) 정부 고층건축물 긴급 화재안전 대책 추진(국토산업재난대응과).hwpx,hwpx,316315,extracted,,https://www.mois.go.kr/cmm/fms/FileDown.do?atchFileId=FILE_00140909645ABhK&fileSn=0,2493
1154,122167,2,251203 (15시30분) 정부 고층건축물 긴급 화재안전 대책 추진(국토산업재난대응과).pdf,,,deferred,,https://www.mois.go.kr/cmm/fms/FileDown.do?atchFileId=FILE_00140909645ABhK&fileSn=1,
1155,122157,1,251204 (15시) 좋은 정책은 상생·협력의 노사문화가 만든다 (공무원단체과).hwpx,hwpx,373741,extracted,,https://www.mois.go.kr/cmm/fms/FileDown.do?atchFileId=FILE_00140917vO7Vqg3&fileSn=0,4432
1155,122157,2,251204 (15시) 좋은 정책은 상생·협력의 노사문화가 만든다 (공무원단체과).pdf,,,deferred,,https://www.mois.go.kr/cmm/fms/FileDown.do?atchFileId=FILE_00140917vO7Vqg3&fileSn=1,
1156,122155,1,251204 (14시) 공공데이터로 AI 민주정부를 선도할 AI 새싹기업 찾는다 (공공데이터정책과).hwpx,hwpx,513641,extracted,,https://www.mois.go.kr/cmm/fms/FileDown.do?atchFileId=FILE_00140915WDvgHt7&fileSn=0,4173
1156,122155,2,251204 (14시) 공공데이터로 AI 민주정부를 선도할 AI 새싹기업 찾는다 (공공데이터정책과).pdf,,,deferred,,https://www.mois.go.kr/cmm/fms/FileDown.do?atchFileId=FILE_00140915WDvgHt7&fileSn=1,
1157,122160,1,251204 (조간) 유네스코 세계기록유산 ‘산림녹화 기록물’ 개편된 콘텐츠로 새롭게 공개(국가기록원 서비스정책과).hwpx,hwpx,705012,extracted,,https://www.mois.go.kr/cmm/fms/FileDown.do?atchFileId=FILE_001409200rcqVlI&fileSn=0,3972
1157,122160,2,251204 (조간) 유네스코 세계기록유산 ‘산림녹화 기록물’ 개편된 콘텐츠로 새롭게 공개(국가기록원 서비스정책과).pdf,,,deferred,,https://www.mois.go.kr/cmm/fms/FileDown.do?atchFileId=FILE_001409200rcqVlI&fileSn=1,
1158,122159,1,251204 (조간) 2026년 지방소멸대응기금 1조 시설이 아닌 사람 중심으로 쓰입니다 (균형발전제도과).hwpx,hwpx,372237,extracted,,https://www.mois.go.kr/cmm/fms/FileDown.do?atchFileId=FILE_00140919sAHSfq2&fileSn=0,4306
1158,122159,2,251204 (조간) 2026년 지방소멸대응기금 1조 시설이 아닌 사람 중심으로 쓰입니다 (균형발전제도과).pdf,,,deferred,,https://www.mois.go.kr/cmm/fms/FileDown.do?atchFileId=FILE_00140919sAHSfq2&fileSn=1,
1159,122158,1,251204(조간) 저연차공무원 시선으로 공직문화 다시 쓴다 2025년 ‘조직문화 새로고침(F5)’ 총회 개최(행정제도과).hwp,hwp,359936,extracted,,https://www.mois.go.kr/cmm/fms/FileDown.do?atchFileId=FILE_00140918_Kw4Map&fileSn=0,1192
1159,122158,2,251204(조간) 저연차공무원 시선으로 공직문화 다시 쓴다 2025년 ‘조직문화 새로고침(F5)’ 총회 개최(행정제도과).pdf,,,deferred,,https://www.mois.go.kr/cmm/fms/FileDown.do?atchFileId=FILE_00140918_Kw4Map&fileSn=1,
1160,122151,1,251203 (석간) 2025년 공공 AI 대전환 챌린지로 공공서비스 미래연다 (공공인공지능혁신과).hwpx,hwpx,365199,extracted,,https://www.mois.go.kr/cmm/fms/FileDown.do?atchFileId=FILE_00140914hiua-rM&fileSn=0,5269
1160,122151,2,251203 (석간) 2025년 공공 AI 대전환 챌린지로 공공서비스 미래연다 (공공인공지능혁신과).pdf,,,deferred,,https://www.mois.go.kr/cmm/fms/FileDown.do?atchFileId=FILE_00140914hiua-rM&fileSn=1,
1161,122162,1,251203(09시) 2026년 행정안전부 예산 76조 9055억원 확정.hwpx,hwpx,360996,extracted,,https://www.mois.go.kr/cmm/fms/FileDown.do?atchFileId=FILE_001409513IJCd2h&fileSn=0,2418
1161,122162,2,251203(09시) 2026년 행정안전부 예산 76조 9055억원 확정.pdf,,,deferred,,https://www.mois.go.kr/cmm/fms/FileDown.do?atchFileId=FILE_001409513IJCd2h&fileSn=1,
1162,122131,1,251203 (16시) 눈으로 보고 직접 느끼는 AI 민주정부와 국민주권정부의 미래(혁신기획과).hwpx,hwpx,4005002,extracted,,https://www.mois.go.kr/cmm/fms/FileDown.do?atchFileId=FILE_00140922Qtwxxnp&fileSn=0,8047
1162,122131,2,251203 (16시) 눈으로 보고 직접 느끼는 AI 민주정부와 국민주권정부의 미래(혁신기획과).pdf,,,deferred,,https://www.mois.go.kr/cmm/fms/FileDown.do?atchFileId=FILE_00140922Qtwxxnp&fileSn=1,
1163,122129,1,251203 (16시) 국민주권시대 AI와 함께 열다 국민주권정부의 정부혁신 청사진 공개(혁신기획과).hwpx,hwpx,367634,extracted,,https://www.mois.go.kr/cmm/fms/FileDown.do?atchFileId=FILE_00140921ObS_Mi_&fileSn=0,3759
1163,122129,2,251203 (16시) 국민주권시대 AI와 함께 열다 국민주권정부의 정부혁신 청사진 공개(혁신기획과).pdf,,,deferred,,https://www.mois.go.kr/cmm/fms/FileDown.do?atchFileId=FILE_00140921ObS_Mi_&fileSn=1,
1164,122164,1,251202 (국무회의종료시) 국민주권정부 경청과 통합의 가치를 담아 국민통합위원회 새출발(사회통합지원과).hwpx,hwpx,358124,extracted,,https://www.mois.go.kr/cmm/fms/FileDown.do?atchFileId=FILE_00140952Co_lrt9&fileSn=0,1811
1164,122164,2,251202 (국무회의종료시) 국민주권정부 경청과 통합의 가치를 담아 국민통합위원회 새출발(사회통합지원과).pdf,,,deferred,,https://www.mois.go.kr/cmm/fms/FileDown.do?atchFileId=FILE_00140952Co_lrt9&fileSn=1,
1165,122132,1,251203 (조간) 전국 읍면동이 움직였다! 주민 복지와 안전 서비스 개선 사례 한자리에(스마트복지안전공동체추진단 스마트안전기획팀).hwp,hwp,362496,extracted,,https://www.mois.go.kr/cmm/fms/FileDown.do?atchFileId=FILE_00140923w_gH7Yn&fileSn=0,2533
1165,122132,2,251203 (조간) 전국 읍면동이 움직였다! 주민 복지와 안전 서비스 개선 사례 한자리에(스마트복지안전공동체추진단 스마트안전기획팀).pdf,,,deferred,,https://www.mois.go.kr/cmm/fms/FileDown.do?atchFileId=FILE_00140923w_gH7Yn&fileSn=1,
1166,122127,1,251201 (17시) 올겨울 본격적인 첫눈과 한파 예고! 국민 안전을 위한 정부 대응 총력(자연재난대응과).hwpx,hwpx,6330947,extracted,,https://www.mois.go.kr/cmm/fms/FileDown.do?atchFileId=FILE_00140902l-qpq5U&fileSn=0,1521
1166,122127,2,251201 (17시) 올겨울 본격적인 첫눈과 한파 예고! 국민 안전을 위한 정부 대응 총력(자연재난대응과).pdf,,,deferred,,https://www.mois.go.kr/cmm/fms/FileDown.do?atchFileId=FILE_00140902l-qpq5U&fileSn=1,
1167,122093,1,251202 (조간) 복합재난에 맞서기 위한 재난안전정책 민관학연이 함께 머리 맞댄다(국립재난안전연구원 지진방재센터).hwpx,hwpx,370493,extracted,,https://www.mois.go.kr/cmm/fms/FileDown.do?atchFileId=FILE_00140889nedsliS&fileSn=0,1646
1167,122093,2,251202 (조간) 복합재난에 맞서기 위한 재난안전정책 민관학연이 함께 머리 맞댄다(국립재난안전연구원 지진방재센터).pdf,,,deferred,,https://www.mois.go.kr/cmm/fms/FileDown.do?atchFileId=FILE_00140889nedsliS&fileSn=1,
1168,122094,1,251201 (참고) 행정안전부 국가재난안전교육원 2025 한국행정혁신대상 대상 수상(국가재난안전교육원 기획협력과).hwpx,hwpx,2899935,extracted,,https://www.mois.go.kr/cmm/fms/FileDown.do?atchFileId=FILE_00140891bGIoEVf&fileSn=0,1045
1168,122094,2,251201 (참고) 행정안전부 국가재난안전교육원 2025 한국행정혁신대상 대상 수상(국가재난안전교육원 기획협력과).pdf,,,deferred,,https://www.mois.go.kr/cmm/fms/FileDown.do?atchFileId=FILE_00140891bGIoEVf&fileSn=1,
1169,122090,1,251201 (조간) 내 주변 빙판길 안전신문고로 즉시 신고하세요!(안전개선과).hwpx,hwpx,2663811,extracted,,https://www.mois.go.kr/cmm/fms/FileDown.do?atchFileId=FILE_00140888xn4RJcB&fileSn=0,1197
1169,122090,2,251201 (조간) 내 주변 빙판길 안전신문고로 즉시 신고하세요!(안전개선과).pdf,,,deferred,,https://www.mois.go.kr/cmm/fms/FileDown.do?atchFileId=FILE_00140888xn4RJcB&fileSn=1,
1170,122089,1,251201 (조간) 외국인주민 지원 현장에서 답을 찾다... 사회통합 실현 앞장선 지방정부 우수 정책사례 한자리에(사회통합지원과).hwpx,hwpx,373443,extracted,,https://www.mois.go.kr/cmm/fms/FileDown.do?atchFileId=FILE_001408873-Yrwbe&fileSn=0,3417
1170,122089,2,251201 (조간) 외국인주민 지원 현장에서 답을 찾다... 사회통합 실현 앞장선 지방정부 우수 정책사례 한자리에(사회통합지원과).pdf,,,deferred,,https://www.mois.go.kr/cmm/fms/FileDown.do?atchFileId=FILE_001408873-Yrwbe&fileSn=1,
1171,122087,1,251130 (09시) 대전한화불꽃쇼 안전도 빛난다! 인파 안전관리에 빈틈 없도록 챙긴다(사회재난대응총괄과).hwpx,hwpx,271515,extracted,,https://www.mois.go.kr/cmm/fms/FileDown.do?atchFileId=FILE_00140859zGGMBJX&fileSn=0,1145
1171,122087,2,251130 (09시) 대전한화불꽃쇼 안전도 빛난다! 인파 안전관리에 빈틈 없도록 챙긴다(사회재난대응총괄과).pdf,,,deferred,,https://www.mois.go.kr/cmm/fms/FileDown.do?atchFileId=FILE_00140859zGGMBJX&fileSn=1,
1172,122067,1,251129 (16시30분) 한파쉼터부터 고속도로 제설까지 올겨울 한파·대설 선제적으로 대비한다(재난자원관리과).hwpx,hwpx,6442643,extracted,,https://www.mois.go.kr/cmm/fms/FileDown.do?atchFileId=FILE_00140819mAkKxkW&fileSn=0,1019
1172,122067,2,251129 (16시30분) 한파쉼터부터 고속도로 제설까지 올겨울 한파·대설 선제적으로 대비한다(재난자원관리과).pdf,,,deferred,,https://www.mois.go.kr/cmm/fms/FileDown.do?atchFileId=FILE_00140819mAkKxkW&fileSn=1,
1173,122072,1,251129 (15시) 고향사랑기부를 위한 따뜻한 동행 행안부-한국세무사회-SBS가 함께한다(균형발전진흥과).hwpx,hwpx,465740,extracted,,https://www.mois.go.kr/cmm/fms/FileDown.do?atchFileId=FILE_00140820jayG2dq&fileSn=0,2196
1173,122072,2,251129 (15시) 고향사랑기부를 위한 따뜻한 동행 행안부-한국세무사회-SBS가 함께한다(균형발전진흥과).pdf,,,deferred,,https://www.mois.go.kr/cmm/fms/FileDown.do?atchFileId=FILE_00140820jayG2dq&fileSn=1,
1174,122058,1,251128 (10시20분) 지방정부 핵심 실용인재 10개월간 대장정 마치고 지역현장으로(지방자치인재개발원 정책리더양성과).hwpx,hwpx,356211,extracted,,https://www.mois.go.kr/cmm/fms/FileDown.do?atchFileId=FILE_001408169EB2tDl&fileSn=0,1612
1174,122058,2,251128 (10시20분) 지방정부 핵심 실용인재 10개월간 대장정 마치고 지역현장으로(지방자치인재개발원 정책리더양성과).pdf,,,deferred,,https://www.mois.go.kr/cmm/fms/FileDown.do?atchFileId=FILE_001408169EB2tDl&fileSn=1,
1175,122046,1,251128 (13시) 국민에게 선택받은 올해 최고의 적극행정은(공무원단체과).hwpx,hwpx,335732,extracted,,https://www.mois.go.kr/cmm/fms/FileDown.do?atchFileId=FILE_00140785bZMPDwp&fileSn=0,5123
1175,122046,2,251128 (13시) 국민에게 선택받은 올해 최고의 적극행정은(공무원단체과).pdf,,,deferred,,https://www.mois.go.kr/cmm/fms/FileDown.do?atchFileId=FILE_00140785bZMPDwp&fileSn=1,
1176,122045,1,251127 (참고) 국립재난안전연구원-한국가스안전공사 재난사고조사 연합컨퍼런스 개최(국립재난안전연구원 재난원인조사실).hwpx,hwpx,357545,extracted,,https://www.mois.go.kr/cmm/fms/FileDown.do?atchFileId=FILE_001407845ocXOMa&fileSn=0,1017
1176,122045,2,251127 (참고) 국립재난안전연구원-한국가스안전공사 재난사고조사 연합컨퍼런스 개최(국립재난안전연구원 재난원인조사실).pdf,,,deferred,,https://www.mois.go.kr/cmm/fms/FileDown.do?atchFileId=FILE_001407845ocXOMa&fileSn=1,
1177,122014,1,251127 (조간) 2025년 집중안전점검 참여 우수기관 선정(재난안전점검과).hwpx,hwpx,356283,extracted,,https://www.mois.go.kr/cmm/fms/FileDown.do?atchFileId=FILE_00140807r8ubMTs&fileSn=0,1286
1177,122014,2,251127 (조간) 2025년 집중안전점검 참여 우수기관 선정(재난안전점검과).pdf,,,deferred,,https://www.mois.go.kr/cmm/fms/FileDown.do?atchFileId=FILE_00140807r8ubMTs&fileSn=1,
1178,122013,1,251127 (조간) 어린이 노인 보행사고 다발지역 위험요인 분석해 개선에 나선다(안전개선과).hwpx,hwpx,361832,extracted,,https://www.mois.go.kr/cmm/fms/FileDown.do?atchFileId=FILE_00140806ptdScUx&fileSn=0,847
1178,122013,2,251127 (조간) 어린이 노인 보행사고 다발지역 위험요인 분석해 개선에 나선다(안전개선과).pdf,,,deferred,,https://www.mois.go.kr/cmm/fms/FileDown.do?atchFileId=FILE_00140806ptdScUx&fileSn=1,
1179,122012,1,251127 (조간) 전기장판 난로 화재 안전에 유의하세요!(예방안전제도과).hwpx,hwpx,669316,extracted,,https://www.mois.go.kr/cmm/fms/FileDown.do?atchFileId=FILE_00140805W_Bxdk9&fileSn=0,1492
1179,122012,2,251127 (조간) 전기장판 난로 화재 안전에 유의하세요!(예방안전제도과).pdf,,,deferred,,https://www.mois.go.kr/cmm/fms/FileDown.do?atchFileId=FILE_00140805W_Bxdk9&fileSn=1,
1180,122005,1,251126 (11시40분) 구호의 손길이 필요한 재난 현장 정부와 물류기업이 손잡고 발빠르게 다가간다(재난자원관리과).hwpx,hwpx,368661,extracted,,https://www.mois.go.kr/cmm/fms/FileDown.do?atchFileId=FILE_00140801BAmte7a&fileSn=0,2836
1180,122005,2,251126 (11시40분) 구호의 손길이 필요한 재난 현장 정부와 물류기업이 손잡고 발빠르게 다가간다(재난자원관리과).pdf,,,deferred,,https://www.mois.go.kr/cmm/fms/FileDown.do?atchFileId=FILE_00140801BAmte7a&fileSn=1,
1181,122031,1,251126 (브리핑시작시) 지방의회 임기 만료 1년 전부터 단순 외유성 연수 원칙적으로 금지된다(선거의회자치법규과).hwpx,hwpx,361896,extracted,,https://www.mois.go.kr/cmm/fms/FileDown.do?atchFileId=FILE_00140783J-YsKwe&fileSn=0,2102
1181,122031,2,251126 (브리핑시작시) 지방의회 임기 만료 1년 전부터 단순 외유성 연수 원칙적으로 금지된다(선거의회자치법규과).pdf,,,deferred,,https://www.mois.go.kr/cmm/fms/FileDown.do?atchFileId=FILE_00140783J-YsKwe&fileSn=1,
1182,122008,1,251126 (참고) 국가재난안전교육원 최초로 지역자율방재단을 찾아간다(국가재난안전교육원 민방위비상대비교육과).hwpx,hwpx,358424,extracted,,https://www.mois.go.kr/cmm/fms/FileDown.do?atchFileId=FILE_001408040TxWLDq&fileSn=0,735
1182,122008,2,251126 (참고) 국가재난안전교육원 최초로 지역자율방재단을 찾아간다(국가재난안전교육원 민방위비상대비교육과).pdf,,,deferred,,https://www.mois.go.kr/cmm/fms/FileDown.do?atchFileId=FILE_001408040TxWLDq&fileSn=1,
1183,122007,1,251126 (참고) 국가재난안전교육원과 평창올림픽·패럴림픽기념관 사회적 가치창출 및 안전문화 조성을 위한 업무협약 체결(국가재난안전교육원 기획협력과).hwpx,hwpx,358639,extracted,,https://www.mois.go.kr/cmm/fms/FileDown.do?atchFileId=FILE_00140803eNjnyOt&fileSn=0,720
1183,122007,2,251126 (참고) 국가재난안전교육원과 평창올림픽·패럴림픽기념관 사회적 가치창출 및 안전문화 조성을 위한 업무협약 체결(국가재난안전교육원 기획협력과).pdf,,,deferred,,https://www.mois.go.kr/cmm/fms/FileDown.do?atchFileId=FILE_00140803eNjnyOt&fileSn=1,
1184,121984,1,251126 (17시) 겨울철 대비 레디 코리아 훈련 해상 선박 충돌사고 대응체계 점검(재난대응훈련과).hwpx,hwpx,363083,extracted,,https://www.mois.go.kr/cmm/fms/FileDown.do?atchFileId=FILE_00140758OFIo9--&fileSn=0,2259
1184,121984,2,251126 (17시) 겨울철 대비 레디 코리아 훈련 해상 선박 충돌사고 대응체계 점검(재난대응훈련과).pdf,,,deferred,,https://www.mois.go.kr/cmm/fms/FileDown.do?atchFileId=FILE_00140758OFIo9--&fileSn=1,
1185,122006,1,251125 (즉시) 행정안전부 국민의 행복과 안전을 위한 참여 연대 혁신을 강화하는 조직개편 시행(혁신행정담당관).hwpx,hwpx,1710927,extracted,,https://www.mois.go.kr/cmm/fms/FileDown.do?atchFileId=FILE_00140802sOJXZ8F&fileSn=0,3155
1185,122006,2,251125 (즉시) 행정안전부 국민의 행복과 안전을 위한 참여 연대 혁신을 강화하는 조직개편 시행(혁신행정담당관).pdf,,,deferred,,https://www.mois.go.kr/cmm/fms/FileDown.do?atchFileId=FILE_00140802sOJXZ8F&fileSn=1,
1186,121983,1,251126 (조간) 상사의 위법한 직무상 명령 거부해도 보호받는다(지방인사제도과).hwpx,hwpx,354559,extracted,,https://www.mois.go.kr/cmm/fms/FileDown.do?atchFileId=FILE_00140757aa9hJ8g&fileSn=0,2157
1186,121983,2,251126 (조간) 상사의 위법한 직무상 명령 거부해도 보호받는다(지방인사제도과).pdf,,,deferred,,https://www.mois.go.kr/cmm/fms/FileDown.do?atchFileId=FILE_00140757aa9hJ8g&fileSn=1,
1187,121962,1,251125 (석간) 주소정보산업통계 2025년 국가 통계 개발 개선 분야 우수통계 선정(주소정보혁신과).hwpx,hwpx,359524,extracted,,https://www.mois.go.kr/cmm/fms/FileDown.do?atchFileId=FILE_00140751-n1uj-U&fileSn=0,2658
1187,121962,2,251125 (석간) 주소정보산업통계 2025년 국가 통계 개발 개선 분야 우수통계 선정(주소정보혁신과).pdf,,,deferred,,https://www.mois.go.kr/cmm/fms/FileDown.do?atchFileId=FILE_00140751-n1uj-U&fileSn=1,
1188,121963,1,251125 (참고) 재난 산업안전 분야 AI 기술 협력 공동 세미나 개최(국립재난안전연구원 잠재재난위험분석센터).hwpx,hwpx,357190,extracted,,https://www.mois.go.kr/cmm/fms/FileDown.do?atchFileId=FILE_00140752lPrCO0c&fileSn=0,1240
1188,121963,2,251125 (참고) 재난 산업안전 분야 AI 기술 협력 공동 세미나 개최(국립재난안전연구원 잠재재난위험분석센터).pdf,,,deferred,,https://www.mois.go.kr/cmm/fms/FileDown.do?atchFileId=FILE_00140752lPrCO0c&fileSn=1,
1189,121943,1,251125 (16시) 민간 최신 AI 행정망에서 보안 걱정 없이 활용해 AI 행정시대 활짝 연다(공공지능데이터분석과).hwpx,hwpx,537374,extracted,,https://www.mois.go.kr/cmm/fms/FileDown.do?atchFileId=FILE_00140725uTtu34W&fileSn=0,2646
1189,121943,2,251125 (16시) 민간 최신 AI 행정망에서 보안 걱정 없이 활용해 AI 행정시대 활짝 연다(공공지능데이터분석과).pdf,,,deferred,,https://www.mois.go.kr/cmm/fms/FileDown.do?atchFileId=FILE_00140725uTtu34W&fileSn=1,
1190,121903,1,251125 (14시) 2025 대한민국 정부혁신 박람회 성공 개최 위해 민관 크리에이터 한 자리에(혁신기획과).hwpx,hwpx,9560517,extracted,,https://www.mois.go.kr/cmm/fms/FileDown.do?atchFileId=FILE_001407245JiEo7C&fileSn=0,1789
1190,121903,2,251125 (14시) 2025 대한민국 정부혁신 박람회 성공 개최 위해 민관 크리에이터 한 자리에(혁신기획과).pdf,,,deferred,,https://www.mois.go.kr/cmm/fms/FileDown.do?atchFileId=FILE_001407245JiEo7C&fileSn=1,
1191,121941,1,251125 (12시30분) 행정안전부 제8기 정책자문위원회 출범(기획재정담당관).pdf,,,deferred,,https://www.mois.go.kr/cmm/fms/FileDown.do?atchFileId=FILE_001406586zoEpzP&fileSn=0,
1191,121941,2,251125 (12시30분) 행정안전부 제8기 정책자문위원회 출범(기획재정담당관).hwpx,hwpx,366630,extracted,,https://www.mois.go.kr/cmm/fms/FileDown.do?atchFileId=FILE_001406586zoEpzP&fileSn=1,1557
1192,121942,1,251125 (조간) 지방정부의 규제혁신 우수사례를 만나다(지방규제혁신과).hwpx,hwpx,3096303,extracted,,https://www.mois.go.kr/cmm/fms/FileDown.do?atchFileId=FILE_00140723NE2XgqX&fileSn=0,2509
1192,121942,2,251125 (조간) 지방정부의 규제혁신 우수사례를 만나다(지방규제혁신과).pdf,,,deferred,,https://www.mois.go.kr/cmm/fms/FileDown.do?atchFileId=FILE_00140723NE2XgqX&fileSn=1,
1193,121955,1,251124 (10시) 고병원성 조류인플루엔자 확산 방지를 위해 재난특교세 긴급 지원(재난관리정책과).hwpx,hwpx,355440,extracted,,https://www.mois.go.kr/cmm/fms/FileDown.do?atchFileId=FILE_00140664zMZ6g9C&fileSn=0,705
1193,121955,2,251124 (10시) 고병원성 조류인플루엔자 확산 방지를 위해 재난특교세 긴급 지원(재난관리정책과).pdf,,,deferred,,https://www.mois.go.kr/cmm/fms/FileDown.do?atchFileId=FILE_00140664zMZ6g9C&fileSn=1,
1194,121898,1,251124 (조간) 전국 빗물받이 정비로 침수 예방을 위한 배수능력 강화(재난관리정책과).hwpx,hwpx,425158,extracted,,https://www.mois.go.kr/cmm/fms/FileDown.do?atchFileId=FILE_00140674JrO6VVU&fileSn=0,2982
1194,121898,2,251124 (조간) 전국 빗물받이 정비로 침수 예방을 위한 배수능력 강화(재난관리정책과).pdf,,,deferred,,https://www.mois.go.kr/cmm/fms/FileDown.do?atchFileId=FILE_00140674JrO6VVU&fileSn=1,
1195,121897,1,251124 (조간) 민생회복 소비쿠폰 11월 30일까지 꼭 사용하세요(재정정책과).hwpx,hwpx,284409,extracted,,https://www.mois.go.kr/cmm/fms/FileDown.do?atchFileId=FILE_00140673hNgsJYu&fileSn=0,717
1195,121897,2,251124 (조간) 민생회복 소비쿠폰 11월 30일까지 꼭 사용하세요(재정정책과).pdf,,,deferred,,https://www.mois.go.kr/cmm/fms/FileDown.do?atchFileId=FILE_00140673hNgsJYu&fileSn=1,
1196,121954,1,251123 (즉시) 행정안전부 장관 강원 양양군 산불 관련 긴급지시(환경산림재난대응과).hwpx,hwpx,353683,extracted,,https://www.mois.go.kr/cmm/fms/FileDown.do?atchFileId=FILE_00140663DTCzYNU&fileSn=0,609
1196,121954,2,251123 (즉시) 행정안전부 장관 강원 양양군 산불 관련 긴급지시(환경산림재난대응과).pdf,,,deferred,,https://www.mois.go.kr/cmm/fms/FileDown.do?atchFileId=FILE_00140663DTCzYNU&fileSn=1,
1197,121877,1,251122 (14시) 고병원성 조류인플루엔자 확산 저지를 위해 총력 대응(농축산해양재난대응과).hwpx,hwpx,355137,extracted,,https://www.mois.go.kr/cmm/fms/FileDown.do?atchFileId=FILE_00140538H5CJbBh&fileSn=0,1342
1197,121877,2,251122 (14시) 고병원성 조류인플루엔자 확산 저지를 위해 총력 대응(농축산해양재난대응과).pdf,,,deferred,,https://www.mois.go.kr/cmm/fms/FileDown.do?atchFileId=FILE_00140538H5CJbBh&fileSn=1,
1198,121891,1,251120 (즉시) 행정안전부 장관 강원 인제군 산불 관련 긴급지시(환경산림재난대응과).hwpx,hwpx,351639,extracted,,https://www.mois.go.kr/cmm/fms/FileDown.do?atchFileId=FILE_00140661zCog_kQ&fileSn=0,558
1198,121891,2,251120 (즉시) 행정안전부 장관 강원 인제군 산불 관련 긴급지시(환경산림재난대응과).pdf,,,deferred,,https://www.mois.go.kr/cmm/fms/FileDown.do?atchFileId=FILE_00140661zCog_kQ&fileSn=1,
1199,121879,1,251120 (즉시) 행정안전부 헌법존중 정부혁신 TF를 가동하여 공직사회의 신뢰를 회복한다(감사담당관).hwpx,hwpx,350015,extracted,,https://www.mois.go.kr/cmm/fms/FileDown.do?atchFileId=FILE_00140540XKW5qaN&fileSn=0,829
1199,121879,2,251120 (즉시) 행정안전부 헌법존중 정부혁신 TF를 가동하여 공직사회의 신뢰를 회복한다(감사담당관).pdf,,,deferred,,https://www.mois.go.kr/cmm/fms/FileDown.do?atchFileId=FILE_00140540XKW5qaN&fileSn=1,
1200,121855,1,251121 (14시30분) 행정안전부 이달의 행안인 시상 및 직원소통 포럼 개최(미래전략담당관).hwpx,hwpx,358088,extracted,,https://www.mois.go.kr/cmm/fms/FileDown.do?atchFileId=FILE_00140582Va_DAnY&fileSn=0,2040
1200,121855,2,251121 (14시30분) 행정안전부 이달의 행안인 시상 및 직원소통 포럼 개최(미래전략담당관).pdf,,,deferred,,https://www.mois.go.kr/cmm/fms/FileDown.do?atchFileId=FILE_00140582Va_DAnY&fileSn=1,
1201,121872,1,251121 (14시) 골드버튼의 주인공을 찾습니다! 지방자치 크리에이터 경진대회 개최(자치분권제도과).hwpx,hwpx,1359676,extracted,,https://www.mois.go.kr/cmm/fms/FileDown.do?atchFileId=FILE_00140537jW5buae&fileSn=0,1807
1201,121872,2,251121 (14시) 골드버튼의 주인공을 찾습니다! 지방자치 크리에이터 경진대회 개최(자치분권제도과).pdf,,,deferred,,https://www.mois.go.kr/cmm/fms/FileDown.do?atchFileId=FILE_00140537jW5buae&fileSn=1,
1202,121859,1,251121 (조간) 지방공공기관장의 부적정한 복무·출장 채용비위 부당계약 등에 경각심 높인다(지방공공기관관리과).hwpx,hwpx,357874,extracted,,https://www.mois.go.kr/cmm/fms/FileDown.do?atchFileId=FILE_00140586Ek2ABJl&fileSn=0,1979
1202,121859,2,251121 (조간) 지방공공기관장의 부적정한 복무·출장 채용비위 부당계약 등에 경각심 높인다(지방공공기관관리과).pdf,,,deferred,,https://www.mois.go.kr/cmm/fms/FileDown.do?atchFileId=FILE_00140586Ek2ABJl&fileSn=1,
1203,121858,1,251121 (조간) 지방의회 지역 현안 해결과 주민수요 대응에 앞장선다(선거의회자치법규과).hwpx,hwpx,367726,extracted,,https://www.mois.go.kr/cmm/fms/FileDown.do?atchFileId=FILE_00140585Usj0IjD&fileSn=0,4978
1203,121858,2,251121 (조간) 지방의회 지역 현안 해결과 주민수요 대응에 앞장선다(선거의회자치법규과).pdf,,,deferred,,https://www.mois.go.kr/cmm/fms/FileDown.do?atchFileId=FILE_00140585Usj0IjD&fileSn=1,
1204,121857,1,251121 (조간) 국민이 행복한 기본사회의 방향 지방정부가 먼저 제시한다(자치행정과).hwpx,hwpx,206318,extracted,,https://www.mois.go.kr/cmm/fms/FileDown.do?atchFileId=FILE_001405845dRKTWW&fileSn=0,3682
1204,121857,2,251121 (조간) 국민이 행복한 기본사회의 방향 지방정부가 먼저 제시한다(자치행정과).pdf,,,deferred,,https://www.mois.go.kr/cmm/fms/FileDown.do?atchFileId=FILE_001405845dRKTWW&fileSn=1,
1205,121856,1,251121 (조간) 차종 등록일 등 이륜자동차 정보 개방 기업 공공데이터 문제해결 1호 성과(공공지능데이터정책과).hwpx,hwpx,360264,extracted,,https://www.mois.go.kr/cmm/fms/FileDown.do?atchFileId=FILE_00140583P70AsGZ&fileSn=0,1839
1205,121856,2,251121 (조간) 차종 등록일 등 이륜자동차 정보 개방 기업 공공데이터 문제해결 1호 성과(공공지능데이터정책과).pdf,,,deferred,,https://www.mois.go.kr/cmm/fms/FileDown.do?atchFileId=FILE_00140583P70AsGZ&fileSn=1,
1206,121846,1,251120 (석간) 주민이 주인 되는 자치의 현장 전국의 우수사례가 한자리에(자치분권제도과).hwpx,hwpx,370650,extracted,,https://www.mois.go.kr/cmm/fms/FileDown.do?atchFileId=FILE_00140550UoWqN_B&fileSn=0,3170
1206,121846,2,251120 (석간) 주민이 주인 되는 자치의 현장 전국의 우수사례가 한자리에(자치분권제도과).pdf,,,deferred,,https://www.mois.go.kr/cmm/fms/FileDown.do?atchFileId=FILE_00140550UoWqN_B&fileSn=1,
1207,121869,1,251119 (즉시) 행정안전부 장관 전남 신안해역 여객선 좌초 관련 긴급 지시(농축산해양재난대응과).hwpx,hwpx,340030,extracted,,https://www.mois.go.kr/cmm/fms/FileDown.do?atchFileId=FILE_00140595_wKtjWd&fileSn=0,381
1207,121869,2,251119 (즉시) 행정안전부 장관 전남 신안해역 여객선 좌초 관련 긴급 지시(농축산해양재난대응과).pdf,,,deferred,,https://www.mois.go.kr/cmm/fms/FileDown.do?atchFileId=FILE_00140595_wKtjWd&fileSn=1,
1208,121816,1,251120 (15시30분) 지역소멸 주민자치로 돌파구 찾는다 국내외 전문가가 논하는 지방자치의 미래(자치분권제도과).hwpx,hwpx,369392,extracted,,https://www.mois.go.kr/cmm/fms/FileDown.do?atchFileId=FILE_00140515l4zpuEM&fileSn=0,3810
1208,121816,2,251120 (15시30분) 지역소멸 주민자치로 돌파구 찾는다 국내외 전문가가 논하는 지방자치의 미래(자치분권제도과).pdf,,,deferred,,https://www.mois.go.kr/cmm/fms/FileDown.do?atchFileId=FILE_00140515l4zpuEM&fileSn=1,
1209,121830,1,251120 (15시) 대한민국의 희망 참여 연대 혁신의 지방자치(자치분권제도과).hwpx,hwpx,368166,extracted,,https://www.mois.go.kr/cmm/fms/FileDown.do?atchFileId=FILE_00140542N94xBMN&fileSn=0,4254
1209,121830,2,251120 (15시) 대한민국의 희망 참여 연대 혁신의 지방자치(자치분권제도과).pdf,,,deferred,,https://www.mois.go.kr/cmm/fms/FileDown.do?atchFileId=FILE_00140542N94xBMN&fileSn=1,
1210,121812,1,251120 (조간) 인공지능(AI) 기술로 주민불편 해결! 2025년 공감e가득사업 성과 한눈에(지역청년정책과).hwpx,hwpx,357976,extracted,,https://www.mois.go.kr/cmm/fms/FileDown.do?atchFileId=FILE_00140514AR6RAX2&fileSn=0,1742
1210,121812,2,251120 (조간) 인공지능(AI) 기술로 주민불편 해결! 2025년 공감e가득사업 성과 한눈에(지역청년정책과).pdf,,,deferred,,https://www.mois.go.kr/cmm/fms/FileDown.do?atchFileId=FILE_00140514AR6RAX2&fileSn=1,
1211,121831,1,251119 (10시) 지방세 지방행정제재 부과금 고액 상습 체납자 명단 공개 고의 체납 끝까지 추적한다(지방세정책과).hwpx,hwpx,129970,extracted,,https://www.mois.go.kr/cmm/fms/FileDown.do?atchFileId=FILE_00140543Ggm0t3L&fileSn=0,6902
1211,121831,2,251119 (10시) 지방세 지방행정제재 부과금 고액 상습 체납자 명단 공개 고의 체납 끝까지 추적한다(지방세정책과).pdf,,,deferred,,https://www.mois.go.kr/cmm/fms/FileDown.do?atchFileId=FILE_00140543Ggm0t3L&fileSn=1,
1212,121806,1,251119 (09시30분) 해양수산부의 차질없는 부산 이전 위해 행정안전부도 적극 지원 나선다(자치행정과).hwpx,hwpx,359954,extracted,,https://www.mois.go.kr/cmm/fms/FileDown.do?atchFileId=FILE_00140512KMkJZJ0&fileSn=0,772
1212,121806,2,251119 (09시30분) 해양수산부의 차질없는 부산 이전 위해 행정안전부도 적극 지원 나선다(자치행정과).pdf,,,deferred,,https://www.mois.go.kr/cmm/fms/FileDown.do?atchFileId=FILE_00140512KMkJZJ0&fileSn=1,
1213,121791,1,251119 (15시30분) 윤호중 행정안전부 장관 겨울철 인명사고 대비 건설현장 안전점검(예방안전제도과).hwpx,hwpx,353560,extracted,,https://www.mois.go.kr/cmm/fms/FileDown.do?atchFileId=FILE_00140478sDRmBBB&fileSn=0,644
1213,121791,2,251119 (15시30분) 윤호중 행정안전부 장관 겨울철 인명사고 대비 건설현장 안전점검(예방안전제도과).pdf,,,deferred,,https://www.mois.go.kr/cmm/fms/FileDown.do?atchFileId=FILE_00140478sDRmBBB&fileSn=1,
1214,121805,1,251118 (즉시) 혐오 비방성 현수막 관리 강화된다(주소생활공간과).hwpx,hwpx,362866,extracted,,https://www.mois.go.kr/cmm/fms/FileDown.do?atchFileId=FILE_00140511bxNTvv0&fileSn=0,2909
1214,121805,2,251118 (즉시) 혐오 비방성 현수막 관리 강화된다(주소생활공간과).pdf,,,deferred,,https://www.mois.go.kr/cmm/fms/FileDown.do?atchFileId=FILE_00140511bxNTvv0&fileSn=1,
1215,121804,1,251118 (15시) 행정정보시스템 재난 위기경보 경계→주의 하향(디지털정부기획과).hwpx,hwpx,350957,extracted,,https://www.mois.go.kr/cmm/fms/FileDown.do?atchFileId=FILE_00140480SloeavE&fileSn=0,1296
1215,121804,2,251118 (15시) 행정정보시스템 재난 위기경보 경계→주의 하향(디지털정부기획과).pdf,,,deferred,,https://www.mois.go.kr/cmm/fms/FileDown.do?atchFileId=FILE_00140480SloeavE&fileSn=1,
1216,121790,1,251119 (14시) 윤호중 행정안전부 장관 초등학교 등하굣길 안전 현장점검(안전개선과).hwpx,hwpx,873053,extracted,,https://www.mois.go.kr/cmm/fms/FileDown.do?atchFileId=FILE_00140477PkeTY2D&fileSn=0,1639
1216,121790,2,251119 (14시) 윤호중 행정안전부 장관 초등학교 등하굣길 안전 현장점검(안전개선과).pdf,,,deferred,,https://www.mois.go.kr/cmm/fms/FileDown.do?atchFileId=FILE_00140477PkeTY2D&fileSn=1,
1217,121782,1,251119 (조간) 전국 시군구 과장과 읍면동장 국정철학 공유로 정책 실행력 높인다(지방자치인재개발원 기획협력과).hwpx,hwpx,352152,extracted,,https://www.mois.go.kr/cmm/fms/FileDown.do?atchFileId=FILE_001404835u6Zmal&fileSn=0,1101
1217,121782,2,251119 (조간) 전국 시군구 과장과 읍면동장 국정철학 공유로 정책 실행력 높인다(지방자치인재개발원 기획협력과).pdf,,,deferred,,https://www.mois.go.kr/cmm/fms/FileDown.do?atchFileId=FILE_001404835u6Zmal&fileSn=1,
1218,121781,1,251119 (조간) 조세이탄광 수몰사고 지원방안 마련을 위한 현장 방문(대일항쟁기강제동원피해지원과).hwpx,hwpx,356197,extracted,,https://www.mois.go.kr/cmm/fms/FileDown.do?atchFileId=FILE_00140476-UGD5Ut&fileSn=0,809
1218,121781,2,251119 (조간) 조세이탄광 수몰사고 지원방안 마련을 위한 현장 방문(대일항쟁기강제동원피해지원과).pdf,,,deferred,,https://www.mois.go.kr/cmm/fms/FileDown.do?atchFileId=FILE_00140476-UGD5Ut&fileSn=1,
1219,121763,1,251118 (조간) 스마트폰 내려놓고 안전하게 걸어요! 어린이 보행안전 캠페인 실시(안전개선과).hwpx,hwpx,364887,extracted,,https://www.mois.go.kr/cmm/fms/FileDown.do?atchFileId=FILE_00140467Z2JwQMV&fileSn=0,934
1219,121763,2,251118 (조간) 스마트폰 내려놓고 안전하게 걸어요! 어린이 보행안전 캠페인 실시(안전개선과).pdf,,,deferred,,https://www.mois.go.kr/cmm/fms/FileDown.do?atchFileId=FILE_00140467Z2JwQMV&fileSn=1,
1220,121762,1,251118 (조간) 중앙 지방정부 세정혁신과 체납징수 강화 위한 현장 아이디어 공유(지방세정책과).hwpx,hwpx,354646,extracted,,https://www.mois.go.kr/cmm/fms/FileDown.do?atchFileId=FILE_00140466gXp-mS3&fileSn=0,1586
1220,121762,2,251118 (조간) 중앙 지방정부 세정혁신과 체납징수 강화 위한 현장 아이디어 공유(지방세정책과).pdf,,,deferred,,https://www.mois.go.kr/cmm/fms/FileDown.do?atchFileId=FILE_00140466gXp-mS3&fileSn=1,
1221,121760,1,251117 (조간) 대통령기록관 역대 대통령기록물 원문 4만 5천여 건 추가 공개(대통령기록관 기록서비스과).hwpx,hwpx,24798775,extracted,,https://www.mois.go.kr/cmm/fms/FileDown.do?atchFileId=FILE_00140465q-VklRH&fileSn=0,1250
1221,121760,2,251117 (조간) 대통령기록관 역대 대통령기록물 원문 4만 5천여 건 추가 공개(대통령기록관 기록서비스과).pdf,,,deferred,,https://www.mois.go.kr/cmm/fms/FileDown.do?atchFileId=FILE_00140465q-VklRH&fileSn=1,
1222,121754,1,251114 (즉시) 국가정보자원관리원 대전센터 내 행정정보시스템 모두 복구 완료(디지털기반안전과).hwpx,hwpx,221580,extracted,,https://www.mois.go.kr/cmm/fms/FileDown.do?atchFileId=FILE_00140432wlk2N6-&fileSn=0,681
1222,121754,2,251114 (즉시) 국가정보자원관리원 대전센터 내 행정정보시스템 모두 복구 완료(디지털기반안전과).pdf,,,deferred,,https://www.mois.go.kr/cmm/fms/FileDown.do?atchFileId=FILE_00140432wlk2N6-&fileSn=1,
1223,121702,1,251114 (16시) 겨울철 대설·한파 대책기간 돌입(자연재난대응과).hwpx,hwpx,6492152,extracted,,https://www.mois.go.kr/cmm/fms/FileDown.do?atchFileId=FILE_00140353xmvtvCA&fileSn=0,7559
1223,121702,2,251114 (16시) 겨울철 대설·한파 대책기간 돌입(자연재난대응과).pdf,,,deferred,,https://www.mois.go.kr/cmm/fms/FileDown.do?atchFileId=FILE_00140353xmvtvCA&fileSn=1,
1224,121703,1,251114 (조간) 2025년 대한민국 재난안전 연구개발 대상 선정(재난안전연구개발과).hwpx,hwpx,10423430,extracted,,https://www.mois.go.kr/cmm/fms/FileDown.do?atchFileId=FILE_001403149S-2J8W&fileSn=0,4472
1224,121703,2,251114 (조간) 2025년 대한민국 재난안전 연구개발 대상 선정(재난안전연구개발과).pdf,,,deferred,,https://www.mois.go.kr/cmm/fms/FileDown.do?atchFileId=FILE_001403149S-2J8W&fileSn=1,
1225,121701,1,251114 (조간) 군(軍) 도로명주소 사용해 보안성과 편의성 높인다(주소생활공간과).hwpx,hwpx,307829,extracted,,https://www.mois.go.kr/cmm/fms/FileDown.do?atchFileId=FILE_00140312E4Z9zMU&fileSn=0,3792
1225,121701,2,251114 (조간) 군(軍) 도로명주소 사용해 보안성과 편의성 높인다(주소생활공간과).pdf,,,deferred,,https://www.mois.go.kr/cmm/fms/FileDown.do?atchFileId=FILE_00140312E4Z9zMU&fileSn=1,
1226,121691,1,251112 (16시) 위기상황대응본부 1차 회의 개최(디지털정부기획과).hwpx,hwpx,348898,extracted,,https://www.mois.go.kr/cmm/fms/FileDown.do?atchFileId=FILE_00140321d0VCMI8&fileSn=0,1486
1226,121691,2,251112 (16시) 위기상황대응본부 1차 회의 개최(디지털정부기획과).pdf,,,deferred,,https://www.mois.go.kr/cmm/fms/FileDown.do?atchFileId=FILE_00140321d0VCMI8&fileSn=1,
1227,121692,1,251112 (14시) 내년 봄철 산불 대비 재난특교세 선제적 지원(재난관리정책과).hwpx,hwpx,349254,extracted,,https://www.mois.go.kr/cmm/fms/FileDown.do?atchFileId=FILE_00140295elVox1H&fileSn=0,540
1227,121692,2,251112 (14시) 내년 봄철 산불 대비 재난특교세 선제적 지원(재난관리정책과).pdf,,,deferred,,https://www.mois.go.kr/cmm/fms/FileDown.do?atchFileId=FILE_00140295elVox1H&fileSn=1,
1228,121668,1,251113 (조간) 앞으로 주민등록표 등본에 재혼가정의 자녀도 가족의 한 구성원으로 표기 됩니다(주민과).hwpx,hwpx,361086,extracted,,https://www.mois.go.kr/cmm/fms/FileDown.do?atchFileId=FILE_00140194pkH1jpl&fileSn=0,2106
1228,121668,2,251113 (조간) 앞으로 주민등록표 등본에 재혼가정의 자녀도 가족의 한 구성원으로 표기 됩니다(주민과).pdf,,,deferred,,https://www.mois.go.kr/cmm/fms/FileDown.do?atchFileId=FILE_00140194pkH1jpl&fileSn=1,
1229,121759,1,251111 (보도참고자료) 국가정보자원관리원(대전 본원) 장애복구 현황(11.11. 17시 기준 총 695개).pdf,pdf,219944,extracted,,https://www.mois.go.kr/cmm/fms/FileDown.do?atchFileId=FILE_00140464q6O5uaT&fileSn=0,22885
1230,121641,1,251111 (브리핑시작시) 미성년자 약취·유인 범죄 근절을 위한 「어린이 등하굣길 안전확보 종합대책」 발표(안전개선과).hwpx,hwpx,312717,extracted,,https://www.mois.go.kr/cmm/fms/FileDown.do?atchFileId=FILE_00140220vkOyBl9&fileSn=0,2926
1230,121641,2,251111 (브리핑시작시) 미성년자 약취·유인 범죄 근절을 위한 「어린이 등하굣길 안전확보 종합대책」 발표(안전개선과).pdf,,,deferred,,https://www.mois.go.kr/cmm/fms/FileDown.do?atchFileId=FILE_00140220vkOyBl9&fileSn=1,
1230,121641,3,(참고자료) 어린이 등하굣길 안전확보 종합대책(공개용).hwpx,hwpx,6758965,extracted,,https://www.mois.go.kr/cmm/fms/FileDown.do?atchFileId=FILE_00140220vkOyBl9&fileSn=2,16543
1230,121641,4,(참고자료) 어린이 등하굣길 안전확보 종합대책(공개용).pdf,,,deferred,,https://www.mois.go.kr/cmm/fms/FileDown.do?atchFileId=FILE_00140220vkOyBl9&fileSn=3,
1231,121598,1,251112 (조간) 11월 가뭄 예·경보 발표(기후재난관리과).hwpx,hwpx,9961180,extracted,,https://www.mois.go.kr/cmm/fms/FileDown.do?atchFileId=FILE_00140106Whjk03s&fileSn=0,8570
1231,121598,2,251112 (조간) 11월 가뭄 예·경보 발표(기후재난관리과).pdf,,,deferred,,https://www.mois.go.kr/cmm/fms/FileDown.do?atchFileId=FILE_00140106Whjk03s&fileSn=1,
1232,121617,1,251112 (국무회의 종료 시) 2025년 공공기관 기록관리 평가결과 공개(국가기록원 기록협력과).hwpx,hwpx,373562,extracted,,https://www.mois.go.kr/cmm/fms/FileDown.do?atchFileId=FILE_00140193YQ6Uq1f&fileSn=0,4566
1232,121617,2,251112 (국무회의 종료 시) 2025년 공공기관 기록관리 평가결과 공개(국가기록원 기록협력과).pdf,,,deferred,,https://www.mois.go.kr/cmm/fms/FileDown.do?atchFileId=FILE_00140193YQ6Uq1f&fileSn=1,
1233,121616,1,251111 (국무회의 종료 시) 국가정보자원관리원 화재 복구 관련 2차 예비비 261억 원 국무회의 의결(디지털정부기획과).hwpx,hwpx,364232,extracted,,https://www.mois.go.kr/cmm/fms/FileDown.do?atchFileId=FILE_00140191x1yWow-&fileSn=0,1692
1233,121616,2,251111 (국무회의 종료 시) 국가정보자원관리원 화재 복구 관련 2차 예비비 261억 원 국무회의 의결(디지털정부기획과).pdf,,,deferred,,https://www.mois.go.kr/cmm/fms/FileDown.do?atchFileId=FILE_00140191x1yWow-&fileSn=1,
1234,121588,1,251111 (석간) 동아시아 기록전문가들 기록의 어제와 오늘 내일을 논하다(국가기록원 기록협력과).hwpx,hwp,619008,extracted,,https://www.mois.go.kr/cmm/fms/FileDown.do?atchFileId=FILE_00140093sFkIqUr&fileSn=0,2000
1234,121588,2,251111 (석간) 동아시아 기록전문가들 기록의 어제와 오늘 내일을 논하다(국가기록원 기록협력과).pdf,,,deferred,,https://www.mois.go.kr/cmm/fms/FileDown.do?atchFileId=FILE_00140093sFkIqUr&fileSn=1,
1235,121758,1,251110 (보도참고자료) 국가정보자원관리원(대전본원) 장애 복구 현황(11.10. 17시 기준 총 689개).pdf,pdf,219386,extracted,,https://www.mois.go.kr/cmm/fms/FileDown.do?atchFileId=FILE_00140463jQD1ZpO&fileSn=0,22694
1236,121548,1,251111 (16시) 통합돌봄의 성공적 안착을 위해 필요한 사항은 지역현장의 생생한 의견 듣는다(자치분권제도과).hwpx,hwpx,498260,extracted,,https://www.mois.go.kr/cmm/fms/FileDown.do?atchFileId=FILE_00140030yJs1Qjx&fileSn=0,1772
1236,121548,2,251111 (16시) 통합돌봄의 성공적 안착을 위해 필요한 사항은 지역현장의 생생한 의견 듣는다(자치분권제도과).pdf,,,deferred,,https://www.mois.go.kr/cmm/fms/FileDown.do?atchFileId=FILE_00140030yJs1Qjx&fileSn=1,
1237,121584,1,251110 (15시) 겨울철 대설·한파 대비 관계기관 대책 점검(자연재난대응과).hwpx,hwpx,4647873,extracted,,https://www.mois.go.kr/cmm/fms/FileDown.do?atchFileId=FILE_00140103RgYeY1Q&fileSn=0,1398
1237,121584,2,251110 (15시) 겨울철 대설·한파 대비 관계기관 대책 점검(자연재난대응과).pdf,,,deferred,,https://www.mois.go.kr/cmm/fms/FileDown.do?atchFileId=FILE_00140103RgYeY1Q&fileSn=1,
1238,121547,1,251111 (13시30분) 민선 지방자치 30주년 광주시민과 함께 그리는 주민자치의 미래(자치분권제도과).hwpx,hwpx,362805,extracted,,https://www.mois.go.kr/cmm/fms/FileDown.do?atchFileId=FILE_00140029g8znQXl&fileSn=0,2306
1238,121547,2,251111 (13시30분) 민선 지방자치 30주년 광주시민과 함께 그리는 주민자치의 미래(자치분권제도과).pdf,,,deferred,,https://www.mois.go.kr/cmm/fms/FileDown.do?atchFileId=FILE_00140029g8znQXl&fileSn=1,
1239,121549,1,251111 (조간) 어린이와 어르신이 안전한 길 보행자 중심 교통문화 전환 논의한다(안전개선과).hwpx,hwpx,2120776,extracted,,https://www.mois.go.kr/cmm/fms/FileDown.do?atchFileId=FILE_00140071g-DTKhI&fileSn=0,2620
1239,121549,2,251111 (조간) 어린이와 어르신이 안전한 길 보행자 중심 교통문화 전환 논의한다(안전개선과).pdf,,,deferred,,https://www.mois.go.kr/cmm/fms/FileDown.do?atchFileId=FILE_00140071g-DTKhI&fileSn=1,
1240,121553,1,251110 (09시) 국민주권정부 만든 광주 5·18 정신을 이어 지방자치를 더욱 성숙시켜 나가겠습니다(사회통합지원과).pdf,,,deferred,,https://www.mois.go.kr/cmm/fms/FileDown.do?atchFileId=FILE_00140084rDWIGHm&fileSn=0,
1240,121553,2,251110 (09시) 국민주권정부 만든 광주 5·18 정신을 이어 지방자치를 더욱 성숙시켜 나가겠습니다(사회통합지원과).hwp,hwp,313344,extracted,,https://www.mois.go.kr/cmm/fms/FileDown.do?atchFileId=FILE_00140084rDWIGHm&fileSn=1,956
1241,121540,1,251110 (조간) 모두가 지키는 승강기 안전 2025 승강기 안전주간 운영(승강기정책과).hwpx,hwpx,6362075,extracted,,https://www.mois.go.kr/cmm/fms/FileDown.do?atchFileId=FILE_00140039l7trJom&fileSn=0,3512
1241,121540,2,251110 (조간) 모두가 지키는 승강기 안전 2025 승강기 안전주간 운영(승강기정책과).pdf,,,deferred,,https://www.mois.go.kr/cmm/fms/FileDown.do?atchFileId=FILE_00140039l7trJom&fileSn=1,
1242,121757,1,251108 (보도참고자료) 국가정보자원관리원(대전본원) 장애 복구 현황(11.8. 17시 기준 총 685개).pdf,pdf,210070,extracted,,https://www.mois.go.kr/cmm/fms/FileDown.do?atchFileId=FILE_00140462Tx_Kbt4&fileSn=0,22566
1243,121550,1,251107 (즉시) 윤호중 행정안전부 장관 울산 남구 화력발전소 매몰사고 현장방문(국토산업재난대응과).hwpx,hwpx,347490,extracted,,https://www.mois.go.kr/cmm/fms/FileDown.do?atchFileId=FILE_00140040apO4H3l&fileSn=0,553
1243,121550,2,251107 (즉시) 윤호중 행정안전부 장관 울산 남구 화력발전소 매몰사고 현장방문(국토산업재난대응과).pdf,,,deferred,,https://www.mois.go.kr/cmm/fms/FileDown.do?atchFileId=FILE_00140040apO4H3l&fileSn=1,
1244,121756,1,251107 (보도참고자료) 국가정보자원관리원(대전본원) 장애 복구 현황(11.7. 17시 기준 총 684개).pdf,pdf,212951,extracted,,https://www.mois.go.kr/cmm/fms/FileDown.do?atchFileId=FILE_00140461s652_rK&fileSn=0,22538
1245,121510,1,251106 (보도참고자료) 국가정보자원관리원(대전본원) 장애 복구 현황(11.6. 17시 기준 총 680개).pdf,pdf,215867,extracted,,https://www.mois.go.kr/cmm/fms/FileDown.do?atchFileId=FILE_00140023e4iL-el&fileSn=0,22405
1246,121508,1,251106 (즉시) 행정안전부장관 울산시 남구 울산화력발전소 내 매몰사고 발생 관련 긴급 추가 지시(국토산업재난대응과).hwpx,hwpx,316454,extracted,,https://www.mois.go.kr/cmm/fms/FileDown.do?atchFileId=FILE_00140021wbOD_cO&fileSn=0,603
1246,121508,2,251106 (즉시) 행정안전부장관 울산시 남구 울산화력발전소 내 매몰사고 발생 관련 긴급 추가 지시(국토산업재난대응과).pdf,,,deferred,,https://www.mois.go.kr/cmm/fms/FileDown.do?atchFileId=FILE_00140021wbOD_cO&fileSn=1,
1247,121489,1,251106 (즉시) 행정안전부장관 울산시 남구 울산화력발전소 내 매몰사고 발생 관련 긴급 지시(국토산업재난대응과).hwpx,hwpx,310934,extracted,,https://www.mois.go.kr/cmm/fms/FileDown.do?atchFileId=FILE_00140013a6lxmB1&fileSn=0,474
1247,121489,2,251106 (즉시) 행정안전부장관 울산시 남구 울산화력발전소 내 매몰사고 발생 관련 긴급 지시(국토산업재난대응과).pdf,,,deferred,,https://www.mois.go.kr/cmm/fms/FileDown.do?atchFileId=FILE_00140013a6lxmB1&fileSn=1,
1248,121460,1,251107 (조간) 추워지는 날씨 화재와 일산화탄소 중독사고 예방하세요!(예방안전제도과).hwpx,hwpx,754761,extracted,,https://www.mois.go.kr/cmm/fms/FileDown.do?atchFileId=FILE_00139943LBLexYg&fileSn=0,1952
1248,121460,2,251107 (조간) 추워지는 날씨 화재와 일산화탄소 중독사고 예방하세요!(예방안전제도과).pdf,,,deferred,,https://www.mois.go.kr/cmm/fms/FileDown.do?atchFileId=FILE_00139943LBLexYg&fileSn=1,
1249,121464,1,251106 (즉시) 행정정보시스템 재난 위기경보 심각→경계 하향(디지털정부기획과).hwp,hwp,486400,extracted,,https://www.mois.go.kr/cmm/fms/FileDown.do?atchFileId=FILE_00139946PMAmpDS&fileSn=0,1319
1249,121464,2,251106 (즉시) 행정정보시스템 재난 위기경보 심각→경계 하향(디지털정부기획과).pdf,,,deferred,,https://www.mois.go.kr/cmm/fms/FileDown.do?atchFileId=FILE_00139946PMAmpDS&fileSn=1,
1250,121458,1,251105 (보도참고자료) 국가정보자원관리원(대전본원) 장애 복구 현황(11.5. 17시 기준 총 674개).pdf,pdf,222021,extracted,,https://www.mois.go.kr/cmm/fms/FileDown.do?atchFileId=FILE_00139945MhTMhni&fileSn=0,22244
1251,121430,1,251106 (15시) 한 번에 6톤 고압 살수. 정부 차세대 대형산불 진화차 R&D 시동(재난안전연구개발과).hwpx,hwpx,279322,extracted,,https://www.mois.go.kr/cmm/fms/FileDown.do?atchFileId=FILE_00139932IyO-FKP&fileSn=0,1261
1251,121430,2,251106 (15시) 한 번에 6톤 고압 살수. 정부 차세대 대형산불 진화차 R&D 시동(재난안전연구개발과).pdf,,,deferred,,https://www.mois.go.kr/cmm/fms/FileDown.do?atchFileId=FILE_00139932IyO-FKP&fileSn=1,
1252,121407,1,251105 (17시30분) 지방재정 확충과 성과 중심의 적극적 재정운용으로 지역경제 활력을 높인다(재정정책과).hwpx,hwpx,447371,extracted,,https://www.mois.go.kr/cmm/fms/FileDown.do?atchFileId=FILE_00139894_8BdtRE&fileSn=0,1914
1252,121407,2,251105 (17시30분) 지방재정 확충과 성과 중심의 적극적 재정운용으로 지역경제 활력을 높인다(재정정책과).pdf,,,deferred,,https://www.mois.go.kr/cmm/fms/FileDown.do?atchFileId=FILE_00139894_8BdtRE&fileSn=1,
1253,121444,1,251104 (보도참고자료) 국가정보자원관리원(대전본원) 장애 복구 현황(11.4. 17시 기준 총 662개).pdf,pdf,206799,extracted,,https://www.mois.go.kr/cmm/fms/FileDown.do?atchFileId=FILE_001399361JqbYMl&fileSn=0,21824
1254,121409,1,251105 (조간) 안전은 필수! 모험과 휴식까지 2025 우수 어린이놀이시설 선정(안전개선과).hwpx,hwpx,7933015,extracted,,https://www.mois.go.kr/cmm/fms/FileDown.do?atchFileId=FILE_00139941jS6zTUG&fileSn=0,3515
1254,121409,2,251105 (조간) 안전은 필수! 모험과 휴식까지 2025 우수 어린이놀이시설 선정(안전개선과).pdf,,,deferred,,https://www.mois.go.kr/cmm/fms/FileDown.do?atchFileId=FILE_00139941jS6zTUG&fileSn=1,
1255,121443,1,251103 (보도참고자료) 국가정보자원관리원(대전본원) 장애 복구 현황(11.3. 17시 기준 총 658개).pdf,pdf,206651,extracted,,https://www.mois.go.kr/cmm/fms/FileDown.do?atchFileId=FILE_00139935-KrA0A5&fileSn=0,21698
1256,121399,1,251104 (15시) 청년의 손길과 마을의 힘으로 지역 살리기 나선다(자치행정과).hwpx,hwpx,443856,extracted,,https://www.mois.go.kr/cmm/fms/FileDown.do?atchFileId=FILE_00139875aIR8sRL&fileSn=0,1535
1256,121399,2,251104 (15시) 청년의 손길과 마을의 힘으로 지역 살리기 나선다(자치행정과).pdf,,,deferred,,https://www.mois.go.kr/cmm/fms/FileDown.do?atchFileId=FILE_00139875aIR8sRL&fileSn=1,
1257,121384,1,251104 (14시) 국가핵심기반 재난관리실태 현장 점검(사회재난대응총괄과).hwpx,hwpx,461922,extracted,,https://www.mois.go.kr/cmm/fms/FileDown.do?atchFileId=FILE_00139858U9duwxp&fileSn=0,702
1257,121384,2,251104 (14시) 국가핵심기반 재난관리실태 현장 점검(사회재난대응총괄과).pdf,,,deferred,,https://www.mois.go.kr/cmm/fms/FileDown.do?atchFileId=FILE_00139858U9duwxp&fileSn=1,
1258,121398,1,2501103 (보도참고자료) 2차 민생회복 소비쿠폰 신청 지급 마감 결과(10.31. 18시 기준).hwp,hwp,437248,extracted,,https://www.mois.go.kr/cmm/fms/FileDown.do?atchFileId=FILE_0013987426NhB8I&fileSn=0,1557
1258,121398,2,2501103 (보도참고자료) 2차 민생회복 소비쿠폰 신청 지급 마감 결과(10.31. 18시 기준).pdf,,,deferred,,https://www.mois.go.kr/cmm/fms/FileDown.do?atchFileId=FILE_0013987426NhB8I&fileSn=1,
1259,121385,1,251104 (조간) 한국의 디지털 기록관리 경험과 기술 페루 국가기록원에 전수한다(국가기록원 기록관리교육센터).hwpx,hwpx,448139,extracted,,https://www.mois.go.kr/cmm/fms/FileDown.do?atchFileId=FILE_00139859fUOoGk3&fileSn=0,1833
1259,121385,2,251104 (조간) 한국의 디지털 기록관리 경험과 기술 페루 국가기록원에 전수한다(국가기록원 기록관리교육센터).pdf,,,deferred,,https://www.mois.go.kr/cmm/fms/FileDown.do?atchFileId=FILE_00139859fUOoGk3&fileSn=1,
1260,121382,1,251104 (조간) 공공 AI 어떻게 사용해야 할까 공공부문 인공지능 윤리원칙 마련 추진(지능정부기반과).hwpx,hwpx,478571,extracted,,https://www.mois.go.kr/cmm/fms/FileDown.do?atchFileId=FILE_00139856q2lcBff&fileSn=0,1987
1260,121382,2,251104 (조간) 공공 AI 어떻게 사용해야 할까 공공부문 인공지능 윤리원칙 마련 추진(지능정부기반과).pdf,,,deferred,,https://www.mois.go.kr/cmm/fms/FileDown.do?atchFileId=FILE_00139856q2lcBff&fileSn=1,
1261,121368,1,251103 (조간) 행정사 업무신고 정부24에서 온라인으로 가능해진다(행정제도과).hwpx,hwpx,438701,extracted,,https://www.mois.go.kr/cmm/fms/FileDown.do?atchFileId=FILE_00139842E7Ix69X&fileSn=0,900
1261,121368,2,251103 (조간) 행정사 업무신고 정부24에서 온라인으로 가능해진다(행정제도과).pdf,,,deferred,,https://www.mois.go.kr/cmm/fms/FileDown.do?atchFileId=FILE_00139842E7Ix69X&fileSn=1,
1262,121367,1,251103 (조간) 사회연대경제 이끄는 마을기업인 집결 지역 살리는 30년의 길 그린다(기업협력지원과).hwpx,hwpx,452478,extracted,,https://www.mois.go.kr/cmm/fms/FileDown.do?atchFileId=FILE_00139841pzWhRSx&fileSn=0,2220
1262,121367,2,251103 (조간) 사회연대경제 이끄는 마을기업인 집결 지역 살리는 30년의 길 그린다(기업협력지원과).pdf,,,deferred,,https://www.mois.go.kr/cmm/fms/FileDown.do?atchFileId=FILE_00139841pzWhRSx&fileSn=1,
1263,121366,1,251103 (조간) 국민의 상상이 현실로 AI 국민비서 서비스 시나리오를 찾습니다(공공서비스혁신과).hwpx,hwpx,2275036,extracted,,https://www.mois.go.kr/cmm/fms/FileDown.do?atchFileId=FILE_00139840o1goKDi&fileSn=0,1432
1263,121366,2,251103 (조간) 국민의 상상이 현실로 AI 국민비서 서비스 시나리오를 찾습니다(공공서비스혁신과).pdf,,,deferred,,https://www.mois.go.kr/cmm/fms/FileDown.do?atchFileId=FILE_00139840o1goKDi&fileSn=1,
1264,121365,1,251103 (조간) 11월의 추천 공공서비스 착한 소비와 국민의 편리한 일상을 지원하는 공공서비스 선정(혁신기획과).hwpx,hwpx,461947,extracted,,https://www.mois.go.kr/cmm/fms/FileDown.do?atchFileId=FILE_00139839oY-QUOd&fileSn=0,2998
1264,121365,2,251103 (조간) 11월의 추천 공공서비스 착한 소비와 국민의 편리한 일상을 지원하는 공공서비스 선정(혁신기획과).pdf,,,deferred,,https://www.mois.go.kr/cmm/fms/FileDown.do?atchFileId=FILE_00139839oY-QUOd&fileSn=1,
1265,121392,1,251101 (보도참고자료) 국가정보자원관리원(대전본원) 장애 복구 현황(11.1. 17시 기준 총 653개).pdf,pdf,210360,extracted,,https://www.mois.go.kr/cmm/fms/FileDown.do?atchFileId=FILE_00139866C9U77pl&fileSn=0,21540
1265,121392,2,251102 (보도참고자료) 국가정보자원관리원(대전본원) 장애 복구 현황(11.2. 17시 기준 총 656개).pdf,pdf,220820,extracted,,https://www.mois.go.kr/cmm/fms/FileDown.do?atchFileId=FILE_00139866C9U77pl&fileSn=1,21645
1266,121391,1,251029 (보도참고자료) 국가정보자원관리원(대전본원) 장애 복구 현황(10.29. 18시 기준 총 600개).pdf,pdf,218273,extracted,,https://www.mois.go.kr/cmm/fms/FileDown.do?atchFileId=FILE_00139865IW9oILw&fileSn=0,19782
1266,121391,2,251029 (보도참고자료) 국가정보자원관리원(대전본원) 장애 복구 현황(10.29. 21시 기준 총 605개).pdf,pdf,211523,extracted,,https://www.mois.go.kr/cmm/fms/FileDown.do?atchFileId=FILE_00139865IW9oILw&fileSn=1,19963
1266,121391,3,251030 (보도참고자료) 국가정보자원관리원(대전본원) 장애 복구 현황(10.30. 12시 기준 총 606개).pdf,pdf,193890,extracted,,https://www.mois.go.kr/cmm/fms/FileDown.do?atchFileId=FILE_00139865IW9oILw&fileSn=2,19989
1266,121391,4,251030 (보도참고자료) 국가정보자원관리원(대전본원) 장애 복구 현황(10.30. 18시 기준 총 620개).pdf,pdf,214747,extracted,,https://www.mois.go.kr/cmm/fms/FileDown.do?atchFileId=FILE_00139865IW9oILw&fileSn=3,20415
1266,121391,5,251030 (보도참고자료) 국가정보자원관리원(대전본원) 장애 복구 현황(10.30. 21시 기준 총 627개).pdf,pdf,205703,extracted,,https://www.mois.go.kr/cmm/fms/FileDown.do?atchFileId=FILE_00139865IW9oILw&fileSn=4,20628
1266,121391,6,251031 (보도참고자료) 국가정보자원관리원(대전본원) 장애 복구 현황(10.31. 7시 기준 총 629개).pdf,pdf,202187,extracted,,https://www.mois.go.kr/cmm/fms/FileDown.do?atchFileId=FILE_00139865IW9oILw&fileSn=5,20694
1266,121391,7,251031 (보도참고자료) 국가정보자원관리원(대전본원) 장애 복구 현황(10.31. 09시 기준 총 631개).pdf,pdf,204035,extracted,,https://www.mois.go.kr/cmm/fms/FileDown.do?atchFileId=FILE_00139865IW9oILw&fileSn=6,20762
1266,121391,8,251031 (보도참고자료) 국가정보자원관리원(대전본원) 장애 복구 현황(10.31. 12시 기준 총 640개).pdf,pdf,225374,extracted,,https://www.mois.go.kr/cmm/fms/FileDown.do?atchFileId=FILE_00139865IW9oILw&fileSn=7,21083
1266,121391,9,251031 (보도참고자료) 국가정보자원관리원(대전본원) 장애 복구 현황(10.31. 18시 기준 총 646개).pdf,pdf,224205,extracted,,https://www.mois.go.kr/cmm/fms/FileDown.do?atchFileId=FILE_00139865IW9oILw&fileSn=8,21306
1266,121391,10,251031 (보도참고자료) 국가정보자원관리원(대전본원) 장애 복구 현황(10.31. 21시 기준 총 650개).pdf,pdf,218418,extracted,,https://www.mois.go.kr/cmm/fms/FileDown.do?atchFileId=FILE_00139865IW9oILw&fileSn=9,21439
1267,121364,1,251031 (즉시) 정보공개포털 운영 재개(정보공개과).hwpx,hwpx,453243,extracted,,https://www.mois.go.kr/cmm/fms/FileDown.do?atchFileId=FILE_00139837qeVOulW&fileSn=0,532
1267,121364,2,251031 (즉시) 정보공개포털 운영 재개(정보공개과).pdf,,,deferred,,https://www.mois.go.kr/cmm/fms/FileDown.do?atchFileId=FILE_00139837qeVOulW&fileSn=1,
1268,121188,1,251101 (15시30분) 행정안전부 장관 핼러윈 데이 대비 인파밀집 예상지역 현장점검(재난안전점검과).hwpx,hwpx,440637,extracted,,https://www.mois.go.kr/cmm/fms/FileDown.do?atchFileId=FILE_00139604PadE-P4&fileSn=0,1030
1268,121188,2,251101 (15시30분) 행정안전부 장관 핼러윈 데이 대비 인파밀집 예상지역 현장점검(재난안전점검과).pdf,,,deferred,,https://www.mois.go.kr/cmm/fms/FileDown.do?atchFileId=FILE_00139604PadE-P4&fileSn=1,
1269,121363,1,251031 (즉시) 국민생활 밀접 1등급 시스템 100％ 복구 완료(디지털정부기획과).hwp,hwp,480768,extracted,,https://www.mois.go.kr/cmm/fms/FileDown.do?atchFileId=FILE_001398366zIn3QT&fileSn=0,1138
1269,121363,2,251031 (즉시) 국민생활 밀접 1등급 시스템 100％ 복구 완료(디지털정부기획과).pdf,,,deferred,,https://www.mois.go.kr/cmm/fms/FileDown.do?atchFileId=FILE_001398366zIn3QT&fileSn=1,
1270,121196,1,251031 (석간) 폐교 지역의 새로운 활력으로! 중앙정부-지방정부-교육청이 함께 나선다(공유재산정책과).hwp,hwp,2842112,extracted,,https://www.mois.go.kr/cmm/fms/FileDown.do?atchFileId=FILE_00139624YkHAmsZ&fileSn=0,3580
1270,121196,2,251031 (석간) 폐교 지역의 새로운 활력으로! 중앙정부-지방정부-교육청이 함께 나선다(공유재산정책과).pdf,,,deferred,,https://www.mois.go.kr/cmm/fms/FileDown.do?atchFileId=FILE_00139624YkHAmsZ&fileSn=1,
1271,121195,1,251031 (석간) 지방정부 주도의 지역경제 회복과 성장 지방교부세가 든든하게 뒷받침하겠습니다(교부세과).hwpx,hwpx,461601,extracted,,https://www.mois.go.kr/cmm/fms/FileDown.do?atchFileId=FILE_00139623dCFmbdP&fileSn=0,3694
1271,121195,2,251031 (석간) 지방정부 주도의 지역경제 회복과 성장 지방교부세가 든든하게 뒷받침하겠습니다(교부세과).pdf,,,deferred,,https://www.mois.go.kr/cmm/fms/FileDown.do?atchFileId=FILE_00139623dCFmbdP&fileSn=1,
1272,121362,1,251031 (즉시) 행정안전부 대표 누리집 운영 재개(디지털소통팀).hwpx,hwpx,453468,extracted,,https://www.mois.go.kr/cmm/fms/FileDown.do?atchFileId=FILE_00139835Bfltaro&fileSn=0,525
1272,121362,2,251031 (즉시) 행정안전부 대표 누리집 운영 재개(디지털소통팀).pdf,,,deferred,,https://www.mois.go.kr/cmm/fms/FileDown.do?atchFileId=FILE_00139835Bfltaro&fileSn=1,
1273,121198,1,251030 (즉시) 정부 9월 호우 피해 복구계획 확정(복구지원과).hwpx,hwpx,453167,extracted,,https://www.mois.go.kr/cmm/fms/FileDown.do?atchFileId=FILE_00139626Ttiu3o5&fileSn=0,3757
1273,121198,2,251030 (즉시) 정부 9월 호우 피해 복구계획 확정(복구지원과).pdf,,,deferred,,https://www.mois.go.kr/cmm/fms/FileDown.do?atchFileId=FILE_00139626Ttiu3o5&fileSn=1,
1274,121194,1,251031 (조간) 한국 법과학 스리랑카의 마약분석 역량 높여(국립과학수사연구원 법과학교육연구센터).hwpx,hwpx,447733,extracted,,https://www.mois.go.kr/cmm/fms/FileDown.do?atchFileId=FILE_00139622K8miYLN&fileSn=0,1828
1274,121194,2,251031 (조간) 한국 법과학 스리랑카의 마약분석 역량 높여(국립과학수사연구원 법과학교육연구센터).pdf,,,deferred,,https://www.mois.go.kr/cmm/fms/FileDown.do?atchFileId=FILE_00139622K8miYLN&fileSn=1,
1275,121193,1,251031 (조간) 국내 거주 외국인주민 수 258만 명 총인구 대비 5％ 지속적인 증가세 이어가(사회통합지원과).hwpx,hwpx,2136239,extracted,,https://www.mois.go.kr/cmm/fms/FileDown.do?atchFileId=FILE_00139621Dlr2oaT&fileSn=0,11264
1275,121193,2,251031 (조간) 국내 거주 외국인주민 수 258만 명 총인구 대비 5％ 지속적인 증가세 이어가(사회통합지원과).pdf,,,deferred,,https://www.mois.go.kr/cmm/fms/FileDown.do?atchFileId=FILE_00139621Dlr2oaT&fileSn=1,
1276,121181,1,251031 (조간) 폭우 속 헌신한 영웅들 정부포상 받는다(재난대응총괄과).hwpx,hwpx,388662,extracted,,https://www.mois.go.kr/cmm/fms/FileDown.do?atchFileId=FILE_00139573aWRdd1L&fileSn=0,11915
1276,121181,2,251031 (조간) 폭우 속 헌신한 영웅들 정부포상 받는다(재난대응총괄과).pdf,,,deferred,,https://www.mois.go.kr/cmm/fms/FileDown.do?atchFileId=FILE_00139573aWRdd1L&fileSn=1,
1277,121180,1,251031 (조간) 재난문자 정보는 늘리고 중복발송 줄인다(재난정보통신과).hwpx,hwpx,608029,extracted,,https://www.mois.go.kr/cmm/fms/FileDown.do?atchFileId=FILE_001395721kSzdGl&fileSn=0,1112
1277,121180,2,251031 (조간) 재난문자 정보는 늘리고 중복발송 줄인다(재난정보통신과).pdf,,,deferred,,https://www.mois.go.kr/cmm/fms/FileDown.do?atchFileId=FILE_001395721kSzdGl&fileSn=1,
1278,121179,1,251030 (18시) 핼러윈 인파밀집지역 촘촘하게 관리한다(사회재난대응총괄과).hwpx,hwpx,1574898,extracted,,https://www.mois.go.kr/cmm/fms/FileDown.do?atchFileId=FILE_001395717LlqJdP&fileSn=0,2359
1278,121179,2,251030 (18시) 핼러윈 인파밀집지역 촘촘하게 관리한다(사회재난대응총괄과).pdf,,,deferred,,https://www.mois.go.kr/cmm/fms/FileDown.do?atchFileId=FILE_001395717LlqJdP&fileSn=1,
1279,121126,1,251029+(조간)+10.29이태원참사+3주기+기억식+개최(10.29이태원참사피해구제추모지원단+추모지원과).hwp,hwp,459264,extracted,,https://www.mois.go.kr/cmm/fms/FileDown.do?atchFileId=FILE_00139468TH-p1qH&fileSn=0,2285
1279,121126,2,251029+(조간)+10.29이태원참사+3주기+기억식+개최(10.29이태원참사피해구제추모지원단+추모지원과).pdf,,,deferred,,https://www.mois.go.kr/cmm/fms/FileDown.do?atchFileId=FILE_00139468TH-p1qH&fileSn=1,
1280,121125,1,"251029+(조간)+재난·안전+문제,+현장에서+답을+찾다.+가뭄+대응,+소형선박+안전+위한+긴급연구+착수(재난안전연구개발과).hwpx",hwpx,411785,extracted,,https://www.mois.go.kr/cmm/fms/FileDown.do?atchFileId=FILE_00139467WcC1L8g&fileSn=0,2481
1280,121125,2,"251029+(조간)+재난·안전+문제,+현장에서+답을+찾다.+가뭄+대응,+소형선박+안전+위한+긴급연구+착수(재난안전연구개발과).pdf",,,deferred,,https://www.mois.go.kr/cmm/fms/FileDown.do?atchFileId=FILE_00139467WcC1L8g&fileSn=1,
1281,121117,1,"251027+(조간)+이태원참사+3주기+기억식,+10월+29일+오전+10시+29분부터+1분간+서울+전역에서+추모사이렌+울림(10.29이태원참사피해구제추모지원단+추모지원과).hwpx",hwpx,458906,extracted,,https://www.mois.go.kr/cmm/fms/FileDown.do?atchFileId=FILE_00139459bmQJ_-5&fileSn=0,568
1281,121117,2,"251027+(조간)+이태원참사+3주기+기억식,+10월+29일+오전+10시+29분부터+1분간+서울+전역에서+추모사이렌+울림(10.29이태원참사피해구제추모지원단+추모지원과).pdf",,,deferred,,https://www.mois.go.kr/cmm/fms/FileDown.do?atchFileId=FILE_00139459bmQJ_-5&fileSn=1,
1282,121116,1,251025+(14시)+10.29이태원참사+3주기+시민추모대회+개최(10.29이태원참사피해구제추모지원단+추모지원과).hwpx,hwpx,454648,extracted,,https://www.mois.go.kr/cmm/fms/FileDown.do?atchFileId=FILE_00139458UrZg2I8&fileSn=0,2467
1282,121116,2,251025+(14시)+10.29이태원참사+3주기+시민추모대회+개최(10.29이태원참사피해구제추모지원단+추모지원과).pdf,,,deferred,,https://www.mois.go.kr/cmm/fms/FileDown.do?atchFileId=FILE_00139458UrZg2I8&fileSn=1,
1283,121110,1,251024+(16시30분)+가을철+산불+대비+관계기관+대책회의+개최(환경산림재난대응과).hwp,hwp,450560,extracted,,https://www.mois.go.kr/cmm/fms/FileDown.do?atchFileId=FILE_00139452M-WTMVj&fileSn=0,2179
1283,121110,2,251024+(16시30분)+가을철+산불+대비+관계기관+대책회의+개최(환경산림재난대응과).pdf,,,deferred,,https://www.mois.go.kr/cmm/fms/FileDown.do?atchFileId=FILE_00139452M-WTMVj&fileSn=1,
1284,121107,1,251023+(16시30분)+행안부와+농식품부+합동으로+겨울+철새+본격+도래시기에+대비하여+조류인플루엔자+방역실태+현장점검(농축산해양재난대응과).hwpx,hwpx,231060,extracted,,https://www.mois.go.kr/cmm/fms/FileDown.do?atchFileId=FILE_00139449qVJ6H_e&fileSn=0,1314
1284,121107,2,251023+(16시30분)+행안부와+농식품부+합동으로+겨울+철새+본격+도래시기에+대비하여+조류인플루엔자+방역실태+현장점검(농축산해양재난대응과).pdf,,,deferred,,https://www.mois.go.kr/cmm/fms/FileDown.do?atchFileId=FILE_00139449qVJ6H_e&fileSn=1,
1285,121106,1,251023+(조간)+무단횡단+NO+밝은+옷+OK!+어르신+교통안전+실천+캠페인+실시(안전개선과).hwpx,hwpx,438179,extracted,,https://www.mois.go.kr/cmm/fms/FileDown.do?atchFileId=FILE_00139448mL9ud6s&fileSn=0,949
1285,121106,2,251023+(조간)+무단횡단+NO+밝은+옷+OK!+어르신+교통안전+실천+캠페인+실시(안전개선과).pdf,,,deferred,,https://www.mois.go.kr/cmm/fms/FileDown.do?atchFileId=FILE_00139448mL9ud6s&fileSn=1,
1286,121104,1,"251022+(조간)+지진위험을+고려한+내진설계와+단층조사,+국내·외+전문가가+함께+해법+논의한다(지진방재정책과).hwpx",hwpx,455899,extracted,,https://www.mois.go.kr/cmm/fms/FileDown.do?atchFileId=FILE_00139446PuKUYwP&fileSn=0,1860
1286,121104,2,"251022+(조간)+지진위험을+고려한+내진설계와+단층조사,+국내·외+전문가가+함께+해법+논의한다(지진방재정책과).pdf",,,deferred,,https://www.mois.go.kr/cmm/fms/FileDown.do?atchFileId=FILE_00139446PuKUYwP&fileSn=1,
1287,121103,1,251021+(즉시)+핼러윈+앞두고+인파+안전관리+총력(사회재난대응총괄과).hwpx,hwpx,1566367,extracted,,https://www.mois.go.kr/cmm/fms/FileDown.do?atchFileId=FILE_00139445AMRQcvh&fileSn=0,1437
1287,121103,2,251021+(즉시)+핼러윈+앞두고+인파+안전관리+총력(사회재난대응총괄과).pdf,,,deferred,,https://www.mois.go.kr/cmm/fms/FileDown.do?atchFileId=FILE_00139445AMRQcvh&fileSn=1,
1288,121101,1,251021+(14시)+어선사고+취약시기+대비+어선+안전관리+강화+대책+점검(농축산해양재난대응과).hwpx,hwpx,449568,extracted,,https://www.mois.go.kr/cmm/fms/FileDown.do?atchFileId=FILE_00139443KYyAfx8&fileSn=0,1680
1288,121101,2,251021+(14시)+어선사고+취약시기+대비+어선+안전관리+강화+대책+점검(농축산해양재난대응과).pdf,,,deferred,,https://www.mois.go.kr/cmm/fms/FileDown.do?atchFileId=FILE_00139443KYyAfx8&fileSn=1,
1289,121098,1,251020+(조간)+지진+안전문화+확산을+위한+2025+지진안전주간+운영(지진방재관리과).hwpx,hwpx,4259463,extracted,,https://www.mois.go.kr/cmm/fms/FileDown.do?atchFileId=FILE_00139440y9RgL3B&fileSn=0,1401
1289,121098,2,251020+(조간)+지진+안전문화+확산을+위한+2025+지진안전주간+운영(지진방재관리과).pdf,,,deferred,,https://www.mois.go.kr/cmm/fms/FileDown.do?atchFileId=FILE_00139440y9RgL3B&fileSn=1,
1290,121097,1,251020+(조간)+현장에서+작동하는+재난역량+강화+훈련으로+더+안전한+대한민국+만든다(재난대응훈련과).hwpx,hwpx,451936,extracted,,https://www.mois.go.kr/cmm/fms/FileDown.do?atchFileId=FILE_001394393jKmWtF&fileSn=0,3177
1291,121093,1,"251017+(조간)+수확의+계절,+농기계사고에+주의하세요!(예방안전제도과).hwpx",hwpx,795141,extracted,,https://www.mois.go.kr/cmm/fms/FileDown.do?atchFileId=FILE_00139435PamaZpG&fileSn=0,1752
1291,121093,2,"251017+(조간)+수확의+계절,+농기계사고에+주의하세요!(예방안전제도과).pdf",,,deferred,,https://www.mois.go.kr/cmm/fms/FileDown.do?atchFileId=FILE_00139435PamaZpG&fileSn=1,
1292,121087,1,"251016+(조간)+더욱+안전한+내일,+자율방재단이+앞장선다(재난대응총괄과).hwpx",hwpx,464795,extracted,,https://www.mois.go.kr/cmm/fms/FileDown.do?atchFileId=FILE_00139429WEEkq1Z&fileSn=0,857
1292,121087,2,"251016+(조간)+더욱+안전한+내일,+자율방재단이+앞장선다(재난대응총괄과).pdf",,,deferred,,https://www.mois.go.kr/cmm/fms/FileDown.do?atchFileId=FILE_00139429WEEkq1Z&fileSn=1,
1293,121086,1,251016+(조간)+10월+가뭄+예·경보+발표(기후재난관리과).pdf,pdf,905393,extracted,,https://www.mois.go.kr/cmm/fms/FileDown.do?atchFileId=FILE_00139428Jsv-4IA&fileSn=0,9517
1294,121085,1,"251016+(조간)+2025+리스콘+도쿄+통합한국관,+성황리에+마무리(재난안전산업과).hwpx",hwpx,5085810,extracted,,https://www.mois.go.kr/cmm/fms/FileDown.do?atchFileId=FILE_00139427k_LwHdD&fileSn=0,1724
1294,121085,2,"251016+(조간)+2025+리스콘+도쿄+통합한국관,+성황리에+마무리(재난안전산업과).pdf",,,deferred,,https://www.mois.go.kr/cmm/fms/FileDown.do?atchFileId=FILE_00139427k_LwHdD&fileSn=1,
1295,121081,1,"251012+(14시)+10.13~14일+강원영동+120mm+이상+비+예상,+호우+대처+상황+점검(자연재난대응과).hwpx",hwpx,651487,extracted,,https://www.mois.go.kr/cmm/fms/FileDown.do?atchFileId=FILE_00139423ifWhth9&fileSn=0,1138
1295,121081,2,"251012+(14시)+10.13~14일+강원영동+120mm+이상+비+예상,+호우+대처+상황+점검(자연재난대응과).pdf",,,deferred,,https://www.mois.go.kr/cmm/fms/FileDown.do?atchFileId=FILE_00139423ifWhth9&fileSn=1,
1296,121138,1,"251030+(조간)+지방정부별로+다른+금고+이자율,+법령으로+규정해+공개한다(지역금융지원과).hwpx",hwpx,489959,extracted,,https://www.mois.go.kr/cmm/fms/FileDown.do?atchFileId=FILE_00139480D1YGjKz&fileSn=0,1498
1296,121138,2,"251030+(조간)+지방정부별로+다른+금고+이자율,+법령으로+규정해+공개한다(지역금융지원과).pdf",,,deferred,,https://www.mois.go.kr/cmm/fms/FileDown.do?atchFileId=FILE_00139480D1YGjKz&fileSn=1,
1297,121137,1,251030+(조간)+2025년+지방직+7급+등+필기시험+11월+1일+실시(지방인사제도과).hwpx,hwpx,451024,extracted,,https://www.mois.go.kr/cmm/fms/FileDown.do?atchFileId=FILE_00139479JKnVRkP&fileSn=0,2936
1297,121137,2,251030+(조간)+2025년+지방직+7급+등+필기시험+11월+1일+실시(지방인사제도과).pdf,,,deferred,,https://www.mois.go.kr/cmm/fms/FileDown.do?atchFileId=FILE_00139479JKnVRkP&fileSn=1,
1298,121136,1,251030+(조간)+탄소는+줄이고+건강은+채운+두+바퀴의+기록(새마을발전협력과).hwpx,hwpx,754155,extracted,,https://www.mois.go.kr/cmm/fms/FileDown.do?atchFileId=FILE_00139478mNyCfRD&fileSn=0,2124
1298,121136,2,251030+(조간)+탄소는+줄이고+건강은+채운+두+바퀴의+기록(새마을발전협력과).pdf,,,deferred,,https://www.mois.go.kr/cmm/fms/FileDown.do?atchFileId=FILE_00139478mNyCfRD&fileSn=1,
1299,121135,1,251030+(조간)+국내외+전문가들과+AI시대+정부혁신의+새로운+패러다임+논의한다(혁신기획과).hwpx,hwpx,450459,extracted,,https://www.mois.go.kr/cmm/fms/FileDown.do?atchFileId=FILE_00139477YzomdBO&fileSn=0,3438
1299,121135,2,251030+(조간)+국내외+전문가들과+AI시대+정부혁신의+새로운+패러다임+논의한다(혁신기획과).pdf,,,deferred,,https://www.mois.go.kr/cmm/fms/FileDown.do?atchFileId=FILE_00139477YzomdBO&fileSn=1,
1300,121078,1,"251010+(조간)++가을+단풍+시작,+등산사고에+주의하세요!(예방안전제도과).hwpx",hwpx,1381957,extracted,,https://www.mois.go.kr/cmm/fms/FileDown.do?atchFileId=FILE_001394201nkUQgv&fileSn=0,1556
1300,121078,2,"251010+(조간)++가을+단풍+시작,+등산사고에+주의하세요!(예방안전제도과).pdf",,,deferred,,https://www.mois.go.kr/cmm/fms/FileDown.do?atchFileId=FILE_001394201nkUQgv&fileSn=1,
1301,121134,1,251029+(석간)+‘글로벌+공공+AI+포럼’+개최로+국제사회+디지털+협력+확산(국제디지털협력과).hwpx,hwpx,443405,extracted,,https://www.mois.go.kr/cmm/fms/FileDown.do?atchFileId=FILE_00139476D0NXdJ6&fileSn=0,1429
1301,121134,2,251029+(석간)+‘글로벌+공공+AI+포럼’+개최로+국제사회+디지털+협력+확산(국제디지털협력과).pdf,,,deferred,,https://www.mois.go.kr/cmm/fms/FileDown.do?atchFileId=FILE_00139476D0NXdJ6&fileSn=1,
1302,121133,1,251029+(09시30분)+겨울철+자연재난+대비+재난특교세+지원(재난관리정책과).hwpx,hwpx,320603,extracted,,https://www.mois.go.kr/cmm/fms/FileDown.do?atchFileId=FILE_00139475czoRPwm&fileSn=0,564
1302,121133,2,251029+(09시30분)+겨울철+자연재난+대비+재난특교세+지원(재난관리정책과).pdf,,,deferred,,https://www.mois.go.kr/cmm/fms/FileDown.do?atchFileId=FILE_00139475czoRPwm&fileSn=1,
1303,121389,1,251026 (보도참고자료) 국가정보자원관리원(대전본원) 장애 복구 현황(10.26. 18시 기준 총 525개).pdf,pdf,188866,extracted,,https://www.mois.go.kr/cmm/fms/FileDown.do?atchFileId=FILE_00139862xk9Zd-U&fileSn=0,17256
1303,121389,2,251026 (보도참고자료) 국가정보자원관리원(대전본원) 장애 복구 현황(10.26. 21시 기준 총 530개).pdf,pdf,187111,extracted,,https://www.mois.go.kr/cmm/fms/FileDown.do?atchFileId=FILE_00139862xk9Zd-U&fileSn=1,17411
1303,121389,3,251027 (보도참고자료) 국가정보자원관리원(대전본원) 장애 복구 현황(10.27. 12시 기준 총 534개).pdf,pdf,189501,extracted,,https://www.mois.go.kr/cmm/fms/FileDown.do?atchFileId=FILE_00139862xk9Zd-U&fileSn=2,17550
1303,121389,4,251027 (보도참고자료) 국가정보자원관리원(대전본원) 장애 복구 현황(10.27. 18시 기준 총 550개).pdf,pdf,205564,extracted,,https://www.mois.go.kr/cmm/fms/FileDown.do?atchFileId=FILE_00139862xk9Zd-U&fileSn=3,18159
1303,121389,5,251027 (보도참고자료) 국가정보자원관리원(대전본원) 장애 복구 현황(10.27. 21시 기준 총 551개).pdf,pdf,187477,extracted,,https://www.mois.go.kr/cmm/fms/FileDown.do?atchFileId=FILE_00139862xk9Zd-U&fileSn=4,18199
1303,121389,6,251028 (보도참고자료) 국가정보자원관리원(대전본원) 장애 복구 현황(10.28. 12시 기준 총 564개).pdf,pdf,201708,extracted,,https://www.mois.go.kr/cmm/fms/FileDown.do?atchFileId=FILE_00139862xk9Zd-U&fileSn=5,18621
1303,121389,7,251028 (보도참고자료) 국가정보자원관리원(대전본원) 장애 복구 현황(10.28. 18시 기준 총 570개).pdf,pdf,197239,extracted,,https://www.mois.go.kr/cmm/fms/FileDown.do?atchFileId=FILE_00139862xk9Zd-U&fileSn=6,18803
1303,121389,8,251028 (보도참고자료) 국가정보자원관리원(대전본원) 장애 복구 현황(10.28. 21시 기준 총 584개).pdf,pdf,206803,extracted,,https://www.mois.go.kr/cmm/fms/FileDown.do?atchFileId=FILE_00139862xk9Zd-U&fileSn=7,19280
1303,121389,9,251029 (보도참고자료) 국가정보자원관리원(대전본원) 장애 복구 현황(10.29. 12시 기준 총 589개).pdf,pdf,207095,extracted,,https://www.mois.go.kr/cmm/fms/FileDown.do?atchFileId=FILE_00139862xk9Zd-U&fileSn=8,19446
1304,121132,1,"251029+(17시)+정부,+겨울철+대비+화재예방+안전대책+점검(국토산업재난대응과).hwpx",hwpx,5984387,extracted,,https://www.mois.go.kr/cmm/fms/FileDown.do?atchFileId=FILE_00139474AKK-VUc&fileSn=0,1487
1304,121132,2,"251029+(17시)+정부,+겨울철+대비+화재예방+안전대책+점검(국토산업재난대응과).pdf",,,deferred,,https://www.mois.go.kr/cmm/fms/FileDown.do?atchFileId=FILE_00139474AKK-VUc&fileSn=1,
1305,121131,1,251028+(즉시)+IC+주민등록증+발급+재개(주민과).hwpx,hwpx,439317,extracted,,https://www.mois.go.kr/cmm/fms/FileDown.do?atchFileId=FILE_001394730Y5yTv2&fileSn=0,843
1305,121131,2,251028+(즉시)+IC+주민등록증+발급+재개(주민과).pdf,,,deferred,,https://www.mois.go.kr/cmm/fms/FileDown.do?atchFileId=FILE_001394730Y5yTv2&fileSn=1,
1306,121130,1,"251029+(15시30분)+유사·중복+지하차도+명칭,+국민+안심·편의를+위해+신속+정비+추진(자치행정과).hwpx",hwpx,444658,extracted,,https://www.mois.go.kr/cmm/fms/FileDown.do?atchFileId=FILE_00139472rI-SjHu&fileSn=0,1576
1306,121130,2,"251029+(15시30분)+유사·중복+지하차도+명칭,+국민+안심·편의를+위해+신속+정비+추진(자치행정과).pdf",,,deferred,,https://www.mois.go.kr/cmm/fms/FileDown.do?atchFileId=FILE_00139472rI-SjHu&fileSn=1,
1307,121127,1,251028+(즉시)+1등급+국민비서+시스템+운영+재개(공공서비스통합과).hwpx,hwpx,464409,extracted,,https://www.mois.go.kr/cmm/fms/FileDown.do?atchFileId=FILE_00139469TMd9bBy&fileSn=0,843
1307,121127,2,251028+(즉시)+1등급+국민비서+시스템+운영+재개(공공서비스통합과).pdf,,,deferred,,https://www.mois.go.kr/cmm/fms/FileDown.do?atchFileId=FILE_00139469TMd9bBy&fileSn=1,
1308,121129,1,"251029+(조간)+지방자치+이야기,+기록으로+새롭게+만난다(국가기록원+서비스정책과).hwpx",hwpx,8573218,extracted,,https://www.mois.go.kr/cmm/fms/FileDown.do?atchFileId=FILE_001394716OFyz9Z&fileSn=0,2299
1308,121129,2,"251029+(조간)+지방자치+이야기,+기록으로+새롭게+만난다(국가기록원+서비스정책과).pdf",,,deferred,,https://www.mois.go.kr/cmm/fms/FileDown.do?atchFileId=FILE_001394716OFyz9Z&fileSn=1,
1309,121128,1,251029+(조간)+바가지요금+정보무늬(QR코드)+한+번으로+간편+신고하세요(지역경제과).hwp,hwp,581120,extracted,,https://www.mois.go.kr/cmm/fms/FileDown.do?atchFileId=FILE_00139470hWNo1K_&fileSn=0,1659
1309,121128,2,251029+(조간)+바가지요금+정보무늬(QR코드)+한+번으로+간편+신고하세요(지역경제과).pdf,,,deferred,,https://www.mois.go.kr/cmm/fms/FileDown.do?atchFileId=FILE_00139470hWNo1K_&fileSn=1,
1310,121121,1,"251028+(14시)+말+한마디로+이용하는+공공서비스,+행안부-네이버·카카오가+만든다(공공서비스혁신과).hwpx",hwpx,456710,extracted,,https://www.mois.go.kr/cmm/fms/FileDown.do?atchFileId=FILE_0013946396FCZaW&fileSn=0,2359
1310,121121,2,"251028+(14시)+말+한마디로+이용하는+공공서비스,+행안부-네이버·카카오가+만든다(공공서비스혁신과).pdf",,,deferred,,https://www.mois.go.kr/cmm/fms/FileDown.do?atchFileId=FILE_0013946396FCZaW&fileSn=1,
1311,121124,1,251028+(조간)+정부세종청사에+70m+높이+소방차+출동+고층화재+대비+합동+소방훈련+시행(정부청사관리본부+청사보안기획과).hwpx,hwpx,1832740,extracted,,https://www.mois.go.kr/cmm/fms/FileDown.do?atchFileId=FILE_0013946697cT_wQ&fileSn=0,1186
1311,121124,2,251028+(조간)+정부세종청사에+70m+높이+소방차+출동+고층화재+대비+합동+소방훈련+시행(정부청사관리본부+청사보안기획과).pdf,,,deferred,,https://www.mois.go.kr/cmm/fms/FileDown.do?atchFileId=FILE_0013946697cT_wQ&fileSn=1,
1312,121123,1,"251028+(조간)+청년이+말하는+지방자치의+미래,+민선+지방자치+30주년+충청권+간담회+개최(자치분권제도과).hwpx",hwpx,1266021,extracted,,https://www.mois.go.kr/cmm/fms/FileDown.do?atchFileId=FILE_00139465EbipCGF&fileSn=0,2794
1312,121123,2,"251028+(조간)+청년이+말하는+지방자치의+미래,+민선+지방자치+30주년+충청권+간담회+개최(자치분권제도과).pdf",,,deferred,,https://www.mois.go.kr/cmm/fms/FileDown.do?atchFileId=FILE_00139465EbipCGF&fileSn=1,
1313,121122,1,251028+(조간)+2025년('24년+기준)+자전거+이용+현황+통계+발표(새마을발전협력과).hwpx,hwpx,963804,extracted,,https://www.mois.go.kr/cmm/fms/FileDown.do?atchFileId=FILE_00139464r9PoM6u&fileSn=0,2393
1313,121122,2,251028+(조간)+2025년('24년+기준)+자전거+이용+현황+통계+발표(새마을발전협력과).pdf,,,deferred,,https://www.mois.go.kr/cmm/fms/FileDown.do?atchFileId=FILE_00139464r9PoM6u&fileSn=1,
1314,121120,1,251027+(11시)+2차+소비쿠폰+10월+31일+18시까지+꼭+신청하세요(재정정책과).hwpx,hwpx,2592501,extracted,,https://www.mois.go.kr/cmm/fms/FileDown.do?atchFileId=FILE_00139462MhiunSy&fileSn=0,2642
1314,121120,2,251027+(11시)+2차+소비쿠폰+10월+31일+18시까지+꼭+신청하세요(재정정책과).pdf,,,deferred,,https://www.mois.go.kr/cmm/fms/FileDown.do?atchFileId=FILE_00139462MhiunSy&fileSn=1,
1315,121119,1,251027+(조간)+민선+지방자치+30년의+여정을+지나+새로운+도약을+준비한다!(자치분권제도과).hwpx,hwpx,452739,extracted,,https://www.mois.go.kr/cmm/fms/FileDown.do?atchFileId=FILE_00139461ndRXngy&fileSn=0,3603
1315,121119,2,251027+(조간)+민선+지방자치+30년의+여정을+지나+새로운+도약을+준비한다!(자치분권제도과).pdf,,,deferred,,https://www.mois.go.kr/cmm/fms/FileDown.do?atchFileId=FILE_00139461ndRXngy&fileSn=1,
1316,121118,1,"251026+(★국회의결시)+예측+못한+긴급+재정수요에+지방채+발행+가능,+｢지방재정법｣+일부개정법률안+국회+통과(재정정책과).hwpx",hwpx,445825,extracted,,https://www.mois.go.kr/cmm/fms/FileDown.do?atchFileId=FILE_001394602ObQaQ7&fileSn=0,1374
1316,121118,2,"251026+(★국회의결시)+예측+못한+긴급+재정수요에+지방채+발행+가능,+｢지방재정법｣+일부개정법률안+국회+통과(재정정책과).pdf",,,deferred,,https://www.mois.go.kr/cmm/fms/FileDown.do?atchFileId=FILE_001394602ObQaQ7&fileSn=1,
1317,120999,1,251023 (보도참고자료) 국가정보자원관리원(대전본원) 장애 복구 현황(10.23. 12시 기준 총 455개).pdf,pdf,166695,extracted,,https://www.mois.go.kr/cmm/fms/FileDown.do?atchFileId=FILE_00139316-P_-VTl&fileSn=0,15024
1317,120999,2,251023 (보도참고자료) 국가정보자원관리원(대전본원) 장애 복구 현황(10.23. 13시 기준 총 456개).pdf,pdf,164566,extracted,,https://www.mois.go.kr/cmm/fms/FileDown.do?atchFileId=FILE_00139316-P_-VTl&fileSn=1,15052
1317,120999,3,251023 (보도참고자료) 국가정보자원관리원(대전본원) 장애 복구 현황(10.23. 18시 기준 총 468개).pdf,pdf,183503,extracted,,https://www.mois.go.kr/cmm/fms/FileDown.do?atchFileId=FILE_00139316-P_-VTl&fileSn=2,15436
1317,120999,4,251023 (보도참고자료) 국가정보자원관리원(대전본원) 장애 복구 현황(10.23. 21시 기준 총 474개).pdf,pdf,174321,extracted,,https://www.mois.go.kr/cmm/fms/FileDown.do?atchFileId=FILE_00139316-P_-VTl&fileSn=3,15626
1317,120999,5,251024 (보도참고자료) 국가정보자원관리원(대전본원) 장애 복구 현황(10.24. 12시 기준 총 481개).pdf,pdf,176710,extracted,,https://www.mois.go.kr/cmm/fms/FileDown.do?atchFileId=FILE_00139316-P_-VTl&fileSn=4,15829
1317,120999,6,251024 (보도참고자료) 국가정보자원관리원(대전본원) 장애 복구 현황(10.24. 18시 기준 총 500개).pdf,pdf,194644,extracted,,https://www.mois.go.kr/cmm/fms/FileDown.do?atchFileId=FILE_00139316-P_-VTl&fileSn=5,16464
1317,120999,7,251024 (보도참고자료) 국가정보자원관리원(대전본원) 장애 복구 현황(10.24. 21시 기준 총 508개).pdf,pdf,185740,extracted,,https://www.mois.go.kr/cmm/fms/FileDown.do?atchFileId=FILE_00139316-P_-VTl&fileSn=6,16717
1317,120999,8,251025 (보도참고자료) 국가정보자원관리원(대전본원) 장애 복구 현황(10.25. 12시 기준 총 511개).pdf,pdf,188915,extracted,,https://www.mois.go.kr/cmm/fms/FileDown.do?atchFileId=FILE_00139316-P_-VTl&fileSn=7,16812
1317,120999,9,251025 (보도참고자료) 국가정보자원관리원(대전본원) 장애 복구 현황(10.25. 18시 기준 총 512개).pdf,pdf,181227,extracted,,https://www.mois.go.kr/cmm/fms/FileDown.do?atchFileId=FILE_00139316-P_-VTl&fileSn=8,16843
1317,120999,10,251025 (보도참고자료) 국가정보자원관리원(대전본원) 장애 복구 현황(10.25. 21시 기준 총 514개).pdf,pdf,187780,extracted,,https://www.mois.go.kr/cmm/fms/FileDown.do?atchFileId=FILE_00139316-P_-VTl&fileSn=9,16928
1318,121114,1,"251024+(15시)+기후위기,+고령화,+지방소멸+등+사회문제+사회연대경제+정책으로+극복한다(지역사회혁신TF).hwp",hwp,465408,extracted,,https://www.mois.go.kr/cmm/fms/FileDown.do?atchFileId=FILE_00139456fdPNIHP&fileSn=0,1230
1318,121114,2,"251024+(15시)+기후위기,+고령화,+지방소멸+등+사회문제+사회연대경제+정책으로+극복한다(지역사회혁신TF).pdf",,,deferred,,https://www.mois.go.kr/cmm/fms/FileDown.do?atchFileId=FILE_00139456fdPNIHP&fileSn=1,
1319,121113,1,"251024+(14시)+주민의+삶과+직결된+지역+안전·복지+제도+개선,+행안부+지방정부와+협력+강화(자치행정과).hwpx",hwpx,453171,extracted,,https://www.mois.go.kr/cmm/fms/FileDown.do?atchFileId=FILE_00139455CsMeQka&fileSn=0,1723
1319,121113,2,"251024+(14시)+주민의+삶과+직결된+지역+안전·복지+제도+개선,+행안부+지방정부와+협력+강화(자치행정과).pdf",,,deferred,,https://www.mois.go.kr/cmm/fms/FileDown.do?atchFileId=FILE_00139455CsMeQka&fileSn=1,
1320,121112,1,251024+(즉시)+1등급+문서24시스템+운영+재개(정보공개과) (1).hwpx,hwpx,458034,extracted,,https://www.mois.go.kr/cmm/fms/FileDown.do?atchFileId=FILE_00139454Q3eSKd9&fileSn=0,673
1320,121112,2,251024+(즉시)+1등급+문서24시스템+운영+재개(정보공개과).pdf,pdf,133262,extracted,,https://www.mois.go.kr/cmm/fms/FileDown.do?atchFileId=FILE_00139454Q3eSKd9&fileSn=1,678
1321,121111,1,"251024+(석간)+공주+백업센터,+국가정보자원관리원의+데이터+백업+중심지로+도약(국가정보자원관리원+정보자원관리과).hwp",hwp,484864,extracted,,https://www.mois.go.kr/cmm/fms/FileDown.do?atchFileId=FILE_00139453nUojGl7&fileSn=0,1020
1321,121111,2,"251024+(석간)+공주+백업센터,+국가정보자원관리원의+데이터+백업+중심지로+도약(국가정보자원관리원+정보자원관리과).pdf",,,deferred,,https://www.mois.go.kr/cmm/fms/FileDown.do?atchFileId=FILE_00139453nUojGl7&fileSn=1,
1322,121109,1,251023+(즉시)+1등급+공공데이터포털+운영+재개(공공지능데이터정책과).hwpx,hwpx,455714,extracted,,https://www.mois.go.kr/cmm/fms/FileDown.do?atchFileId=FILE_00139451LKSZ2wE&fileSn=0,605
1322,121109,2,251023+(즉시)+1등급+공공데이터포털+운영+재개(공공지능데이터정책과).pdf,,,deferred,,https://www.mois.go.kr/cmm/fms/FileDown.do?atchFileId=FILE_00139451LKSZ2wE&fileSn=1,
1323,121108,1,251023+(10시20분)+‘2025년+산하기관+경영혁신+보고회’+개최(성과관리당당관).hwpx,hwpx,451422,extracted,,https://www.mois.go.kr/cmm/fms/FileDown.do?atchFileId=FILE_00139450W4hgWmV&fileSn=0,1614
1323,121108,2,251023+(10시20분)+‘2025년+산하기관+경영혁신+보고회’+개최(성과관리당당관).pdf,,,deferred,,https://www.mois.go.kr/cmm/fms/FileDown.do?atchFileId=FILE_00139450W4hgWmV&fileSn=1,
1324,120997,1,251021 (보도참고자료) 국가정보자원관리원(대전본원) 장애 복구 현황(10.21. 09시 기준 총 404개).pdf,pdf,167889,extracted,,https://www.mois.go.kr/cmm/fms/FileDown.do?atchFileId=FILE_00139313qZkYSch&fileSn=0,13373
1324,120997,2,251021 (보도참고자료) 국가정보자원관리원(대전본원) 장애 복구 현황(10.21. 12시 기준 총 409개).pdf,pdf,164260,extracted,,https://www.mois.go.kr/cmm/fms/FileDown.do?atchFileId=FILE_00139313qZkYSch&fileSn=1,13533
1324,120997,3,251021 (보도참고자료) 국가정보자원관리원(대전본원) 장애 복구 현황(10.21. 13시 30분 기준 총 412개).pdf,pdf,160556,extracted,,https://www.mois.go.kr/cmm/fms/FileDown.do?atchFileId=FILE_00139313qZkYSch&fileSn=2,13618
1324,120997,4,251021 (보도참고자료) 국가정보자원관리원(대전본원) 장애 복구 현황(10.21. 18시 기준 총 424개).pdf,pdf,175214,extracted,,https://www.mois.go.kr/cmm/fms/FileDown.do?atchFileId=FILE_00139313qZkYSch&fileSn=3,14053
1324,120997,5,251021 (보도참고자료) 국가정보자원관리원(대전본원) 장애 복구 현황(10.21. 21시 기준 총 425개).pdf,pdf,159982,extracted,,https://www.mois.go.kr/cmm/fms/FileDown.do?atchFileId=FILE_00139313qZkYSch&fileSn=4,14085
1324,120997,6,251022 (보도참고자료) 국가정보자원관리원(대전본원) 장애 복구 현황(10.22. 12시 기준 총 441개).pdf,pdf,179838,extracted,,https://www.mois.go.kr/cmm/fms/FileDown.do?atchFileId=FILE_00139313qZkYSch&fileSn=5,14545
1324,120997,7,251022 (보도참고자료) 국가정보자원관리원(대전본원) 장애 복구 현황(10.22. 18시 기준 총 450개).pdf,pdf,178148,extracted,,https://www.mois.go.kr/cmm/fms/FileDown.do?atchFileId=FILE_00139313qZkYSch&fileSn=6,14848
1324,120997,8,251022 (보도참고자료) 국가정보자원관리원(대전본원) 장애 복구 현황(10.22. 21시 기준 총 453개).pdf,pdf,168204,extracted,,https://www.mois.go.kr/cmm/fms/FileDown.do?atchFileId=FILE_00139313qZkYSch&fileSn=7,14968
1325,121102,1,251021+(즉시)+국가정보자원관리원+화재+복구+예비비+1521억+원+국무회의+의결(디지털정부기획과).hwpx,hwpx,463660,extracted,,https://www.mois.go.kr/cmm/fms/FileDown.do?atchFileId=FILE_00139444kP5s42M&fileSn=0,717
1325,121102,2,251021+(즉시)+국가정보자원관리원+화재+복구+예비비+1521억+원+국무회의+의결(디지털정부기획과).pdf,,,deferred,,https://www.mois.go.kr/cmm/fms/FileDown.do?atchFileId=FILE_00139444kP5s42M&fileSn=1,
1326,121105,1,"251022+(조간)+중앙정부-지자체,+전국에+있는+위기가구+발굴을+위해+힘+모은다(스마트복지안전공동체추진단+위기가구발굴지원팀).hwp",hwp,492032,extracted,,https://www.mois.go.kr/cmm/fms/FileDown.do?atchFileId=FILE_00139447HgQFmo0&fileSn=0,2133
1326,121105,2,"251022+(조간)+중앙정부-지자체,+전국에+있는+위기가구+발굴을+위해+힘+모은다(스마트복지안전공동체추진단+위기가구발굴지원팀).pdf",,,deferred,,https://www.mois.go.kr/cmm/fms/FileDown.do?atchFileId=FILE_00139447HgQFmo0&fileSn=1,
1327,120996,1,251017 (보도참고자료) 국가정보자원관리원(대전본원) 장애 복구 현황(10.17. 12시 기준 총 340개).pdf,pdf,140344,extracted,,https://www.mois.go.kr/cmm/fms/FileDown.do?atchFileId=FILE_00139312xxw7q6H&fileSn=0,11279
1327,120996,2,251017 (보도참고자료) 국가정보자원관리원(대전본원) 장애 복구 현황(10.17. 18시 기준 총 347개).pdf,pdf,142205,extracted,,https://www.mois.go.kr/cmm/fms/FileDown.do?atchFileId=FILE_00139312xxw7q6H&fileSn=1,11521
1327,120996,3,251017 (보도참고자료) 국가정보자원관리원(대전본원) 장애 복구 현황(10.17. 21시 기준 총 357개).pdf,pdf,143333,extracted,,https://www.mois.go.kr/cmm/fms/FileDown.do?atchFileId=FILE_00139312xxw7q6H&fileSn=2,11803
1327,120996,4,251018 (보도참고자료) 국가정보자원관리원(대전본원) 장애 복구 현황(10.18. 12시 기준 총 358개).pdf,pdf,154902,extracted,,https://www.mois.go.kr/cmm/fms/FileDown.do?atchFileId=FILE_00139312xxw7q6H&fileSn=3,11833
1327,120996,5,251018 (보도참고자료) 국가정보자원관리원(대전본원) 장애 복구 현황(10.18. 18시 기준 총 367개).pdf,pdf,160319,extracted,,https://www.mois.go.kr/cmm/fms/FileDown.do?atchFileId=FILE_00139312xxw7q6H&fileSn=4,12127
1327,120996,6,251019 (보도참고자료) 국가정보자원관리원(대전본원) 장애 복구 현황(10.19. 09시 기준 총 368개).pdf,pdf,149353,extracted,,https://www.mois.go.kr/cmm/fms/FileDown.do?atchFileId=FILE_00139312xxw7q6H&fileSn=5,12158
1327,120996,7,251019 (보도참고자료) 국가정보자원관리원(대전본원) 장애 복구 현황(10.19. 18시 기준 총 373개).pdf,pdf,166805,extracted,,https://www.mois.go.kr/cmm/fms/FileDown.do?atchFileId=FILE_00139312xxw7q6H&fileSn=6,12324
1327,120996,8,251020 (보도참고자료) 국가정보자원관리원(대전본원) 장애 복구 현황(10.20. 12시 기준 총 375개).pdf,pdf,162196,extracted,,https://www.mois.go.kr/cmm/fms/FileDown.do?atchFileId=FILE_00139312xxw7q6H&fileSn=7,12387
1327,120996,9,251020 (보도참고자료) 국가정보자원관리원(대전본원) 장애 복구 현황(10.20. 18시 기준 총 397개).pdf,pdf,185882,extracted,,https://www.mois.go.kr/cmm/fms/FileDown.do?atchFileId=FILE_00139312xxw7q6H&fileSn=8,13119
1327,120996,10,251020 (보도참고자료) 국가정보자원관리원(대전본원) 장애 복구 현황(10.20. 21시 기준 총 402개).pdf,pdf,171904,extracted,,https://www.mois.go.kr/cmm/fms/FileDown.do?atchFileId=FILE_00139312xxw7q6H&fileSn=9,13318
1328,121100,1,"251021+(조간)+중국+본토의+대일항쟁기간+희생자+1,739명+유족+대상+유전자+검사+첫+실시(대일항쟁기강제동원피해지원과).hwp",hwp,485888,extracted,,https://www.mois.go.kr/cmm/fms/FileDown.do?atchFileId=FILE_00139442UoiU1c1&fileSn=0,1004
1328,121100,2,"251021+(조간)+중국+본토의+대일항쟁기간+희생자+1,739명+유족+대상+유전자+검사+첫+실시(대일항쟁기강제동원피해지원과).pdf",,,deferred,,https://www.mois.go.kr/cmm/fms/FileDown.do?atchFileId=FILE_00139442UoiU1c1&fileSn=1,
1329,121099,1,251020+(즉시)+국민+생명·안전+밀접+시스템+최우선+복구+추진(디지털정부기획과).hwp,hwp,501760,extracted,,https://www.mois.go.kr/cmm/fms/FileDown.do?atchFileId=FILE_00139441PTLawiu&fileSn=0,7287
1329,121099,2,251020+(즉시)+국민+생명·안전+밀접+시스템+최우선+복구+추진(디지털정부기획과).pdf,,,deferred,,https://www.mois.go.kr/cmm/fms/FileDown.do?atchFileId=FILE_00139441PTLawiu&fileSn=1,
1330,121096,1,"251017+(16시)+기관+시스템,+대구센터+이전기관+협의회+개최(국가정보자원관리원+현장상황실).hwp",hwp,487936,extracted,,https://www.mois.go.kr/cmm/fms/FileDown.do?atchFileId=FILE_001394388VSJMoF&fileSn=0,877
1330,121096,2,"251017+(16시)+기관+시스템,+대구센터+이전기관+협의회+개최(국가정보자원관리원+현장상황실).pdf",,,deferred,,https://www.mois.go.kr/cmm/fms/FileDown.do?atchFileId=FILE_001394388VSJMoF&fileSn=1,
1331,121095,1,251018+(조간)+제43회+대통령기+이북도민+체육대회+개최(이북5도위원회+사무국+총무과).hwpx,hwpx,441309,extracted,,https://www.mois.go.kr/cmm/fms/FileDown.do?atchFileId=FILE_00139437sBvjhmR&fileSn=0,1413
1331,121095,2,251018+(조간)+제43회+대통령기+이북도민+체육대회+개최(이북5도위원회+사무국+총무과).pdf,,,deferred,,https://www.mois.go.kr/cmm/fms/FileDown.do?atchFileId=FILE_00139437sBvjhmR&fileSn=1,
1332,120994,1,251014 (보도참고자료) 국가정보자원관리원(대전본원) 장애 복구 현황(10.14. 12시 기준 총 287개).pdf,pdf,144124,extracted,,https://www.mois.go.kr/cmm/fms/FileDown.do?atchFileId=FILE_00139309Px9b85U&fileSn=0,9543
1332,120994,2,251014 (보도참고자료) 국가정보자원관리원(대전본원) 장애 복구 현황(10.14. 18시 기준 총 297개).pdf,pdf,157070,extracted,,https://www.mois.go.kr/cmm/fms/FileDown.do?atchFileId=FILE_00139309Px9b85U&fileSn=1,9854
1332,120994,3,251014 (보도참고자료) 국가정보자원관리원(대전본원) 장애 복구 현황(10.14. 21시 기준 총 306개).pdf,pdf,155663,extracted,,https://www.mois.go.kr/cmm/fms/FileDown.do?atchFileId=FILE_00139309Px9b85U&fileSn=2,10157
1332,120994,4,251015 (보도참고자료) 국가정보자원관리원(대전본원) 장애 복구 현황(10.15. 9시 기준 총 309개).pdf,pdf,150360,extracted,,https://www.mois.go.kr/cmm/fms/FileDown.do?atchFileId=FILE_00139309Px9b85U&fileSn=3,10254
1332,120994,5,251015 (보도참고자료) 국가정보자원관리원(대전본원) 장애 복구 현황(10.15. 12시 기준 총 311개).pdf,pdf,139425,extracted,,https://www.mois.go.kr/cmm/fms/FileDown.do?atchFileId=FILE_00139309Px9b85U&fileSn=4,10361
1332,120994,6,251015 (보도참고자료) 국가정보자원관리원(대전본원) 장애 복구 현황(10.15. 18시 기준 총 323개).pdf,pdf,155120,extracted,,https://www.mois.go.kr/cmm/fms/FileDown.do?atchFileId=FILE_00139309Px9b85U&fileSn=5,10743
1332,120994,7,251016 (보도참고자료) 국가정보자원관리원(대전본원) 장애 복구 현황(10.16. 12시 기준 총 325개).pdf,pdf,137819,extracted,,https://www.mois.go.kr/cmm/fms/FileDown.do?atchFileId=FILE_00139309Px9b85U&fileSn=6,10788
1332,120994,8,251016 (보도참고자료) 국가정보자원관리원(대전본원) 장애 복구 현황(10.16. 18시 기준 총 332개).pdf,pdf,139065,extracted,,https://www.mois.go.kr/cmm/fms/FileDown.do?atchFileId=FILE_00139309Px9b85U&fileSn=7,11023
1332,120994,9,251016 (보도참고자료) 국가정보자원관리원(대전본원) 장애 복구 현황(10.16. 21시 기준 총 338개).pdf,pdf,139765,extracted,,https://www.mois.go.kr/cmm/fms/FileDown.do?atchFileId=FILE_00139309Px9b85U&fileSn=8,11205
1333,121094,1,"251016+(16시)+행정안전부+장관,+안전·물가+등+APEC+현장+종합점검+실시(자치행정과).hwpx",hwpx,445972,extracted,,https://www.mois.go.kr/cmm/fms/FileDown.do?atchFileId=FILE_001394364VMPcHd&fileSn=0,1400
1333,121094,2,"251016+(16시)+행정안전부+장관,+안전·물가+등+APEC+현장+종합점검+실시(자치행정과).pdf",,,deferred,,https://www.mois.go.kr/cmm/fms/FileDown.do?atchFileId=FILE_001394364VMPcHd&fileSn=1,
1334,121092,1,251017+(조간)+100만+대도시도+별정직+부단체장+임용+시+시험+공고+생략할+수+있게+된다(지방인사제도과).hwpx,hwpx,447333,extracted,,https://www.mois.go.kr/cmm/fms/FileDown.do?atchFileId=FILE_001394341mwmhpB&fileSn=0,1870
1334,121092,2,251017+(조간)+100만+대도시도+별정직+부단체장+임용+시+시험+공고+생략할+수+있게+된다(지방인사제도과).pdf,,,deferred,,https://www.mois.go.kr/cmm/fms/FileDown.do?atchFileId=FILE_001394341mwmhpB&fileSn=1,
1335,121091,1,"251017+(조간)+잘못된+관행+없애고+일+잘하는+공직사회로+전환,+조직문화+개선+및+일하는+방식+혁신+추진(행정제도과).hwp",hwp,454144,extracted,,https://www.mois.go.kr/cmm/fms/FileDown.do?atchFileId=FILE_00139433ROQJwIL&fileSn=0,1430
1335,121091,2,"251017+(조간)+잘못된+관행+없애고+일+잘하는+공직사회로+전환,+조직문화+개선+및+일하는+방식+혁신+추진(행정제도과).pdf",,,deferred,,https://www.mois.go.kr/cmm/fms/FileDown.do?atchFileId=FILE_00139433ROQJwIL&fileSn=1,
1336,121090,1,"251016+(석간)+하나된+소리,+시월의+울림+다시+민주주의로(사회통합지원과).hwpx",hwpx,2281952,extracted,,https://www.mois.go.kr/cmm/fms/FileDown.do?atchFileId=FILE_00139432gIYNy1j&fileSn=0,1809
1336,121090,2,"251016+(석간)+하나된+소리,+시월의+울림+다시+민주주의로(사회통합지원과).pdf",,,deferred,,https://www.mois.go.kr/cmm/fms/FileDown.do?atchFileId=FILE_00139432gIYNy1j&fileSn=1,
1337,121089,1,251016+(즉시)+주요+미복구+시스템+서비스+재개일정+집중+점검(디지털정부기획과).hwp,hwp,580608,extracted,,https://www.mois.go.kr/cmm/fms/FileDown.do?atchFileId=FILE_00139431xGpPxvg&fileSn=0,40910
1337,121089,2,251016+(즉시)+주요+미복구+시스템+서비스+재개일정+집중+점검(디지털정부기획과).pdf,,,deferred,,https://www.mois.go.kr/cmm/fms/FileDown.do?atchFileId=FILE_00139431xGpPxvg&fileSn=1,
1338,121088,1,"251015+(즉시)+'중대범죄수사청설립지원단'+출범,+검찰개혁+추진+지원한다(기획재정담당관).hwpx",hwpx,458135,extracted,,https://www.mois.go.kr/cmm/fms/FileDown.do?atchFileId=FILE_001394304TF6Gft&fileSn=0,541
1338,121088,2,"251015+(즉시)+'중대범죄수사청설립지원단'+출범,+검찰개혁+추진+지원한다(기획재정담당관).pdf",,,deferred,,https://www.mois.go.kr/cmm/fms/FileDown.do?atchFileId=FILE_001394304TF6Gft&fileSn=1,
1339,121084,1,"251015+(조간)+10월의+추천+공공서비스,+임신·출산·육아에+대한+부담과+걱정을+덜어주는+공공서비스+선정(혁신기획과).hwpx",hwpx,460250,extracted,,https://www.mois.go.kr/cmm/fms/FileDown.do?atchFileId=FILE_00139426vM1vV9M&fileSn=0,2844
1339,121084,2,"251015+(조간)+10월의+추천+공공서비스,+임신·출산·육아에+대한+부담과+걱정을+덜어주는+공공서비스+선정(혁신기획과).pdf",,,deferred,,https://www.mois.go.kr/cmm/fms/FileDown.do?atchFileId=FILE_00139426vM1vV9M&fileSn=1,
1340,120990,1,251011 (보도참고자료) 국가정보자원관리원(대전본원) 장애 복구 현황(10.10. 24시 기준 총 238개).pdf,pdf,129441,extracted,,https://www.mois.go.kr/cmm/fms/FileDown.do?atchFileId=FILE_00139302P-mcy6w&fileSn=0,7943
1340,120990,2,251011 (보도참고자료) 국가정보자원관리원(대전본원) 장애 복구 현황(10.11. 18시 기준 총 242개).pdf,pdf,116772,extracted,,https://www.mois.go.kr/cmm/fms/FileDown.do?atchFileId=FILE_00139302P-mcy6w&fileSn=1,8081
1340,120990,3,251011 (보도참고자료) 국가정보자원관리원(대전본원) 장애 복구 현황(10.11. 21시 기준 총 248개).pdf,pdf,118946,extracted,,https://www.mois.go.kr/cmm/fms/FileDown.do?atchFileId=FILE_00139302P-mcy6w&fileSn=2,8261
1340,120990,4,251012 (보도참고자료) 국가정보자원관리원(대전본원) 장애 복구 현황(10.12. 12시 기준 총 249개).hwpx,hwpx,90834,extracted,,https://www.mois.go.kr/cmm/fms/FileDown.do?atchFileId=FILE_00139302P-mcy6w&fileSn=3,8097
1340,120990,5,251012 (보도참고자료) 국가정보자원관리원(대전본원) 장애 복구 현황(10.12. 18시 기준 총 258개).pdf,pdf,121081,extracted,,https://www.mois.go.kr/cmm/fms/FileDown.do?atchFileId=FILE_00139302P-mcy6w&fileSn=4,8573
1340,120990,6,251012 (보도참고자료) 국가정보자원관리원(대전본원) 장애 복구 현황(10.12. 21시 기준 총 260개).pdf,pdf,121206,extracted,,https://www.mois.go.kr/cmm/fms/FileDown.do?atchFileId=FILE_00139302P-mcy6w&fileSn=5,8638
1340,120990,7,251013 (보도참고자료) 국가정보자원관리원(대전본원) 장애 복구 현황(10.13. 15시 기준 총 264개).pdf,pdf,130539,extracted,,https://www.mois.go.kr/cmm/fms/FileDown.do?atchFileId=FILE_00139302P-mcy6w&fileSn=6,8764
1340,120990,8,251013 (보도참고자료) 국가정보자원관리원(대전본원) 장애 복구 현황(10.13. 18시 기준 총 273개).pdf,pdf,141576,extracted,,https://www.mois.go.kr/cmm/fms/FileDown.do?atchFileId=FILE_00139302P-mcy6w&fileSn=7,9057
1340,120990,9,251013 (보도참고자료) 국가정보자원관리원(대전본원) 장애 복구 현황(10.13. 21시 기준 총 284개).pdf,pdf,144100,extracted,,https://www.mois.go.kr/cmm/fms/FileDown.do?atchFileId=FILE_00139302P-mcy6w&fileSn=8,9448
1341,121083,1,251013+(즉시)+서비스+신속+재개를+위한+복구방안+수립·추진(디지털정부기획과).hwp,hwp,562688,extracted,,https://www.mois.go.kr/cmm/fms/FileDown.do?atchFileId=FILE_00139425-69863a&fileSn=0,33249
1341,121083,2,251013+(즉시)+서비스+신속+재개를+위한+복구방안+수립·추진(디지털정부기획과).pdf,,,deferred,,https://www.mois.go.kr/cmm/fms/FileDown.do?atchFileId=FILE_00139425-69863a&fileSn=1,
1342,121082,1,"251013+(조간)+입양기록물,+전문보존시설에서+안전한+보존의+길+열려(국가기록원+보존관리과).hwpx",hwpx,402423,extracted,,https://www.mois.go.kr/cmm/fms/FileDown.do?atchFileId=FILE_00139424lZfwwsA&fileSn=0,2138
1342,121082,2,"251013+(조간)+입양기록물,+전문보존시설에서+안전한+보존의+길+열려(국가기록원+보존관리과).pdf",,,deferred,,https://www.mois.go.kr/cmm/fms/FileDown.do?atchFileId=FILE_00139424lZfwwsA&fileSn=1,
1343,120988,1,251007 (보도참고자료) 국가정보자원관리원(대전본원) 장애 복구 현황(10.7. 13시 기준 총159개).pdf,pdf,124303,extracted,,https://www.mois.go.kr/cmm/fms/FileDown.do?atchFileId=FILE_00139300nYIKytX&fileSn=0,8185
1343,120988,2,251007 (보도참고자료) 국가정보자원관리원(대전본원) 장애 복구 현황(10.7. 18시 기준 총163개).pdf,pdf,126689,extracted,,https://www.mois.go.kr/cmm/fms/FileDown.do?atchFileId=FILE_00139300nYIKytX&fileSn=1,8390
1343,120988,3,251008 (보도참고자료) 행정정보시스템 복구 목록 상세 현황(10.8. 6시 기준 총164개).hwpx,hwpx,127477,extracted,,https://www.mois.go.kr/cmm/fms/FileDown.do?atchFileId=FILE_00139300nYIKytX&fileSn=2,21576
1343,120988,4,251008 (보도참고자료) 국가정보자원관리원(대전본원) 장애 복구 현황(10.8. 12시 기준 총165개).pdf,pdf,127230,extracted,,https://www.mois.go.kr/cmm/fms/FileDown.do?atchFileId=FILE_00139300nYIKytX&fileSn=3,8502
1343,120988,5,251008 (보도참고자료) 국가정보자원관리원(대전본원) 장애 복구 현황(10.8. 18시 기준 총167개).pdf,pdf,127936,extracted,,https://www.mois.go.kr/cmm/fms/FileDown.do?atchFileId=FILE_00139300nYIKytX&fileSn=4,8612
1343,120988,6,251009 (보도참고자료) 국가정보자원관리원(대전본원) 장애 복구 현황(10.8. 24시 기준 총169개).pdf,pdf,128988,extracted,,https://www.mois.go.kr/cmm/fms/FileDown.do?atchFileId=FILE_00139300nYIKytX&fileSn=5,8759
1343,120988,7,251009 (보도참고자료) 국가정보자원관리원(대전본원) 장애 복구 현황(10.9. 18시 기준 총197개).pdf,pdf,105249,extracted,,https://www.mois.go.kr/cmm/fms/FileDown.do?atchFileId=FILE_00139300nYIKytX&fileSn=6,6638
1343,120988,8,251010 (보도참고자료) 국가정보자원관리원(대전본원) 장애 복구 현황(10.9. 24시 기준 총 214개).pdf,pdf,109892,extracted,,https://www.mois.go.kr/cmm/fms/FileDown.do?atchFileId=FILE_00139300nYIKytX&fileSn=7,7160
1343,120988,9,251010 (보도참고자료) 국가정보자원관리원(대전본원) 장애 복구 현황(10.10. 12시 기준 총 217개(복구율 30.6%)).pdf,pdf,117121,extracted,,https://www.mois.go.kr/cmm/fms/FileDown.do?atchFileId=FILE_00139300nYIKytX&fileSn=8,7276
1343,120988,10,251010 (보도참고자료) 국가정보자원관리원(대전본원) 장애 복구 현황(10.10. 18시 기준 총 231개(복구율 32.5%)).pdf,pdf,131969,extracted,,https://www.mois.go.kr/cmm/fms/FileDown.do?atchFileId=FILE_00139300nYIKytX&fileSn=9,7713
1344,121080,1,"251010+(즉시)+행정안전부+장관,+경찰에+혐오집회·시위에+대해+적극적+대응+지시(법무담당관).hwp",hwp,600064,extracted,,https://www.mois.go.kr/cmm/fms/FileDown.do?atchFileId=FILE_00139422fri2pvv&fileSn=0,752
1344,121080,2,"251010+(즉시)+행정안전부+장관,+경찰에+혐오집회·시위에+대해+적극적+대응+지시(법무담당관).pdf",,,deferred,,https://www.mois.go.kr/cmm/fms/FileDown.do?atchFileId=FILE_00139422fri2pvv&fileSn=1,
1345,121079,1,251010+(참고)+제14회+이북5도+무형유산+대축제+개최(이북5도위원회+사무국+총무과).hwpx,hwpx,444408,extracted,,https://www.mois.go.kr/cmm/fms/FileDown.do?atchFileId=FILE_00139421eMKkz1V&fileSn=0,1223
1345,121079,2,251010+(참고)+제14회+이북5도+무형유산+대축제+개최(이북5도위원회+사무국+총무과).pdf,,,deferred,,https://www.mois.go.kr/cmm/fms/FileDown.do?atchFileId=FILE_00139421eMKkz1V&fileSn=1,
1346,120989,1,251009 (보도참고자료) 국가정보자원관리원 서비스 제공 목록 709개.pdf,pdf,154794,extracted,,https://www.mois.go.kr/cmm/fms/FileDown.do?atchFileId=FILE_001393016HHCadJ&fileSn=0,21661
1346,120989,2,251009 (보도참고자료) 국가정보자원관리원 서비스 제공 목록 복구여부 포함 (총195개 복구).pdf,pdf,152518,extracted,,https://www.mois.go.kr/cmm/fms/FileDown.do?atchFileId=FILE_001393016HHCadJ&fileSn=1,19113
1347,121077,1,251009+(즉시)+연휴+기간+내+주요+시스템+복구에+총력(디지털정부기획과).hwp,hwp,479232,extracted,,https://www.mois.go.kr/cmm/fms/FileDown.do?atchFileId=FILE_00139419FZfi4AC&fileSn=0,1502
1347,121077,2,251009+(즉시)+연휴+기간+내+주요+시스템+복구에+총력(디지털정부기획과).pdf,,,deferred,,https://www.mois.go.kr/cmm/fms/FileDown.do?atchFileId=FILE_00139419FZfi4AC&fileSn=1,
1348,121076,1,"251008+(16시30분)+행정안전부+장관,+추석+연휴+행정서비스+복구현장+점검(디지털정부기획과).hwp",hwp,493056,extracted,,https://www.mois.go.kr/cmm/fms/FileDown.do?atchFileId=FILE_00139418cLNG7tv&fileSn=0,1126
1348,121076,2,"251008+(16시30분)+행정안전부+장관,+추석+연휴+행정서비스+복구현장+점검(디지털정부기획과).pdf",,,deferred,,https://www.mois.go.kr/cmm/fms/FileDown.do?atchFileId=FILE_00139418cLNG7tv&fileSn=1,
1349,121075,1,251009+(조간)+579돌+한글날+경축식+개최(의정담당관).hwpx,hwpx,440568,extracted,,https://www.mois.go.kr/cmm/fms/FileDown.do?atchFileId=FILE_00139417K7KRlZX&fileSn=0,1393
1349,121075,2,251009+(조간)+579돌+한글날+경축식+개최(의정담당관).pdf,,,deferred,,https://www.mois.go.kr/cmm/fms/FileDown.do?atchFileId=FILE_00139417K7KRlZX&fileSn=1,
1350,121074,1,251007+(즉시)+국가정보자원관리원+현장상황실+대전+대구센터의+시스템+복구+준비상황+현장+점검+(국가정보자원관리원+현장상황실).hwp,hwp,433664,extracted,,https://www.mois.go.kr/cmm/fms/FileDown.do?atchFileId=FILE_001394162E36MBY&fileSn=0,859
1350,121074,2,251007+(즉시)+국가정보자원관리원+현장상황실+대전+대구센터의+시스템+복구+준비상황+현장+점검+(국가정보자원관리원+현장상황실).pdf,,,deferred,,https://www.mois.go.kr/cmm/fms/FileDown.do?atchFileId=FILE_001394162E36MBY&fileSn=1,
1351,120981,1,251002 (보도참고자료) 국가정보자원관리원(대전본원) 장애 복구 현황(10.2. 10시 기준).pdf,pdf,93896,extracted,,https://www.mois.go.kr/cmm/fms/FileDown.do?atchFileId=FILE_001392917QuAzlA&fileSn=0,4454
1351,120981,2,251003 (보도참고자료) 국가정보자원관리원(대전본원) 장애 복구 현황(10.3. 18시 기준).pdf,pdf,102102,extracted,,https://www.mois.go.kr/cmm/fms/FileDown.do?atchFileId=FILE_001392917QuAzlA&fileSn=1,4663
1351,120981,3,251003 (보도참고자료) 국가정보자원관리원(대전본원) 장애 복구 현황(10.3. 22시 기준).pdf,pdf,111421,extracted,,https://www.mois.go.kr/cmm/fms/FileDown.do?atchFileId=FILE_001392917QuAzlA&fileSn=2,5010
1351,120981,4,251004 (보도참고자료) 행정정보시스템 복구 목록 상세 현황(10.4. 12시 기준 총 130개).pdf,pdf,212613,extracted,,https://www.mois.go.kr/cmm/fms/FileDown.do?atchFileId=FILE_001392917QuAzlA&fileSn=3,16439
1351,120981,5,251005 (보도참고자료) 국가정보자원관리원(대전본원) 장애 복구 현황(10.5. 6시 기준 총132개).hwpx,hwpx,109819,extracted,,https://www.mois.go.kr/cmm/fms/FileDown.do?atchFileId=FILE_001392917QuAzlA&fileSn=4,16330
1351,120981,6,251005 (보도참고자료) 국가정보자원관리원(대전본원) 장애 복구 현황(10.5. 18시 기준 총134개).pdf,pdf,129499,extracted,,https://www.mois.go.kr/cmm/fms/FileDown.do?atchFileId=FILE_001392917QuAzlA&fileSn=5,6232
1351,120981,7,251006 (보도참고자료) 행정 정보시스템 복구 목록(10.5. 24시 기준 총135개).hwp,hwp,50688,extracted,,https://www.mois.go.kr/cmm/fms/FileDown.do?atchFileId=FILE_001392917QuAzlA&fileSn=6,16713
1351,120981,8,251006 (보도참고자료) 국가정보자원관리원(대전본원) 장애 복구 현황(10.6. 12시 기준 총156개).pdf,pdf,133900,extracted,,https://www.mois.go.kr/cmm/fms/FileDown.do?atchFileId=FILE_001392917QuAzlA&fileSn=7,8002
1351,120981,9,251006 (보도참고자료) 국가정보자원관리원(대전본원) 장애 복구 현황(10.6. 18시 기준 총157개).pdf,pdf,134256,extracted,,https://www.mois.go.kr/cmm/fms/FileDown.do?atchFileId=FILE_001392917QuAzlA&fileSn=8,8045
1352,121073,1,"251005+(즉시)+국가정보자원관리원+현장상황실,+전산실+복구상황+점검+(국가정보관리원+현장상황실).hwp",hwp,800256,extracted,,https://www.mois.go.kr/cmm/fms/FileDown.do?atchFileId=FILE_00139415SEK3onp&fileSn=0,557
1352,121073,2,"251005+(즉시)+국가정보자원관리원+현장상황실,+전산실+복구상황+점검+(국가정보관리원+현장상황실).pdf",,,deferred,,https://www.mois.go.kr/cmm/fms/FileDown.do?atchFileId=FILE_00139415SEK3onp&fileSn=1,
1353,121072,1,"251003+(즉시)+행안부장관+긴급+간부회의+개최,+직원+심리상담+지원+및+업무부담+완화+방안+논의(기획재정담당관).hwp",hwp,506368,extracted,,https://www.mois.go.kr/cmm/fms/FileDown.do?atchFileId=FILE_00139414fzA2HuV&fileSn=0,603
1353,121072,2,"251003+(즉시)+행안부장관+긴급+간부회의+개최,+직원+심리상담+지원+및+업무부담+완화+방안+논의(기획재정담당관).pdf",,,deferred,,https://www.mois.go.kr/cmm/fms/FileDown.do?atchFileId=FILE_00139414fzA2HuV&fileSn=1,
1354,121071,1,251003+(즉시)+명절+연휴+대비+안전+시스템+집중+점검(디지털정부기획과).hwp,hwp,522752,extracted,,https://www.mois.go.kr/cmm/fms/FileDown.do?atchFileId=FILE_00139413uLnq1sc&fileSn=0,15557
1354,121071,2,251003+(즉시)+명절+연휴+대비+안전+시스템+집중+점검(디지털정부기획과).pdf,,,deferred,,https://www.mois.go.kr/cmm/fms/FileDown.do?atchFileId=FILE_00139413uLnq1sc&fileSn=1,
1355,121069,1,"251002+(즉시)+국가정보자원관리원+현장상황실,+부처+협력방안+논의+(디지털정부기획과).hwp",hwp,506368,extracted,,https://www.mois.go.kr/cmm/fms/FileDown.do?atchFileId=FILE_001394117qfvKb1&fileSn=0,668
1355,121069,2,"251002+(즉시)+국가정보자원관리원+현장상황실,+부처+협력방안+논의+(디지털정부기획과).pdf",,,deferred,,https://www.mois.go.kr/cmm/fms/FileDown.do?atchFileId=FILE_001394117qfvKb1&fileSn=1,
1356,120977,1,251003 (조간) 제4357주년 개천절 경축식 개최(의정담당관실).hwpx,hwpx,442539,extracted,,https://www.mois.go.kr/cmm/fms/FileDown.do?atchFileId=FILE_00139278c6928qS&fileSn=0,1408
1356,120977,2,251003 (조간) 제4357주년 개천절 경축식 개최(의정담당관실).pdf,,,deferred,,https://www.mois.go.kr/cmm/fms/FileDown.do?atchFileId=FILE_00139278c6928qS&fileSn=1,
1357,121068,1,"251002+(11시)+행정안전부+장관,+추석계기+일선+현장의+전산장애·민생안전+점검(자치행정과).hwp",hwp,480256,extracted,,https://www.mois.go.kr/cmm/fms/FileDown.do?atchFileId=FILE_00139410FTxRA4w&fileSn=0,911
1357,121068,2,"251002+(11시)+행정안전부+장관,+추석계기+일선+현장의+전산장애·민생안전+점검(자치행정과).pdf",,,deferred,,https://www.mois.go.kr/cmm/fms/FileDown.do?atchFileId=FILE_00139410FTxRA4w&fileSn=1,
1358,121067,1,"251002+(즉시)+119안전신고·국가기록포털+등+110개+시스템+복구,+국민+불편+해소를+위한+지자체+온라인+상담재개(디지털정부기획과).pdf",pdf,225455,extracted,,https://www.mois.go.kr/cmm/fms/FileDown.do?atchFileId=FILE_00139409rA6xCQJ&fileSn=0,3492
1358,121067,2,"251002+(즉시)+119안전신고·국가기록포털+등+110개+시스템+복구,+국민+불편+해소를+위한+지자체+온라인+상담재개(디지털정부기획과)+(1).hwp",hwp,493568,extracted,,https://www.mois.go.kr/cmm/fms/FileDown.do?atchFileId=FILE_00139409rA6xCQJ&fileSn=1,3409
1359,121066,1,251002+(석간)+지방자치단체+금고+이자율+공개로+재정운용의+투명성+효율성+높인다(지역금융지원과).hwpx,hwpx,442165,extracted,,https://www.mois.go.kr/cmm/fms/FileDown.do?atchFileId=FILE_0013940829JnSXQ&fileSn=0,1238
1359,121066,2,251002+(석간)+지방자치단체+금고+이자율+공개로+재정운용의+투명성+효율성+높인다(지역금융지원과).pdf,,,deferred,,https://www.mois.go.kr/cmm/fms/FileDown.do?atchFileId=FILE_0013940829JnSXQ&fileSn=1,
1360,121065,1,251002+(즉시)+장애복구+인력·예산의+총력지원+추진+(디지털정부기획과).hwp,hwp,667648,extracted,,https://www.mois.go.kr/cmm/fms/FileDown.do?atchFileId=FILE_001394078VQhb2G&fileSn=0,1392
1360,121065,2,251002+(즉시)+장애복구+인력·예산의+총력지원+추진+(디지털정부기획과).pdf,,,deferred,,https://www.mois.go.kr/cmm/fms/FileDown.do?atchFileId=FILE_001394078VQhb2G&fileSn=1,
1361,120975,1,250929 (보도참고자료) 행정정보시스템 복구 목록 상세 현황(9.29. 18시 기준)(디지털정부기획과)(수정).hwpx,hwpx,95966,extracted,,https://www.mois.go.kr/cmm/fms/FileDown.do?atchFileId=FILE_00139285MqEQXCi&fileSn=0,9809
1361,120975,2,250929 (보도참고자료) 행정정보시스템 복구 목록 상세 현황(9.29. 22시 기준 총 81개)(디지털정부기획과).hwpx,hwpx,100816,extracted,,https://www.mois.go.kr/cmm/fms/FileDown.do?atchFileId=FILE_00139285MqEQXCi&fileSn=1,10430
1361,120975,3,250930 (보도참고자료) 행정정보시스템 복구 목록 상세 현황(9.30. 8시 기준 총 85개).hwpx,hwpx,102098,extracted,,https://www.mois.go.kr/cmm/fms/FileDown.do?atchFileId=FILE_00139285MqEQXCi&fileSn=2,10837
1361,120975,4,250930 (보도참고자료) 행정정보시스템 복구 목록 상세 현황(9.30. 10시 기준 총 87개).hwpx,hwpx,102647,extracted,,https://www.mois.go.kr/cmm/fms/FileDown.do?atchFileId=FILE_00139285MqEQXCi&fileSn=3,11051
1361,120975,5,250930 (보도참고자료) 행정정보시스템 복구 목록 상세 현황(9.30. 18시 기준 총 95개).hwpx,hwpx,100743,extracted,,https://www.mois.go.kr/cmm/fms/FileDown.do?atchFileId=FILE_00139285MqEQXCi&fileSn=4,11749
1361,120975,6,251001 (보도참고자료) 행정정보시스템 복구 목록 상세 현황(10.1. 10시 기준 총 99개).hwpx,hwpx,100594,extracted,,https://www.mois.go.kr/cmm/fms/FileDown.do?atchFileId=FILE_00139285MqEQXCi&fileSn=5,12333
1361,120975,7,251001 (보도참고자료) 행정정보시스템 복구 목록 상세 현황(10.1. 14시 기준 총 101개).hwpx,hwpx,101557,extracted,,https://www.mois.go.kr/cmm/fms/FileDown.do?atchFileId=FILE_00139285MqEQXCi&fileSn=6,12591
1361,120975,8,251001 (보도참고자료) 행정정보시스템 복구 목록 상세 현황(10.1. 20시 기준 총 103개).hwpx,hwpx,102044,extracted,,https://www.mois.go.kr/cmm/fms/FileDown.do?atchFileId=FILE_00139285MqEQXCi&fileSn=7,12809
1361,120975,9,251001 (보도참고자료) 행정정보시스템 복구 목록 상세 현황(10.1. 22시 기준 총 105개).hwpx,hwpx,102533,extracted,,https://www.mois.go.kr/cmm/fms/FileDown.do?atchFileId=FILE_00139285MqEQXCi&fileSn=8,13047
1362,121064,1,251001+(즉시)+국가정보자원관리원+현장상황실+설치·운영(디지털정부기획과).hwp,hwp,503808,extracted,,https://www.mois.go.kr/cmm/fms/FileDown.do?atchFileId=FILE_00139406zp1-gQw&fileSn=0,559
1362,121064,2,251001+(즉시)+국가정보자원관리원+현장상황실+설치·운영(디지털정부기획과).pdf,,,deferred,,https://www.mois.go.kr/cmm/fms/FileDown.do?atchFileId=FILE_00139406zp1-gQw&fileSn=1,
1363,121063,1,251001+(즉시)+정부는+정보시스템+데이터+복구에+총력을+다하겠습니다(국가정보자원관리원+운영총괄과).hwp,hwp,486912,extracted,,https://www.mois.go.kr/cmm/fms/FileDown.do?atchFileId=FILE_00139405b3C9IfO&fileSn=0,1048
1363,121063,2,251001+(즉시)+정부는+정보시스템+데이터+복구에+총력을+다하겠습니다(국가정보자원관리원+운영총괄과).pdf,,,deferred,,https://www.mois.go.kr/cmm/fms/FileDown.do?atchFileId=FILE_00139405b3C9IfO&fileSn=1,
1364,121062,1,"251002+(조간)+훼손된+중요기록물,+국가기록원이+무상으로+복원해드립니다(국가기록원+복원관리과).hwpx",hwp,1885696,extracted,,https://www.mois.go.kr/cmm/fms/FileDown.do?atchFileId=FILE_00139404uDu-xVT&fileSn=0,2112
1364,121062,2,"251002+(조간)+훼손된+중요기록물,+국가기록원이+무상으로+복원해드립니다(국가기록원+복원관리과).pdf",,,deferred,,https://www.mois.go.kr/cmm/fms/FileDown.do?atchFileId=FILE_00139404uDu-xVT&fileSn=1,
1365,121061,1,251002+(조간)+경주+APEC+정상회의+대비+숙박요금+특별합동점검+실시(지역경제과).hwpx,hwpx,441225,extracted,,https://www.mois.go.kr/cmm/fms/FileDown.do?atchFileId=FILE_00139403SYXfzI5&fileSn=0,1344
1365,121061,2,251002+(조간)+경주+APEC+정상회의+대비+숙박요금+특별합동점검+실시(지역경제과).pdf,,,deferred,,https://www.mois.go.kr/cmm/fms/FileDown.do?atchFileId=FILE_00139403SYXfzI5&fileSn=1,
1366,121060,1,251002+(조간)+지방공무원+스토킹+비위·디지털+성범죄+엄정+징계한다(지방인사제도과).hwpx,hwpx,439722,extracted,,https://www.mois.go.kr/cmm/fms/FileDown.do?atchFileId=FILE_00139402FVK7_tI&fileSn=0,1497
1366,121060,2,251002+(조간)+지방공무원+스토킹+비위·디지털+성범죄+엄정+징계한다(지방인사제도과).pdf,,,deferred,,https://www.mois.go.kr/cmm/fms/FileDown.do?atchFileId=FILE_00139402FVK7_tI&fileSn=1,
1367,121059,1,251002+(조간)+추석+연휴+공공주차장+무료+이용하세요(공공서비스혁신과).hwpx,hwpx,463687,extracted,,https://www.mois.go.kr/cmm/fms/FileDown.do?atchFileId=FILE_001394014NEDsQy&fileSn=0,766
1367,121059,2,251002+(조간)+추석+연휴+공공주차장+무료+이용하세요(공공서비스혁신과).pdf,,,deferred,,https://www.mois.go.kr/cmm/fms/FileDown.do?atchFileId=FILE_001394014NEDsQy&fileSn=1,
1368,121058,1,"251001+(즉시)+하도급+대금지급,+119+신고자+위치+조회+등+총+97개시스템+복구,+정보시스템장애관련+콜센터+현황+점검·개선+논의(디지털정부기획과).hwp",hwp,463360,extracted,,https://www.mois.go.kr/cmm/fms/FileDown.do?atchFileId=FILE_001394000k1LRmA&fileSn=0,3004
1368,121058,2,"251001+(즉시)+하도급+대금지급,+119+신고자+위치+조회+등+총+97개시스템+복구,+정보시스템장애관련+콜센터+현황+점검·개선+논의(디지털정부기획과) (1).pdf",pdf,223248,extracted,,https://www.mois.go.kr/cmm/fms/FileDown.do?atchFileId=FILE_001394000k1LRmA&fileSn=1,3086
1369,121056,1,"250930+(14시30분)+행정안전부+장관,+정부+서비스+상황+확인을+위한+현장점검(자치행정과).hwp",hwp,484352,extracted,,https://www.mois.go.kr/cmm/fms/FileDown.do?atchFileId=FILE_0013939855b-dfz&fileSn=0,993
1369,121056,2,"250930+(14시30분)+행정안전부+장관,+정부+서비스+상황+확인을+위한+현장점검(자치행정과).pdf",,,deferred,,https://www.mois.go.kr/cmm/fms/FileDown.do?atchFileId=FILE_0013939855b-dfz&fileSn=1,
1370,121053,1,250930+(즉시)+‘주민등록증’으로+금융거래+가능토록+진위확인+서비스+재개(주민과).hwp,hwp,506880,extracted,,https://www.mois.go.kr/cmm/fms/FileDown.do?atchFileId=FILE_00139395VWRdHST&fileSn=0,661
1370,121053,2,250930+(즉시)+‘주민등록증’으로+금융거래+가능토록+진위확인+서비스+재개(주민과).pdf,,,deferred,,https://www.mois.go.kr/cmm/fms/FileDown.do?atchFileId=FILE_00139395VWRdHST&fileSn=1,
1371,121052,1,"251001+(조간)+행정안전부와+해양수산부,+추석+연휴+대비+선박+안전관리+합동+점검(농축산해양재난대응과).hwpx",hwpx,205836,extracted,,https://www.mois.go.kr/cmm/fms/FileDown.do?atchFileId=FILE_00139394CRgcnGc&fileSn=0,1145
1371,121052,2,"251001+(조간)+행정안전부와+해양수산부,+추석+연휴+대비+선박+안전관리+합동+점검(농축산해양재난대응과).pdf",,,deferred,,https://www.mois.go.kr/cmm/fms/FileDown.do?atchFileId=FILE_00139394CRgcnGc&fileSn=1,
1372,121051,1,"251001+(조간)+과학기술이+만드는+안전한+일터,+산업+재해+예방+R&D+추진(재난안전연구개발과).hwpx",hwpx,221049,extracted,,https://www.mois.go.kr/cmm/fms/FileDown.do?atchFileId=FILE_00139393yEj0Vom&fileSn=0,2608
1372,121051,2,"251001+(조간)+과학기술이+만드는+안전한+일터,+산업+재해+예방+R&D+추진(재난안전연구개발과).pdf",,,deferred,,https://www.mois.go.kr/cmm/fms/FileDown.do?atchFileId=FILE_00139393yEj0Vom&fileSn=1,
1373,121050,1,251001+(조간)+가을철+단풍+따라+떠나는+온천여행+10선+소개(균형발전진흥과).hwpx,hwpx,10027364,extracted,,https://www.mois.go.kr/cmm/fms/FileDown.do?atchFileId=FILE_00139534HIFite3&fileSn=0,3655
1373,121050,2,251001+(조간)+가을철+단풍+따라+떠나는+온천여행+10선+소개(균형발전진흥과).pdf,,,deferred,,https://www.mois.go.kr/cmm/fms/FileDown.do?atchFileId=FILE_00139534HIFite3&fileSn=1,
1374,121041,1,250930+(11시)+8월+호우피해+항구복구비+등+재난특교세+지원(재난관리정책과).hwpx,hwpx,458017,extracted,,https://www.mois.go.kr/cmm/fms/FileDown.do?atchFileId=FILE_00139385TbIzBed&fileSn=0,614
1374,121041,2,250930+(11시)+8월+호우피해+항구복구비+등+재난특교세+지원(재난관리정책과).pdf,,,deferred,,https://www.mois.go.kr/cmm/fms/FileDown.do?atchFileId=FILE_00139385TbIzBed&fileSn=1,
1375,121049,1,250930+(10시)+URL+링크가+포함된+정부시스템+장애+관련+문자와+알림은+100+퍼센트+스미싱입니다(디지털보안정책과).hwpx,hwpx,404554,extracted,,https://www.mois.go.kr/cmm/fms/FileDown.do?atchFileId=FILE_00139392KgCzRVs&fileSn=0,1643
1375,121049,2,250930+(10시)+URL+링크가+포함된+정부시스템+장애+관련+문자와+알림은+100+퍼센트+스미싱입니다(디지털보안정책과).pdf,,,deferred,,https://www.mois.go.kr/cmm/fms/FileDown.do?atchFileId=FILE_00139392KgCzRVs&fileSn=1,
1376,121055,1,250930+(즉시)+우편물류+등+정보시스템+83개+복구+정부기관+사칭+피싱+스미싱+범죄+적극+대응(디지털정부기획과).hwp,hwp,481792,extracted,,https://www.mois.go.kr/cmm/fms/FileDown.do?atchFileId=FILE_001393972hR-EzK&fileSn=0,2672
1376,121055,2,250930+(즉시)+우편물류+등+정보시스템+83개+복구+정부기관+사칭+피싱+스미싱+범죄+적극+대응(디지털정부기획과).pdf,,,deferred,,https://www.mois.go.kr/cmm/fms/FileDown.do?atchFileId=FILE_001393972hR-EzK&fileSn=1,
1377,120974,1,250929 (보도참고자료) 행정정보시스템 화재 장애 복구 현황 (7보) (9.29.18시 기준)(디지털정부기획과).hwpx,hwpx,69059,extracted,,https://www.mois.go.kr/cmm/fms/FileDown.do?atchFileId=FILE_00139274ZcP0HXX&fileSn=0,1542
1377,120974,2,250929 (보도참고자료) 행정정보시스템 화재 장애 복구 현황 (7보) (9.29.18시 기준)(디지털정부기획과).pdf,,,deferred,,https://www.mois.go.kr/cmm/fms/FileDown.do?atchFileId=FILE_00139274ZcP0HXX&fileSn=1,
1378,120973,1,250929 (보도참고자료) 국가정보자원관리원 화재 장애 복구 상황 안내 (6보) (9.29. 16시 기준)(디지털정부기획과).hwp,hwp,122368,extracted,,https://www.mois.go.kr/cmm/fms/FileDown.do?atchFileId=FILE_00139273cxLRFnb&fileSn=0,1838
1378,120973,2,250929 (보도참고자료) 국가정보자원관리원 화재 장애 복구 상황 안내 (6보) (9.29. 16시 기준)(디지털정부기획과).pdf,,,deferred,,https://www.mois.go.kr/cmm/fms/FileDown.do?atchFileId=FILE_00139273cxLRFnb&fileSn=1,
1379,121040,1,"250929+(14시30분)+중단된+행정서비스,+민관협력형+클라우드로+되살린다(디지털정부기획과).hwp",hwp,484352,extracted,,https://www.mois.go.kr/cmm/fms/FileDown.do?atchFileId=FILE_00139384BVWHto5&fileSn=0,923
1379,121040,2,"250929+(14시30분)+중단된+행정서비스,+민관협력형+클라우드로+되살린다(디지털정부기획과).pdf",,,deferred,,https://www.mois.go.kr/cmm/fms/FileDown.do?atchFileId=FILE_00139384BVWHto5&fileSn=1,
1380,121039,1,"250929+(14시30분)+중단된+행정서비스,+민관협력형+클라우드로+되살린다(디지털정부기획과).hwp",hwp,484352,extracted,,https://www.mois.go.kr/cmm/fms/FileDown.do?atchFileId=FILE_00139383TEq2RD2&fileSn=0,923
1380,121039,2,"250929+(14시30분)+중단된+행정서비스,+민관협력형+클라우드로+되살린다(디지털정부기획과).pdf",,,deferred,,https://www.mois.go.kr/cmm/fms/FileDown.do?atchFileId=FILE_00139383TEq2RD2&fileSn=1,
1381,120972,1,250929 (보도참고자료) 행정정보시스템 화재 장애 복구 완료 서비스 목록 (5보)(9.29.12시 기준)(디지털정부기획과).hwp,hwp,63488,extracted,,https://www.mois.go.kr/cmm/fms/FileDown.do?atchFileId=FILE_00139272HXWCtrc&fileSn=0,1366
1381,120972,2,250929 (보도참고자료) 행정정보시스템 화재 장애 복구 완료 서비스 목록 (5보)(9.29.12시 기준)(디지털정부기획과).pdf,,,deferred,,https://www.mois.go.kr/cmm/fms/FileDown.do?atchFileId=FILE_00139272HXWCtrc&fileSn=1,
1382,121036,1,"250930+(조간)+즐거운+추석,+교통사고와+화재+조심하세요!(예방안전제도과).hwpx",hwpx,999669,extracted,,https://www.mois.go.kr/cmm/fms/FileDown.do?atchFileId=FILE_001393804PDProJ&fileSn=0,2213
1382,121036,2,"250930+(조간)+즐거운+추석,+교통사고와+화재+조심하세요!(예방안전제도과).pdf",,,deferred,,https://www.mois.go.kr/cmm/fms/FileDown.do?atchFileId=FILE_001393804PDProJ&fileSn=1,
1383,121038,1,250929+(보도참고자료)+민생회복+소비쿠폰+신청·지급+현황(9.28.+24시+기준).hwpx,hwpx,411606,extracted,,https://www.mois.go.kr/cmm/fms/FileDown.do?atchFileId=FILE_001393827LIMbi4&fileSn=0,1528
1383,121038,2,250929+(보도참고자료)+민생회복+소비쿠폰+신청·지급+현황(9.28.+24시+기준).pdf,,,deferred,,https://www.mois.go.kr/cmm/fms/FileDown.do?atchFileId=FILE_001393827LIMbi4&fileSn=1,
1384,120971,1,250929 (보도참고자료) 행정정보시스템 화재 장애 복구 완료 서비스 목록 (4보) (9.29. 10시 기준)(디지털정부기획과).hwp,hwp,59904,extracted,,https://www.mois.go.kr/cmm/fms/FileDown.do?atchFileId=FILE_00139271Qr2lrpA&fileSn=0,1136
1384,120971,2,250929 (보도참고자료) 행정정보시스템 화재 장애 복구 완료 서비스 목록 (4보) (9.29. 10시 기준)(디지털정부기획과).pdf,,,deferred,,https://www.mois.go.kr/cmm/fms/FileDown.do?atchFileId=FILE_00139271Qr2lrpA&fileSn=1,
1385,121037,1,"250929+(즉시)+정부24+등+정보시스템+47개+복구,+전소된+96개+시스템은+대구센터+이전+추진(디지털정부기획과).hwp",hwp,486400,extracted,,https://www.mois.go.kr/cmm/fms/FileDown.do?atchFileId=FILE_00139381vqlaZIV&fileSn=0,1824
1385,121037,2,"250929+(즉시)+정부24+등+정보시스템+47개+복구,+전소된+96개+시스템은+대구센터+이전+추진(디지털정부기획과).pdf",,,deferred,,https://www.mois.go.kr/cmm/fms/FileDown.do?atchFileId=FILE_00139381vqlaZIV&fileSn=1,
1386,120957,1,250929 (조간) 2025 대한민국 안전산업박람회 성황리에 마무리(재난안전산업과).hwpx,hwpx,442979,extracted,,https://www.mois.go.kr/cmm/fms/FileDown.do?atchFileId=FILE_0013925510fiIJ0&fileSn=0,1073
1386,120957,2,250929 (조간) 2025 대한민국 안전산업박람회 성황리에 마무리(재난안전산업과).pdf,,,deferred,,https://www.mois.go.kr/cmm/fms/FileDown.do?atchFileId=FILE_0013925510fiIJ0&fileSn=1,
1387,120956,1,250929 (조간) 지방공공기관장의 복무 채용비위 등 실태점검 나섰다(지방공공기관관리과).hwpx,hwpx,438941,extracted,,https://www.mois.go.kr/cmm/fms/FileDown.do?atchFileId=FILE_00139254hr7rs0o&fileSn=0,1194
1387,120956,2,250929 (조간) 지방공공기관장의 복무 채용비위 등 실태점검 나섰다(지방공공기관관리과).pdf,,,deferred,,https://www.mois.go.kr/cmm/fms/FileDown.do?atchFileId=FILE_00139254hr7rs0o&fileSn=1,
1388,121035,1,250929+(즉시)+행정정보시스템+화재+관련+장애+복구+현황(9.28.+24시)+(디지털정부기획과).hwp,hwp,410624,extracted,,https://www.mois.go.kr/cmm/fms/FileDown.do?atchFileId=FILE_00139379Ypcg8UO&fileSn=0,1256
1388,121035,2,250929+(즉시)+행정정보시스템+화재+관련+장애+복구+현황(9.28.+24시)+(디지털정부기획과).pdf,,,deferred,,https://www.mois.go.kr/cmm/fms/FileDown.do?atchFileId=FILE_00139379Ypcg8UO&fileSn=1,
1389,120970,1,250928 (즉시) 행정정보시스템 화재 장애 복구상황 (디지털정부기획과).hwp,hwp,477184,extracted,,https://www.mois.go.kr/cmm/fms/FileDown.do?atchFileId=FILE_00139270BOi7yXT&fileSn=0,1039
1389,120970,2,250928 (즉시) 행정정보시스템 화재 장애 복구상황 (디지털정부기획과).pdf,,,deferred,,https://www.mois.go.kr/cmm/fms/FileDown.do?atchFileId=FILE_00139270BOi7yXT&fileSn=1,
1390,120969,1,250928 (즉시) 민생회복 소비쿠폰 신청 지급 사용은 정상적으로 운영 (재정정책과).hwpx,hwpx,410638,extracted,,https://www.mois.go.kr/cmm/fms/FileDown.do?atchFileId=FILE_00139269JLVuoM4&fileSn=0,721
1390,120969,2,250928 (즉시) 민생회복 소비쿠폰 신청 지급 사용은 정상적으로 운영 (재정정책과).pdf,,,deferred,,https://www.mois.go.kr/cmm/fms/FileDown.do?atchFileId=FILE_00139269JLVuoM4&fileSn=1,
1391,120968,1,250927 (즉시) 지방세시스템은 정상 운영 중이나 납세 편의를 위해 지방세 全 세목 신고‧납부기한 연장(지방세정책과).hwpx,hwpx,453996,extracted,,https://www.mois.go.kr/cmm/fms/FileDown.do?atchFileId=FILE_001392688gYO_Bo&fileSn=0,2904
1391,120968,2,250927 (즉시) 지방세시스템은 정상 운영 중이나 납세 편의를 위해 지방세 全 세목 신고 납부기한 연장(지방세정책과).pdf,pdf,221095,extracted,,https://www.mois.go.kr/cmm/fms/FileDown.do?atchFileId=FILE_001392688gYO_Bo&fileSn=1,2937
1392,120967,1,250928 (즉시) 전산장애 수습 단계 돌입 정부 핵심 서비스 복구 본격화에 총력(디지털정부기획과).hwp,hwp,486400,extracted,,https://www.mois.go.kr/cmm/fms/FileDown.do?atchFileId=FILE_001392673y4hhYc&fileSn=0,846
1392,120967,2,250928 (즉시) 전산장애 수습 단계 돌입 정부 핵심 서비스 복구 본격화에 총력(디지털정부기획과).pdf,,,deferred,,https://www.mois.go.kr/cmm/fms/FileDown.do?atchFileId=FILE_001392673y4hhYc&fileSn=1,
1393,120966,1,250927 (즉시) 국가정보자원관리원 화재 위기 단계 심각 격상 및 중앙재난안전대책본부 가동(디지털정부기획과).hwp,hwp,487936,extracted,,https://www.mois.go.kr/cmm/fms/FileDown.do?atchFileId=FILE_00139266rmOfm3J&fileSn=0,1071
1393,120966,2,250927 (즉시) 국가정보자원관리원 화재 위기 단계 심각 격상 및 중앙재난안전대책본부 가동(디지털정부기획과).pdf,,,deferred,,https://www.mois.go.kr/cmm/fms/FileDown.do?atchFileId=FILE_00139266rmOfm3J&fileSn=1,
1394,120965,1,250927 (즉시) 국가정보자원관리원 화재 위기 단계 심각 격상 및 중앙재난안전대책본부 가동(디지털정부기획과).hwp,hwp,487936,extracted,,https://www.mois.go.kr/cmm/fms/FileDown.do?atchFileId=FILE_00139265D7Y0AxX&fileSn=0,1071
1394,120965,2,250927 (즉시) 국가정보자원관리원 화재 위기 단계 심각 격상 및 중앙재난안전대책본부 가동(디지털정부기획과).pdf,,,deferred,,https://www.mois.go.kr/cmm/fms/FileDown.do?atchFileId=FILE_00139265D7Y0AxX&fileSn=1,
1395,120964,1,250926 (즉시) 행정안전부 장관 상황판단회의 개최 후 위기상황대응본부 가동(2보)(디지털정부기획과).hwp,hwp,495616,extracted,,https://www.mois.go.kr/cmm/fms/FileDown.do?atchFileId=FILE_001392642qUma6W&fileSn=0,422
1395,120964,2,250926 (즉시) 행정안전부 장관 상황판단회의 개최 후 위기상황대응본부 가동(2보)(디지털정부기획과).pdf,,,deferred,,https://www.mois.go.kr/cmm/fms/FileDown.do?atchFileId=FILE_001392642qUma6W&fileSn=1,
1396,120963,1,250926 (즉시) 국가정보자원관리원 화재로 중단된 정부 서비스를 신속히 복구하겠습니다(디지털정부기획과).hwp,hwp,502272,extracted,,https://www.mois.go.kr/cmm/fms/FileDown.do?atchFileId=FILE_00139263Ofn7u9H&fileSn=0,491
1396,120963,2,250926 (즉시) 국가정보자원관리원 화재로 중단된 정부 서비스를 신속히 복구하겠습니다(디지털정부기획과).pdf,,,deferred,,https://www.mois.go.kr/cmm/fms/FileDown.do?atchFileId=FILE_00139263Ofn7u9H&fileSn=1,
1397,120953,1,250926 (즉시) 「정부조직법」 개정안 국회 본회의 통과(조직기획과).hwpx,hwpx,487750,extracted,,https://www.mois.go.kr/cmm/fms/FileDown.do?atchFileId=FILE_001392519mTKyA3&fileSn=0,1578
1397,120953,2,250926 (즉시) 「정부조직법」 개정안 국회 본회의 통과(조직기획과).pdf,,,deferred,,https://www.mois.go.kr/cmm/fms/FileDown.do?atchFileId=FILE_001392519mTKyA3&fileSn=1,
1398,120925,1,250927 (조간) 서울세계불꽃축제 안전한 개최를 위해 빈틈없는 안전관리 추진(재난안전점검과).hwpx,hwpx,444446,extracted,,https://www.mois.go.kr/cmm/fms/FileDown.do?atchFileId=FILE_00139182nNQMKl7&fileSn=0,1096
1398,120925,2,250927 (조간) 서울세계불꽃축제 안전한 개최를 위해 빈틈없는 안전관리 추진(재난안전점검과).pdf,,,deferred,,https://www.mois.go.kr/cmm/fms/FileDown.do?atchFileId=FILE_00139182nNQMKl7&fileSn=1,
1399,120924,1,250927 (조간) 주소로 안전을 지키고 생활을 편리하게(주소생활공간과).hwpx,hwpx,6029048,extracted,,https://www.mois.go.kr/cmm/fms/FileDown.do?atchFileId=FILE_001391815Q2rRnb&fileSn=0,4442
1399,120924,2,250927 (조간) 주소로 안전을 지키고 생활을 편리하게(주소생활공간과).pdf,,,deferred,,https://www.mois.go.kr/cmm/fms/FileDown.do?atchFileId=FILE_001391815Q2rRnb&fileSn=1,
1400,120955,1,250926 (보도참고자료) 민생회복 소비쿠폰 신청·지급 현황(9.25. 24시 기준).hwpx,hwpx,409513,extracted,,https://www.mois.go.kr/cmm/fms/FileDown.do?atchFileId=FILE_00139253sloGYj4&fileSn=0,1405
1400,120955,2,250926 (보도참고자료) 민생회복 소비쿠폰 신청·지급 현황(9.25. 24시 기준).pdf,,,deferred,,https://www.mois.go.kr/cmm/fms/FileDown.do?atchFileId=FILE_00139253sloGYj4&fileSn=1,
1401,120896,1,250926 (14시) 2025 주소 혁신 국제 콘퍼런스 개최(주소생활공간과).hwpx,hwpx,458158,extracted,,https://www.mois.go.kr/cmm/fms/FileDown.do?atchFileId=FILE_00139118IR52XNq&fileSn=0,4543
1401,120896,2,250926 (14시) 2025 주소 혁신 국제 콘퍼런스 개최(주소생활공간과).pdf,,,deferred,,https://www.mois.go.kr/cmm/fms/FileDown.do?atchFileId=FILE_00139118IR52XNq&fileSn=1,
1402,120872,1,250926 (14시) 추석 명절 대비 화재 등 안전관리 실태 점검(재난안전점검과).hwpx,hwpx,440858,extracted,,https://www.mois.go.kr/cmm/fms/FileDown.do?atchFileId=FILE_001391413Lc-W2m&fileSn=0,873
1402,120872,2,250926 (14시) 추석 명절 대비 화재 등 안전관리 실태 점검(재난안전점검과).pdf,,,deferred,,https://www.mois.go.kr/cmm/fms/FileDown.do?atchFileId=FILE_001391413Lc-W2m&fileSn=1,
1403,120898,1,250925 (보도참고자료) 2차 소비쿠폰 지급 개시 3일간 40.8% 신청(재정정책과).hwpx,hwpx,414158,extracted,,https://www.mois.go.kr/cmm/fms/FileDown.do?atchFileId=FILE_00139119cxORk1X&fileSn=0,1913
1403,120898,2,250925 (보도참고자료) 2차 소비쿠폰 지급 개시 3일간 40.8% 신청(재정정책과).pdf,,,deferred,,https://www.mois.go.kr/cmm/fms/FileDown.do?atchFileId=FILE_00139119cxORk1X&fileSn=1,
1404,120852,1,250925 (11시) 풍성한 한가위 마을세무사가 전통시장을 찾아갑니다(지방세정책과).hwpx,hwpx,13099008,extracted,,https://www.mois.go.kr/cmm/fms/FileDown.do?atchFileId=FILE_00139125WE6nAAl&fileSn=0,2850
1404,120852,2,250925 (11시) 풍성한 한가위 마을세무사가 전통시장을 찾아갑니다(지방세정책과).pdf,,,deferred,,https://www.mois.go.kr/cmm/fms/FileDown.do?atchFileId=FILE_00139125WE6nAAl&fileSn=1,
1405,120870,1,250925 (참고) 고위관리자 교육으로 재난대처 실전 지휘역량 제고(국가재난안전교육원 재난안전교육과).hwpx,hwpx,469070,extracted,,https://www.mois.go.kr/cmm/fms/FileDown.do?atchFileId=FILE_0013912907n_mor&fileSn=0,1545
1405,120870,2,250925 (참고) 고위관리자 교육으로 재난대처 실전 지휘역량 제고(국가재난안전교육원 재난안전교육과).pdf,,,deferred,,https://www.mois.go.kr/cmm/fms/FileDown.do?atchFileId=FILE_0013912907n_mor&fileSn=1,
1406,120869,1,250925 (참고) 추석맞이 직거래 장터 운영으로 지역 농특산물 홍보 및 농가소득에 기여(지방자치인재개발원 행정지원과).hwpx,hwpx,461928,extracted,,https://www.mois.go.kr/cmm/fms/FileDown.do?atchFileId=FILE_00139128Y2YKnaH&fileSn=0,665
1406,120869,2,250925 (참고) 추석맞이 직거래 장터 운영으로 지역 농특산물 홍보 및 농가소득에 기여(지방자치인재개발원 행정지원과).pdf,,,deferred,,https://www.mois.go.kr/cmm/fms/FileDown.do?atchFileId=FILE_00139128Y2YKnaH&fileSn=1,
1407,120840,1,250925 (17시) 올해 세 번째 레디 코리아 훈련 범정부 인파사고 대응체계 점검(재난대응훈련과).hwpx,hwpx,454167,extracted,,https://www.mois.go.kr/cmm/fms/FileDown.do?atchFileId=FILE_00139030p6DigHg&fileSn=0,2270
1407,120840,2,250925 (17시) 올해 세 번째 레디 코리아 훈련 범정부 인파사고 대응체계 점검(재난대응훈련과).pdf,,,deferred,,https://www.mois.go.kr/cmm/fms/FileDown.do?atchFileId=FILE_00139030p6DigHg&fileSn=1,
1408,120839,1,250925 (16시) 정부는 국민 안전을 지키겠습니다. 안심하고 추석 연휴 보내세요!(안전정책총괄과).hwpx,hwpx,2415321,extracted,,https://www.mois.go.kr/cmm/fms/FileDown.do?atchFileId=FILE_00139029mIOtEAM&fileSn=0,4933
1408,120839,2,250925 (16시) 정부는 국민 안전을 지키겠습니다. 안심하고 추석 연휴 보내세요!(안전정책총괄과).pdf,,,deferred,,https://www.mois.go.kr/cmm/fms/FileDown.do?atchFileId=FILE_00139029mIOtEAM&fileSn=1,
1409,120855,1,250925 (15시) 전주 완주 통합 논의를 위한 간담회 개최(자치분권지원과).hwpx,hwpx,461338,extracted,,https://www.mois.go.kr/cmm/fms/FileDown.do?atchFileId=FILE_00139123VaMySX4&fileSn=0,653
1409,120855,2,250925 (15시) 전주 완주 통합 논의를 위한 간담회 개최(자치분권지원과).pdf,,,deferred,,https://www.mois.go.kr/cmm/fms/FileDown.do?atchFileId=FILE_00139123VaMySX4&fileSn=1,
1410,120838,1,250925 (조간) 공공분야 인공지능 전문가 2만 명 양성하고 전 직원 AI 활용역량 강화한다(공공지능데이터분석과).hwpx,hwpx,453694,extracted,,https://www.mois.go.kr/cmm/fms/FileDown.do?atchFileId=FILE_00139028tAMWAaz&fileSn=0,3367
1410,120838,2,250925 (조간) 공공분야 인공지능 전문가 2만 명 양성하고 전 직원 AI 활용역량 강화한다(공공지능데이터분석과).pdf,,,deferred,,https://www.mois.go.kr/cmm/fms/FileDown.do?atchFileId=FILE_00139028tAMWAaz&fileSn=1,
1411,120814,1,250924 (11시30분) 니 부산 살아봤나! 청년 지역살이 환경 직접 찾아 배운다(지역청년정책과).hwpx,hwpx,468649,extracted,,https://www.mois.go.kr/cmm/fms/FileDown.do?atchFileId=FILE_00139073xHx8oAj&fileSn=0,857
1411,120814,2,250924 (11시30분) 니 부산 살아봤나! 청년 지역살이 환경 직접 찾아 배운다(지역청년정책과).pdf,,,deferred,,https://www.mois.go.kr/cmm/fms/FileDown.do?atchFileId=FILE_00139073xHx8oAj&fileSn=1,
1412,120851,1,250924 (보도참고자료) 민생회복 소비쿠폰 신청·지급 현황(9.23. 24시 기준).hwpx,hwpx,408534,extracted,,https://www.mois.go.kr/cmm/fms/FileDown.do?atchFileId=FILE_00139050goDWqM2&fileSn=0,1352
1412,120851,2,250924 (보도참고자료) 민생회복 소비쿠폰 신청·지급 현황(9.23. 24시 기준).pdf,,,deferred,,https://www.mois.go.kr/cmm/fms/FileDown.do?atchFileId=FILE_00139050goDWqM2&fileSn=1,
1413,120813,1,250924 (석간) 인공지능(AI)를 통한 지속가능발전 모색(행정한류담당관).hwpx,hwpx,455764,extracted,,https://www.mois.go.kr/cmm/fms/FileDown.do?atchFileId=FILE_00139072vNJLsiK&fileSn=0,3360
1413,120813,2,250924 (석간) 인공지능(AI)를 통한 지속가능발전 모색(행정한류담당관).pdf,,,deferred,,https://www.mois.go.kr/cmm/fms/FileDown.do?atchFileId=FILE_00139072vNJLsiK&fileSn=1,
1414,120816,1,250924 (참고) 국가재난안전교육원-한국공항보안(주) 항공보안 및 재난대응 역량걍화를 위한 업무협약 체결(국가재난안전교육원 기획협력과).hwpx,hwpx,449872,extracted,,https://www.mois.go.kr/cmm/fms/FileDown.do?atchFileId=FILE_00139075QvWERbK&fileSn=0,855
1414,120816,2,250924 (참고) 국가재난안전교육원-한국공항보안(주) 항공보안 및 재난대응 역량걍화를 위한 업무협약 체결(국가재난안전교육원 기획협력과).pdf,,,deferred,,https://www.mois.go.kr/cmm/fms/FileDown.do?atchFileId=FILE_00139075QvWERbK&fileSn=1,
1415,120815,1,250924 (참고) 인공지능(AI)부터 리더십까지 여성공직자 역량 한 단계 더 높인다(지방자치인재개발원 전문역량교육과).hwpx,hwpx,599017,extracted,,https://www.mois.go.kr/cmm/fms/FileDown.do?atchFileId=FILE_00139074u7b2JIO&fileSn=0,1530
1415,120815,2,250924 (참고) 인공지능(AI)부터 리더십까지 여성공직자 역량 한 단계 더 높인다(지방자치인재개발원 전문역량교육과).pdf,,,deferred,,https://www.mois.go.kr/cmm/fms/FileDown.do?atchFileId=FILE_00139074u7b2JIO&fileSn=1,
1416,120817,1,250923 (17시30분) 9.24.~25일 충남·전라 중심100mm 이상 호우 관계기관 대처 상황 점검(자연재난대응과).hwpx,hwpx,650224,extracted,,https://www.mois.go.kr/cmm/fms/FileDown.do?atchFileId=FILE_00138999R3buioA&fileSn=0,1566
1416,120817,2,250923 (17시30분) 9.24.~25일 충남·전라 중심100mm 이상 호우 관계기관 대처 상황 점검(자연재난대응과).pdf,,,deferred,,https://www.mois.go.kr/cmm/fms/FileDown.do?atchFileId=FILE_00138999R3buioA&fileSn=1,
1417,120811,1,250924 (조간) 바가지요금 뿌리 뽑고 추석 물가 지킨다(지역경제과).hwpx,hwpx,389364,extracted,,https://www.mois.go.kr/cmm/fms/FileDown.do?atchFileId=FILE_001390712c2UPhG&fileSn=0,1388
1417,120811,2,250924 (조간) 바가지요금 뿌리 뽑고 추석 물가 지킨다(지역경제과).pdf,,,deferred,,https://www.mois.go.kr/cmm/fms/FileDown.do?atchFileId=FILE_001390712c2UPhG&fileSn=1,
1418,120784,1,250924 (조간) 보행자 안전문화 확산을 위한 보행자 우선도로 홍보 콘텐츠 대국민 공모전 개최(안전개선과).hwpx,hwpx,5746206,extracted,,https://www.mois.go.kr/cmm/fms/FileDown.do?atchFileId=FILE_00139047TblyZ3C&fileSn=0,1880
1418,120784,2,250924 (조간) 보행자 안전문화 확산을 위한 보행자 우선도로 홍보 콘텐츠 대국민 공모전 개최(안전개선과).pdf,,,deferred,,https://www.mois.go.kr/cmm/fms/FileDown.do?atchFileId=FILE_00139047TblyZ3C&fileSn=1,
1419,120782,1,250924 (조간) 깨끗한 거리에서 맞는 따뜻한 추석명절...불법 현수막 일제 정비 추진(주소생활공간과).hwp,hwp,3669504,extracted,,https://www.mois.go.kr/cmm/fms/FileDown.do?atchFileId=FILE_00139045NY1pzWc&fileSn=0,1382
1419,120782,2,250924 (조간) 깨끗한 거리에서 맞는 따뜻한 추석명절...불법 현수막 일제 정비 추진(주소생활공간과).pdf,,,deferred,,https://www.mois.go.kr/cmm/fms/FileDown.do?atchFileId=FILE_00139045NY1pzWc&fileSn=1,
1420,120781,1,250924 (조간) 청년이 머물고 지역이 살아나는 해법 청년이 말한다(지역청년정책과).hwpx,hwpx,449919,extracted,,https://www.mois.go.kr/cmm/fms/FileDown.do?atchFileId=FILE_00139044BVsY0rr&fileSn=0,2059
1420,120781,2,250924 (조간) 청년이 머물고 지역이 살아나는 해법 청년이 말한다(지역청년정책과).pdf,,,deferred,,https://www.mois.go.kr/cmm/fms/FileDown.do?atchFileId=FILE_00139044BVsY0rr&fileSn=1,
1421,120780,1,250924 (조간) 나눔과 봉사로 여는 따뜻한 한가위 깨끗한 대한민국(민간협력과).hwpx,hwpx,442680,extracted,,https://www.mois.go.kr/cmm/fms/FileDown.do?atchFileId=FILE_001390437yIYrCr&fileSn=0,1066
1421,120780,2,250924 (조간) 나눔과 봉사로 여는 따뜻한 한가위 깨끗한 대한민국(민간협력과).pdf,,,deferred,,https://www.mois.go.kr/cmm/fms/FileDown.do?atchFileId=FILE_001390437yIYrCr&fileSn=1,
1422,120779,1,250924 (조간) 주민등록증(IC) 운전면허증 재발급 국민연금 가입조회 등 디지털서비스 35종 민간 개방 추진(공공서비스혁신과).hwpx,hwpx,456650,extracted,,https://www.mois.go.kr/cmm/fms/FileDown.do?atchFileId=FILE_00139042JPWudLA&fileSn=0,2561
1422,120779,2,250924 (조간) 주민등록증(IC) 운전면허증 재발급 국민연금 가입조회 등 디지털서비스 35종 민간 개방 추진(공공서비스혁신과).pdf,,,deferred,,https://www.mois.go.kr/cmm/fms/FileDown.do?atchFileId=FILE_00139042JPWudLA&fileSn=1,
1423,120810,1,250923 (보도참고자료) 민생회복 소비쿠폰 신청·지급 현황(9.22. 24시 기준).hwpx,hwpx,407653,extracted,,https://www.mois.go.kr/cmm/fms/FileDown.do?atchFileId=FILE_00139070N7TNdZ7&fileSn=0,1323
1423,120810,2,250923 (보도참고자료) 민생회복 소비쿠폰 신청·지급 현황(9.22. 24시 기준).pdf,,,deferred,,https://www.mois.go.kr/cmm/fms/FileDown.do?atchFileId=FILE_00139070N7TNdZ7&fileSn=1,
1424,120775,1,250923 (참고) 지방자치인재개발원 추석 명절 맞아 지역사회에 따뜻한 온정나눔 실천(지방자치인재개발원 행정지원과).hwpx,hwpx,462812,extracted,,https://www.mois.go.kr/cmm/fms/FileDown.do?atchFileId=FILE_0013895024AkFRw&fileSn=0,637
1424,120775,2,250923 (참고) 지방자치인재개발원 추석 명절 맞아 지역사회에 따뜻한 온정나눔 실천(지방자치인재개발원 행정지원과).pdf,,,deferred,,https://www.mois.go.kr/cmm/fms/FileDown.do?atchFileId=FILE_0013895024AkFRw&fileSn=1,
1425,120777,1,250922 (18시) 정부의 총력 대응 강릉시 가뭄 극복(기후재난관리과).hwpx,hwpx,649256,extracted,,https://www.mois.go.kr/cmm/fms/FileDown.do?atchFileId=FILE_0013904134BFItz&fileSn=0,2407
1425,120777,2,250922 (18시) 정부의 총력 대응 강릉시 가뭄 극복(기후재난관리과).pdf,,,deferred,,https://www.mois.go.kr/cmm/fms/FileDown.do?atchFileId=FILE_0013904134BFItz&fileSn=1,
1426,120737,1,250923 (16시10분) 세계가 모이는 APEC 정상회의 중앙과 지방이 협력하여 성공개최 이끈다(자치행정과).hwpx,hwpx,452726,extracted,,https://www.mois.go.kr/cmm/fms/FileDown.do?atchFileId=FILE_00138973J42gk96&fileSn=0,2347
1426,120737,2,250923 (16시10분) 세계가 모이는 APEC 정상회의 중앙과 지방이 협력하여 성공개최 이끈다(자치행정과).pdf,,,deferred,,https://www.mois.go.kr/cmm/fms/FileDown.do?atchFileId=FILE_00138973J42gk96&fileSn=1,
1427,120763,1,250922 (14시30분) 8월 호우 피해 총 869억 원 규모 복구계획 확정(복구지원과).hwpx,hwpx,341201,extracted,,https://www.mois.go.kr/cmm/fms/FileDown.do?atchFileId=FILE_00139021ofmAMG5&fileSn=0,6306
1427,120763,2,250922 (14시30분) 8월 호우 피해 총 869억 원 규모 복구계획 확정(복구지원과).pdf,,,deferred,,https://www.mois.go.kr/cmm/fms/FileDown.do?atchFileId=FILE_00139021ofmAMG5&fileSn=1,
1428,120736,1,250923 (14시30분) 깨끗한 대한민국 만들기에 함께해요! 추석·APEC 앞두고 국민 캠페인 개최(자치행정과).hwpx,hwpx,439093,extracted,,https://www.mois.go.kr/cmm/fms/FileDown.do?atchFileId=FILE_00139001l9yq7ga&fileSn=0,10784
1428,120736,2,250923 (14시30분) 깨끗한 대한민국 만들기에 함께해요! 추석·APEC 앞두고 국민 캠페인 개최(자치행정과).pdf,,,deferred,,https://www.mois.go.kr/cmm/fms/FileDown.do?atchFileId=FILE_00139001l9yq7ga&fileSn=1,
1429,120738,1,250923 (조간) K-기록관리 아시아 지역의 연대 도모(국가기록원 기록협력과).hwpx,hwpx,447260,extracted,,https://www.mois.go.kr/cmm/fms/FileDown.do?atchFileId=FILE_00139003UAma5n9&fileSn=0,1717
1429,120738,2,250923 (조간) K-기록관리 아시아 지역의 연대 도모(국가기록원 기록협력과).pdf,,,deferred,,https://www.mois.go.kr/cmm/fms/FileDown.do?atchFileId=FILE_00139003UAma5n9&fileSn=1,
1430,120735,1,250923 (조간) ‘운전면허 벌점 조회’ ‘국립중앙박물관 어린이박물관 예약’ 민간 앱으로 이용하세요(공공서비스혁신과).hwpx,hwpx,2787390,extracted,,https://www.mois.go.kr/cmm/fms/FileDown.do?atchFileId=FILE_001389607BG-j98&fileSn=0,1926
1430,120735,2,250923 (조간) ‘운전면허 벌점 조회’ ‘국립중앙박물관 어린이박물관 예약’ 민간 앱으로 이용하세요(공공서비스혁신과).pdf,,,deferred,,https://www.mois.go.kr/cmm/fms/FileDown.do?atchFileId=FILE_001389607BG-j98&fileSn=1,
1431,120744,1,250922 (조간) 민생회복 소비쿠폰 2차 지급 신청 개시(재정정책과).hwpx,hwpx,374448,extracted,,https://www.mois.go.kr/cmm/fms/FileDown.do?atchFileId=FILE_00138947lzq-Ar7&fileSn=0,5993
1431,120744,2,250922 (조간) 민생회복 소비쿠폰 2차 지급 신청 개시(재정정책과).pdf,,,deferred,,https://www.mois.go.kr/cmm/fms/FileDown.do?atchFileId=FILE_00138947lzq-Ar7&fileSn=1,
1432,120720,1,250922 (조간) 한국의 기록물 보존·복원 기술 모로코에 전수하다(국가기록원 기록관리교육센터).hwpx,hwpx,442746,extracted,,https://www.mois.go.kr/cmm/fms/FileDown.do?atchFileId=FILE_00138959TS5YWqw&fileSn=0,1598
1432,120720,2,250922 (조간) 한국의 기록물 보존·복원 기술 모로코에 전수하다(국가기록원 기록관리교육센터).pdf,,,deferred,,https://www.mois.go.kr/cmm/fms/FileDown.do?atchFileId=FILE_00138959TS5YWqw&fileSn=1,
1433,120719,1,250922 (조간) 국민이 만든 민방위 ‘창설 50주년’ 기념행사 개최(민방위과).hwpx,hwpx,300308,extracted,,https://www.mois.go.kr/cmm/fms/FileDown.do?atchFileId=FILE_00138958USrCmnL&fileSn=0,1246
1433,120719,2,250922 (조간) 국민이 만든 민방위 ‘창설 50주년’ 기념행사 개최(민방위과).pdf,,,deferred,,https://www.mois.go.kr/cmm/fms/FileDown.do?atchFileId=FILE_00138958USrCmnL&fileSn=1,
1434,120718,1,250922 (조간) 주민과 함께하는 지방자치 지방자치 30주년 수도권 간담회 개최(자치분권제도과).hwpx,hwpx,1036525,extracted,,https://www.mois.go.kr/cmm/fms/FileDown.do?atchFileId=FILE_00138957ssaXLX0&fileSn=0,2155
1434,120718,2,250922 (조간) 주민과 함께하는 지방자치 지방자치 30주년 수도권 간담회 개최(자치분권제도과).pdf,,,deferred,,https://www.mois.go.kr/cmm/fms/FileDown.do?atchFileId=FILE_00138957ssaXLX0&fileSn=1,
1435,120762,1,250920 (14시) 강릉시 가뭄 상황 현장에서 살핀다(기후재난관리과).hwpx,hwpx,343487,extracted,,https://www.mois.go.kr/cmm/fms/FileDown.do?atchFileId=FILE_00139010T5vd0id&fileSn=0,857
1435,120762,2,250920 (14시) 강릉시 가뭄 상황 현장에서 살핀다(기후재난관리과).pdf,,,deferred,,https://www.mois.go.kr/cmm/fms/FileDown.do?atchFileId=FILE_00139010T5vd0id&fileSn=1,
1436,120701,1,250919 (즉시) 행정안전부장관 부산 송정 어선 조난사고 관련 긴급지시(농축산해양재난대응과).hwpx,hwpx,450718,extracted,,https://www.mois.go.kr/cmm/fms/FileDown.do?atchFileId=FILE_00138956lWJJVW9&fileSn=0,368
1436,120701,2,250919 (즉시) 행정안전부장관 부산 송정 어선 조난사고 관련 긴급지시(농축산해양재난대응과).pdf,,,deferred,,https://www.mois.go.kr/cmm/fms/FileDown.do?atchFileId=FILE_00138956lWJJVW9&fileSn=1,
1437,120693,1,250918 (즉시) 8.3~14일 호우 피해 특별재난지역 선포(복구지원과).hwpx,hwpx,379089,extracted,,https://www.mois.go.kr/cmm/fms/FileDown.do?atchFileId=FILE_0013895354MZg_M&fileSn=0,4035
1437,120693,2,250918 (즉시) 8.3~14일 호우 피해 특별재난지역 선포(복구지원과).pdf,,,deferred,,https://www.mois.go.kr/cmm/fms/FileDown.do?atchFileId=FILE_0013895354MZg_M&fileSn=1,
1438,120666,1,250918 (14시) 민생회복 소비쿠폰 따뜻한 소비가 모여 우리 지역경제에 온기를 더합니다(재정정책과).hwpx,hwpx,469437,extracted,,https://www.mois.go.kr/cmm/fms/FileDown.do?atchFileId=FILE_00138835L2-oSc5&fileSn=0,3413
1438,120666,2,250918 (14시) 민생회복 소비쿠폰 따뜻한 소비가 모여 우리 지역경제에 온기를 더합니다(재정정책과).pdf,,,deferred,,https://www.mois.go.kr/cmm/fms/FileDown.do?atchFileId=FILE_00138835L2-oSc5&fileSn=1,
1439,120653,1,250919 (13시30분) 중앙과 지방이 함께 모여 국정철학 국정과제 전략 모색한다(지방자치인재개발원 기획협력과).hwpx,hwpx,445589,extracted,,https://www.mois.go.kr/cmm/fms/FileDown.do?atchFileId=FILE_001389076TxQcN_&fileSn=0,1622
1439,120653,2,250919 (13시30분) 중앙과 지방이 함께 모여 국정철학 국정과제 전략 모색한다(지방자치인재개발원 기획협력과).pdf,,,deferred,,https://www.mois.go.kr/cmm/fms/FileDown.do?atchFileId=FILE_001389076TxQcN_&fileSn=1,
1440,120652,1,250919 (조간) 2026년도 지역맞춤형 재난안전연구개발 과제 선정(재난안전연구개발과).hwpx,hwpx,448034,extracted,,https://www.mois.go.kr/cmm/fms/FileDown.do?atchFileId=FILE_00138906MzULjsm&fileSn=0,3032
1440,120652,2,250919 (조간) 2026년도 지역맞춤형 재난안전연구개발 과제 선정(재난안전연구개발과).pdf,,,deferred,,https://www.mois.go.kr/cmm/fms/FileDown.do?atchFileId=FILE_00138906MzULjsm&fileSn=1,
1441,120651,1,250919 (조간) AI가 활용하기 좋은 공공데이터 만든다! AI-Ready 기준 최초 도입(공공데이터관리과).hwpx,hwpx,460574,extracted,,https://www.mois.go.kr/cmm/fms/FileDown.do?atchFileId=FILE_00138905RWD9Wau&fileSn=0,2108
1441,120651,2,250919 (조간) AI가 활용하기 좋은 공공데이터 만든다! AI-Ready 기준 최초 도입(공공데이터관리과).pdf,,,deferred,,https://www.mois.go.kr/cmm/fms/FileDown.do?atchFileId=FILE_00138905RWD9Wau&fileSn=1,
1442,120646,1,250918 (석간) 2025 지역경제 혁신박람회 및 지방공공기관의 날 기념식 개최(지역경제과).hwpx,hwpx,444987,extracted,,https://www.mois.go.kr/cmm/fms/FileDown.do?atchFileId=FILE_00138903XF2Ili-&fileSn=0,1794
1442,120646,2,250918 (석간) 2025 지역경제 혁신박람회 및 지방공공기관의 날 기념식 개최(지역경제과).pdf,,,deferred,,https://www.mois.go.kr/cmm/fms/FileDown.do?atchFileId=FILE_00138903XF2Ili-&fileSn=1,
1443,120648,1,250918 (참고) 예측 불가능한 재난 국제 협력으로 새로운 해법 찾는다(국립재난안전연구원 연구기획과).hwpx,hwpx,456310,extracted,,https://www.mois.go.kr/cmm/fms/FileDown.do?atchFileId=FILE_00138904jznUDo6&fileSn=0,2672
1443,120648,2,250918 (참고) 예측 불가능한 재난 국제 협력으로 새로운 해법 찾는다(국립재난안전연구원 연구기획과).pdf,,,deferred,,https://www.mois.go.kr/cmm/fms/FileDown.do?atchFileId=FILE_00138904jznUDo6&fileSn=1,
1444,120620,1,250918 (조간) 아리랑의 기록 시간·인간·공간을 잇다(국가기록원 서비스정책과).hwpx,hwpx,1918261,extracted,,https://www.mois.go.kr/cmm/fms/FileDown.do?atchFileId=FILE_00138869EZqQDsm&fileSn=0,2611
1444,120620,2,250918 (조간) 아리랑의 기록 시간·인간·공간을 잇다(국가기록원 서비스정책과).pdf,,,deferred,,https://www.mois.go.kr/cmm/fms/FileDown.do?atchFileId=FILE_00138869EZqQDsm&fileSn=1,
1445,120619,1,250918 (조간) 언제 어디서든 더욱 안전하게 AI 기반 대국민 재난안전서비스 본격 추진(재난안전데이터과).hwpx,hwpx,445392,extracted,,https://www.mois.go.kr/cmm/fms/FileDown.do?atchFileId=FILE_00138868RyGOsbq&fileSn=0,1297
1445,120619,2,250918 (조간) 언제 어디서든 더욱 안전하게 AI 기반 대국민 재난안전서비스 본격 추진(재난안전데이터과).pdf,,,deferred,,https://www.mois.go.kr/cmm/fms/FileDown.do?atchFileId=FILE_00138868RyGOsbq&fileSn=1,
1446,120618,1,250918 (조간) 우수 안전 기술과 제품으로 더욱 안전한 대한민국 만든다(재난안전산업과).hwpx,hwpx,4414656,extracted,,https://www.mois.go.kr/cmm/fms/FileDown.do?atchFileId=FILE_00138867qTclUKH&fileSn=0,2718
1446,120618,2,250918 (조간) 우수 안전 기술과 제품으로 더욱 안전한 대한민국 만든다(재난안전산업과).pdf,,,deferred,,https://www.mois.go.kr/cmm/fms/FileDown.do?atchFileId=FILE_00138867qTclUKH&fileSn=1,
1447,120617,1,250918 (조간) 중앙부처에서 지자체까지 재난·안전 역량 강화(안전정책총괄과).hwpx,hwpx,1222512,extracted,,https://www.mois.go.kr/cmm/fms/FileDown.do?atchFileId=FILE_00138866aI-1Q3m&fileSn=0,3144
1447,120617,2,250918 (조간) 중앙부처에서 지자체까지 재난·안전 역량 강화(안전정책총괄과).pdf,,,deferred,,https://www.mois.go.kr/cmm/fms/FileDown.do?atchFileId=FILE_00138866aI-1Q3m&fileSn=1,
1448,120615,1,250918 (조간) 주민과 함께 그리는 지방자치의 내일 제2회 권역별 간담회 경북에서 개최(자치분권제도과).hwpx,hwpx,1292129,extracted,,https://www.mois.go.kr/cmm/fms/FileDown.do?atchFileId=FILE_00138865eqHlPVh&fileSn=0,1661
1448,120615,2,250918 (조간) 주민과 함께 그리는 지방자치의 내일 제2회 권역별 간담회 경북에서 개최(자치분권제도과).pdf,,,deferred,,https://www.mois.go.kr/cmm/fms/FileDown.do?atchFileId=FILE_00138865eqHlPVh&fileSn=1,
1449,120601,1,250917 (11시) 세계 46개국으로 뻗는 새마을운동 글로벌 협력국 장관회의 개최(새마을발전협력과).hwpx,hwpx,1637531,extracted,,https://www.mois.go.kr/cmm/fms/FileDown.do?atchFileId=FILE_00138882uL3gEFX&fileSn=0,3650
1449,120601,2,250917 (11시) 세계 46개국으로 뻗는 새마을운동 글로벌 협력국 장관회의 개최(새마을발전협력과).pdf,,,deferred,,https://www.mois.go.kr/cmm/fms/FileDown.do?atchFileId=FILE_00138882uL3gEFX&fileSn=1,
1450,120616,1,250917 (참고) 지역 재난관리 발전 방안 지역사회와 함께 논의한다(국립재난안전연구원 안전연구실).hwpx,hwpx,475985,extracted,,https://www.mois.go.kr/cmm/fms/FileDown.do?atchFileId=FILE_00138892AcNzmH0&fileSn=0,1666
1450,120616,2,250917 (참고) 지역 재난관리 발전 방안 지역사회와 함께 논의한다(국립재난안전연구원 안전연구실).pdf,,,deferred,,https://www.mois.go.kr/cmm/fms/FileDown.do?atchFileId=FILE_00138892AcNzmH0&fileSn=1,
1451,120603,1,250916(16시) 제2기 국가재난원인조사협의회 전체회의 개최(재난안전조사과).hwpx,hwpx,386897,extracted,,https://www.mois.go.kr/cmm/fms/FileDown.do?atchFileId=FILE_00138799wgnamPn&fileSn=0,930
1451,120603,2,250916(16시) 제2기 국가재난원인조사협의회 전체회의 개최(재난안전조사과).pdf,,,deferred,,https://www.mois.go.kr/cmm/fms/FileDown.do?atchFileId=FILE_00138799wgnamPn&fileSn=1,
1452,120574,1,250917 (16시) 스마트한 재난관리 2025 안전산업박람회에서 만나세요(재난안전산업과).hwpx,hwpx,452822,extracted,,https://www.mois.go.kr/cmm/fms/FileDown.do?atchFileId=FILE_00138862WIOmP6N&fileSn=0,2787
1452,120574,2,250917 (16시) 스마트한 재난관리 2025 안전산업박람회에서 만나세요(재난안전산업과).pdf,,,deferred,,https://www.mois.go.kr/cmm/fms/FileDown.do?atchFileId=FILE_00138862WIOmP6N&fileSn=1,
1453,120597,1,250917 (국무회의종료시) 지반침하 사회재난 유형에 포함시켜 재난관리 역량 강화한다(안전정책총괄과).hwpx,hwpx,448480,extracted,,https://www.mois.go.kr/cmm/fms/FileDown.do?atchFileId=FILE_001388783snmdMB&fileSn=0,1675
1453,120597,2,250917 (국무회의종료시) 지반침하 사회재난 유형에 포함시켜 재난관리 역량 강화한다(안전정책총괄과).pdf,,,deferred,,https://www.mois.go.kr/cmm/fms/FileDown.do?atchFileId=FILE_001388783snmdMB&fileSn=1,
1454,120575,1,250917 (조간) 9월 가뭄 예경보 발표(기후재난관리과).hwpx,hwpx,29626167,extracted,,https://www.mois.go.kr/cmm/fms/FileDown.do?atchFileId=FILE_00138863kwE2LKZ&fileSn=0,11439
1454,120575,2,250917 (조간) 9월 가뭄 예경보 발표(기후재난관리과).pdf,,,deferred,,https://www.mois.go.kr/cmm/fms/FileDown.do?atchFileId=FILE_00138863kwE2LKZ&fileSn=1,
1455,120573,1,250917 (조간) 추석 성수품 관광지 바가지요금 철저 관리 물가 걱정 없는 명절 준비에 총력(지역경제과).hwpx,hwpx,449428,extracted,,https://www.mois.go.kr/cmm/fms/FileDown.do?atchFileId=FILE_001388613O7k5Y_&fileSn=0,2139
1455,120573,2,250917 (조간) 추석 성수품 관광지 바가지요금 철저 관리 물가 걱정 없는 명절 준비에 총력(지역경제과).pdf,,,deferred,,https://www.mois.go.kr/cmm/fms/FileDown.do?atchFileId=FILE_001388613O7k5Y_&fileSn=1,
1456,120585,1,250916 (11시) 새만금 만경6공구 방수제 남북2축도로 관할 지방자치단체 결정(자치분권지원과).hwpx,hwpx,1667891,extracted,,https://www.mois.go.kr/cmm/fms/FileDown.do?atchFileId=FILE_00138858f9diXBA&fileSn=0,2313
1456,120585,2,250916 (11시) 새만금 만경6공구 방수제 남북2축도로 관할 지방자치단체 결정(자치분권지원과).pdf,,,deferred,,https://www.mois.go.kr/cmm/fms/FileDown.do?atchFileId=FILE_00138858f9diXBA&fileSn=1,
1457,120553,1,250916 (9시) 아시아 법과학 법의학 전문가 1400여 명 한국에서 미래 발전 방향 논의(국립과학수사연구원 법과학교육연구센터).hwpx,hwpx,447768,extracted,,https://www.mois.go.kr/cmm/fms/FileDown.do?atchFileId=FILE_00138809Gi1OUXE&fileSn=0,1548
1457,120553,2,250916 (9시) 아시아 법과학 법의학 전문가 1400여 명 한국에서 미래 발전 방향 논의(국립과학수사연구원 법과학교육연구센터).pdf,,,deferred,,https://www.mois.go.kr/cmm/fms/FileDown.do?atchFileId=FILE_00138809Gi1OUXE&fileSn=1,
1458,120518,1,250916 (조간) 6개국 43명 이북도민 고국에서 하나로 모인다(이북5도위원회 총무과).hwpx,hwpx,448513,extracted,,https://www.mois.go.kr/cmm/fms/FileDown.do?atchFileId=FILE_00138771ItkDOR2&fileSn=0,1610
1458,120518,2,250916 (조간) 6개국 43명 이북도민 고국에서 하나로 모인다(이북5도위원회 총무과).pdf,,,deferred,,https://www.mois.go.kr/cmm/fms/FileDown.do?atchFileId=FILE_00138771ItkDOR2&fileSn=1,
1459,120517,1,250916 (조간) 우리 사회 곳곳의 특별하고 감동적인 나눔 사례를 찾습니다!(민간협력과).hwpx,hwpx,1380485,extracted,,https://www.mois.go.kr/cmm/fms/FileDown.do?atchFileId=FILE_00138770J1zO2A6&fileSn=0,1501
1459,120517,2,250916 (조간) 우리 사회 곳곳의 특별하고 감동적인 나눔 사례를 찾습니다!(민간협력과).pdf,,,deferred,,https://www.mois.go.kr/cmm/fms/FileDown.do?atchFileId=FILE_00138770J1zO2A6&fileSn=1,
1460,120516,1,250916 (조간) AI와 디지털정부로 연결하는 글로벌 파트너십 제14회 한-BSEC 디지털정부 협력프로그램 개최(국제디지털협력과).hwpx,hwpx,612280,extracted,,https://www.mois.go.kr/cmm/fms/FileDown.do?atchFileId=FILE_0013876935HIjyF&fileSn=0,4159
1460,120516,2,250916 (조간) AI와 디지털정부로 연결하는 글로벌 파트너십 제14회 한-BSEC 디지털정부 협력프로그램 개최(국제디지털협력과).pdf,,,deferred,,https://www.mois.go.kr/cmm/fms/FileDown.do?atchFileId=FILE_0013876935HIjyF&fileSn=1,
1461,120550,1,250915 (11시30분) 조세이탄광 유족회 대표와 간담회 개최(과거사관련업무지원단).hwpx,hwpx,446040,extracted,,https://www.mois.go.kr/cmm/fms/FileDown.do?atchFileId=FILE_00138808QZzJL_R&fileSn=0,1179
1461,120550,2,250915 (11시30분) 조세이탄광 유족회 대표와 간담회 개최(과거사관련업무지원단).pdf,,,deferred,,https://www.mois.go.kr/cmm/fms/FileDown.do?atchFileId=FILE_00138808QZzJL_R&fileSn=1,
1462,120549,1,250915 (보도참고자료) 1차 민생회복 소비쿠폰 신청 사용 현황(9.12. 18시 기준).hwp,hwp,441856,extracted,,https://www.mois.go.kr/cmm/fms/FileDown.do?atchFileId=FILE_00138807wbssBFx&fileSn=0,1653
1462,120549,2,250915 (보도참고자료) 1차 민생회복 소비쿠폰 신청 사용 현황(9.12. 18시 기준).pdf,,,deferred,,https://www.mois.go.kr/cmm/fms/FileDown.do?atchFileId=FILE_00138807wbssBFx&fileSn=1,
1463,120514,1,250915 (석간) 인구감소지역 등 141개 시군구 중앙부처-공공기관-기업과 상생 자매결연 맺는다(기업협력지원과).hwp,hwp,1336320,extracted,,https://www.mois.go.kr/cmm/fms/FileDown.do?atchFileId=FILE_00138767O6Zduhx&fileSn=0,3308
1463,120514,2,250915 (석간) 인구감소지역 등 141개 시군구 중앙부처-공공기관-기업과 상생 자매결연 맺는다(기업협력지원과).pdf,,,deferred,,https://www.mois.go.kr/cmm/fms/FileDown.do?atchFileId=FILE_00138767O6Zduhx&fileSn=1,
1464,120515,1,250915 (참고) 한국의 디지털 AI 정부 역량 필리핀 정부혁신에 힘 보탠다(지방자치인재개발원 국제교육협력과).hwpx,hwpx,444741,extracted,,https://www.mois.go.kr/cmm/fms/FileDown.do?atchFileId=FILE_00138768hogXkhp&fileSn=0,1296
1464,120515,2,250915 (참고) 한국의 디지털 AI 정부 역량 필리핀 정부혁신에 힘 보탠다(지방자치인재개발원 국제교육협력과).pdf,,,deferred,,https://www.mois.go.kr/cmm/fms/FileDown.do?atchFileId=FILE_00138768hogXkhp&fileSn=1,
1465,120513,1,250915 (조간) 드론 화생방 등 신종 테러에 군 관 경 소방이 함께 정부대전청사 방호(정부청사관리본부 대전청사관리소).hwpx,hwpx,444483,extracted,,https://www.mois.go.kr/cmm/fms/FileDown.do?atchFileId=FILE_00138766D4d1wYX&fileSn=0,1062
1465,120513,2,250915 (조간) 드론 화생방 등 신종 테러에 군 관 경 소방이 함께 정부대전청사 방호(정부청사관리본부 대전청사관리소).pdf,,,deferred,,https://www.mois.go.kr/cmm/fms/FileDown.do?atchFileId=FILE_00138766D4d1wYX&fileSn=1,
1466,120512,1,250915 (조간) 마을기업의 특색있는 상품들 온·오프라인 두 날개 달고 세계로 진출(기업협력지원과).hwpx,hwpx,452055,extracted,,https://www.mois.go.kr/cmm/fms/FileDown.do?atchFileId=FILE_00138765UGfmKcW&fileSn=0,3388
1466,120512,2,250915 (조간) 마을기업의 특색있는 상품들 온·오프라인 두 날개 달고 세계로 진출(기업협력지원과).pdf,,,deferred,,https://www.mois.go.kr/cmm/fms/FileDown.do?atchFileId=FILE_00138765UGfmKcW&fileSn=1,
1467,120511,1,250915 (조간) 쓰기 불편한 공공 웹앱 국민의견 직접 듣고 고친다(공공서비스혁신과).hwpx,hwpx,926644,extracted,,https://www.mois.go.kr/cmm/fms/FileDown.do?atchFileId=FILE_00138764J7dmnkE&fileSn=0,2431
1467,120511,2,250915 (조간) 쓰기 불편한 공공 웹앱 국민의견 직접 듣고 고친다(공공서비스혁신과).pdf,,,deferred,,https://www.mois.go.kr/cmm/fms/FileDown.do?atchFileId=FILE_00138764J7dmnkE&fileSn=1,
1468,120510,1,250915 (조간) URL 링크가 제공되는 2차 소비쿠폰 문자와 알림은 100% 사기입니다(디지털보안정책과).hwpx,hwpx,1270313,extracted,,https://www.mois.go.kr/cmm/fms/FileDown.do?atchFileId=FILE_00138763v8eNFO2&fileSn=0,2542
1468,120510,2,250915 (조간) URL 링크가 제공되는 2차 소비쿠폰 문자와 알림은 100% 사기입니다(디지털보안정책과).pdf,,,deferred,,https://www.mois.go.kr/cmm/fms/FileDown.do?atchFileId=FILE_00138763v8eNFO2&fileSn=1,
1469,120551,1,250913 (즉시) 서울 인천 경기 충청권 호우 특보 중앙재난안전대책본부 가동(자연재난대응과).hwpx,hwpx,914349,extracted,,https://www.mois.go.kr/cmm/fms/FileDown.do?atchFileId=FILE_0013879649z5RpU&fileSn=0,766
1469,120551,2,250913 (즉시) 서울 인천 경기 충청권 호우 특보 중앙재난안전대책본부 가동(자연재난대응과).pdf,,,deferred,,https://www.mois.go.kr/cmm/fms/FileDown.do?atchFileId=FILE_0013879649z5RpU&fileSn=1,
1470,120505,1,250912 (즉시) 국민의 생명과 재산을 보호하기 위한 국가 비상대비 역량 지속 강화 추진(비상대비훈련과).hwp,hwp,340480,extracted,,https://www.mois.go.kr/cmm/fms/FileDown.do?atchFileId=FILE_00138746k4WaDi1&fileSn=0,2959
1470,120505,2,250912 (즉시) 국민의 생명과 재산을 보호하기 위한 국가 비상대비 역량 지속 강화 추진(비상대비훈련과).pdf,,,deferred,,https://www.mois.go.kr/cmm/fms/FileDown.do?atchFileId=FILE_00138746k4WaDi1&fileSn=1,
1471,120488,1,250912 (10시) 전국에 강풍을 동반한 집중호우 관계기관 대처 상황 점검(자연재난대응과).hwpx,hwpx,652194,extracted,,https://www.mois.go.kr/cmm/fms/FileDown.do?atchFileId=FILE_00138742J1MCjYj&fileSn=0,1730
1471,120488,2,250912 (10시) 전국에 강풍을 동반한 집중호우 관계기관 대처 상황 점검(자연재난대응과).pdf,,,deferred,,https://www.mois.go.kr/cmm/fms/FileDown.do?atchFileId=FILE_00138742J1MCjYj&fileSn=1,
1472,120486,1,250912 (10시) 강원 가뭄지역에 재난특교세 추가 지원(재난관리정책과).hwpx,hwpx,454706,extracted,,https://www.mois.go.kr/cmm/fms/FileDown.do?atchFileId=FILE_00138741nwUa1sB&fileSn=0,500
1472,120486,2,250912 (10시) 강원 가뭄지역에 재난특교세 추가 지원(재난관리정책과).pdf,,,deferred,,https://www.mois.go.kr/cmm/fms/FileDown.do?atchFileId=FILE_00138741nwUa1sB&fileSn=1,
1473,120485,1,[보도자료] 250912 (브리핑시작시) 민생회복 소비쿠폰 2차 지급 9월 22일 개시(재정정책과).hwpx,hwpx,1967601,extracted,,https://www.mois.go.kr/cmm/fms/FileDown.do?atchFileId=FILE_00138695cUDX3of&fileSn=0,17608
1473,120485,2,[보도자료] 250912 (브리핑시작시) 민생회복 소비쿠폰 2차 지급 9월 22일 개시(재정정책과).pdf,,,deferred,,https://www.mois.go.kr/cmm/fms/FileDown.do?atchFileId=FILE_00138695cUDX3of&fileSn=1,
1474,120468,1,250912 (조간) 사회변화 뒤에 숨겨진 재난 위험 선제적으로 대비한다(재난대응총괄과).hwpx,hwpx,453383,extracted,,https://www.mois.go.kr/cmm/fms/FileDown.do?atchFileId=FILE_001387331FS-vtv&fileSn=0,1917
1474,120468,2,250912 (조간) 사회변화 뒤에 숨겨진 재난 위험 선제적으로 대비한다(재난대응총괄과).pdf,,,deferred,,https://www.mois.go.kr/cmm/fms/FileDown.do?atchFileId=FILE_001387331FS-vtv&fileSn=1,
1475,120467,1,250912 (조간) 추석 전 벌초 예초기 사용에 주의하세요!(예방안전제도과).hwpx,hwpx,729054,extracted,,https://www.mois.go.kr/cmm/fms/FileDown.do?atchFileId=FILE_001387320vKHgnU&fileSn=0,1359
1475,120467,2,250912 (조간) 추석 전 벌초 예초기 사용에 주의하세요!(예방안전제도과).pdf,,,deferred,,https://www.mois.go.kr/cmm/fms/FileDown.do?atchFileId=FILE_001387320vKHgnU&fileSn=1,
1476,120466,1,250912 (조간) 주민 삶을 바꾸는 지자체의 AI 행정서비스 전국 확산의 장 열린다(지역디지털협력과).hwpx,hwpx,452461,extracted,,https://www.mois.go.kr/cmm/fms/FileDown.do?atchFileId=FILE_00138731KlVJKKy&fileSn=0,3361
1476,120466,2,250912 (조간) 주민 삶을 바꾸는 지자체의 AI 행정서비스 전국 확산의 장 열린다(지역디지털협력과).pdf,,,deferred,,https://www.mois.go.kr/cmm/fms/FileDown.do?atchFileId=FILE_00138731KlVJKKy&fileSn=1,
1477,120462,1,250911 (석간) 가격은 착하게 안전은 확실하게 착한가격업소 전기안전 강화(지역경제과).hwpx,hwpx,445188,extracted,,https://www.mois.go.kr/cmm/fms/FileDown.do?atchFileId=FILE_00138639vf2QWi3&fileSn=0,1471
1477,120462,2,250911 (석간) 가격은 착하게 안전은 확실하게 착한가격업소 전기안전 강화(지역경제과).pdf,,,deferred,,https://www.mois.go.kr/cmm/fms/FileDown.do?atchFileId=FILE_00138639vf2QWi3&fileSn=1,
1478,120454,1,250911 (13시30분) 가을철 행사 인파사고 안전관리 강화(사회재난대응총괄과).hwpx,hwpx,440990,extracted,,https://www.mois.go.kr/cmm/fms/FileDown.do?atchFileId=FILE_00138664jEWmdCl&fileSn=0,1339
1478,120454,2,250911 (13시30분) 가을철 행사 인파사고 안전관리 강화(사회재난대응총괄과).pdf,,,deferred,,https://www.mois.go.kr/cmm/fms/FileDown.do?atchFileId=FILE_00138664jEWmdCl&fileSn=1,
1479,120453,1,250910 (석간) 10월 추석 연휴 지방세 납부기한 연장(지방세정책과).hwpx,hwpx,469411,extracted,,https://www.mois.go.kr/cmm/fms/FileDown.do?atchFileId=FILE_00138649N5klZ1J&fileSn=0,2074
1479,120453,2,250910 (석간) 10월 추석 연휴 지방세 납부기한 연장(지방세정책과).pdf,,,deferred,,https://www.mois.go.kr/cmm/fms/FileDown.do?atchFileId=FILE_00138649N5klZ1J&fileSn=1,
1480,120409,1,250910 (조간) 주민등록번호 유출로 인한 2차 피해 예방법 충주맨이 알려 드립니다(주민등록번호변경위원회).hwpx,hwpx,442090,extracted,,https://www.mois.go.kr/cmm/fms/FileDown.do?atchFileId=FILE_00138681VhldvJf&fileSn=0,1555
1480,120409,2,250910 (조간) 주민등록번호 유출로 인한 2차 피해 예방법 충주맨이 알려 드립니다(주민등록번호변경위원회).pdf,,,deferred,,https://www.mois.go.kr/cmm/fms/FileDown.do?atchFileId=FILE_00138681VhldvJf&fileSn=1,
1481,120408,1,250910 (조간) 사물주소 적용해 세종시 버스정류장 위치 오류 없앤다(주소생활공간과).hwpx,hwpx,1681939,extracted,,https://www.mois.go.kr/cmm/fms/FileDown.do?atchFileId=FILE_00138680FpMvkwX&fileSn=0,3072
1481,120408,2,250910 (조간) 사물주소 적용해 세종시 버스정류장 위치 오류 없앤다(주소생활공간과).pdf,,,deferred,,https://www.mois.go.kr/cmm/fms/FileDown.do?atchFileId=FILE_00138680FpMvkwX&fileSn=1,
1482,120407,1,250910 (조간) 한-일 양국 지방행정 발전 위한 제25회 한일 내정관계자 교류회의 개최(자치행정과).hwpx,hwpx,454590,extracted,,https://www.mois.go.kr/cmm/fms/FileDown.do?atchFileId=FILE_00138679z7rS8zO&fileSn=0,1864
1482,120407,2,250910 (조간) 한-일 양국 지방행정 발전 위한 제25회 한일 내정관계자 교류회의 개최(자치행정과).pdf,,,deferred,,https://www.mois.go.kr/cmm/fms/FileDown.do?atchFileId=FILE_00138679z7rS8zO&fileSn=1,
1483,120415,1,250908 (17시) 강릉 가뭄 재난 관계기관이 한마음으로 전력 대응(기후재난관리과).hwpx,hwpx,321380,extracted,,https://www.mois.go.kr/cmm/fms/FileDown.do?atchFileId=FILE_00138599qf1AChb&fileSn=0,1545
1483,120415,2,250908 (17시) 강릉 가뭄 재난 관계기관이 한마음으로 전력 대응(기후재난관리과).pdf,,,deferred,,https://www.mois.go.kr/cmm/fms/FileDown.do?atchFileId=FILE_00138599qf1AChb&fileSn=1,
1484,120389,1,250909 (13시) 저연차 공무원과 함께하는 조직문화 새로고침!(행정제도과).hwp,hwp,461312,extracted,,https://www.mois.go.kr/cmm/fms/FileDown.do?atchFileId=FILE_00138589vEr4UlB&fileSn=0,1478
1484,120389,2,250909 (13시) 저연차 공무원과 함께하는 조직문화 새로고침!(행정제도과).pdf,,,deferred,,https://www.mois.go.kr/cmm/fms/FileDown.do?atchFileId=FILE_00138589vEr4UlB&fileSn=1,
1485,120363,1,250909 (조간) 동네 슈퍼마켓도 정부와 함께 위기가구 발굴과 지원에 힘 모은다(스마트복지안전공동체추진단).hwpx,hwpx,451530,extracted,,https://www.mois.go.kr/cmm/fms/FileDown.do?atchFileId=FILE_00138609hUfT7Ka&fileSn=0,2281
1485,120363,2,250909 (조간) 동네 슈퍼마켓도 정부와 함께 위기가구 발굴과 지원에 힘 모은다(스마트복지안전공동체추진단).pdf,,,deferred,,https://www.mois.go.kr/cmm/fms/FileDown.do?atchFileId=FILE_00138609hUfT7Ka&fileSn=1,
1486,120361,1,250908 (조간) 볼리비아 검찰 고위급 대표단 초청 한국 법과학으로 젠더기반폭력 대응 강화(국립과학수사연구원 법과학연구센터).hwpx,hwpx,447810,extracted,,https://www.mois.go.kr/cmm/fms/FileDown.do?atchFileId=FILE_00138607py1R6SH&fileSn=0,1969
1486,120361,2,250908 (조간) 볼리비아 검찰 고위급 대표단 초청 한국 법과학으로 젠더기반폭력 대응 강화(국립과학수사연구원 법과학연구센터).pdf,,,deferred,,https://www.mois.go.kr/cmm/fms/FileDown.do?atchFileId=FILE_00138607py1R6SH&fileSn=1,
1487,120360,1,250908 (조간) 2025 생활안전 아이디어 공모전 우수작 발표(재난안전연구개발과).hwpx,hwpx,450651,extracted,,https://www.mois.go.kr/cmm/fms/FileDown.do?atchFileId=FILE_001386066rG6EDO&fileSn=0,3553
1487,120360,2,250908 (조간) 2025 생활안전 아이디어 공모전 우수작 발표(재난안전연구개발과).pdf,,,deferred,,https://www.mois.go.kr/cmm/fms/FileDown.do?atchFileId=FILE_001386066rG6EDO&fileSn=1,
1488,120359,1,250908 (조간) 추석 대비 승강기 특별점검 실시(승강기정책과).hwpx,hwpx,439879,extracted,,https://www.mois.go.kr/cmm/fms/FileDown.do?atchFileId=FILE_00138605X1YEv16&fileSn=0,942
1488,120359,2,250908 (조간) 추석 대비 승강기 특별점검 실시(승강기정책과).pdf,,,deferred,,https://www.mois.go.kr/cmm/fms/FileDown.do?atchFileId=FILE_00138605X1YEv16&fileSn=1,
1489,120370,1,[보도자료] 250907 (브리핑시작시) 정부조직 개편방안 발표(조직기획과).hwpx,hwpx,511603,extracted,,https://www.mois.go.kr/cmm/fms/FileDown.do?atchFileId=FILE_00138629IfMbxDo&fileSn=0,4238
1489,120370,2,[보도자료] 250907 (브리핑시작시) 정부조직 개편방안 발표(조직기획과).pdf,,,deferred,,https://www.mois.go.kr/cmm/fms/FileDown.do?atchFileId=FILE_00138629IfMbxDo&fileSn=1,
1490,120394,1,250906 (13시30분) 밤사이 수도권과 충청·전라권 집중호우 관계기관 대처 상황 점검(자연재난대응과).hwpx,hwpx,937977,extracted,,https://www.mois.go.kr/cmm/fms/FileDown.do?atchFileId=FILE_00138596fvDJzqS&fileSn=0,1362
1490,120394,2,250906 (13시30분) 밤사이 수도권과 충청·전라권 집중호우 관계기관 대처 상황 점검(자연재난대응과).pdf,,,deferred,,https://www.mois.go.kr/cmm/fms/FileDown.do?atchFileId=FILE_00138596fvDJzqS&fileSn=1,
1491,120321,1,250904 (16시30분) 강릉 가뭄 재난 대응 범정부 총동원체계 적극 가동(기후재난관리과).hwpx,hwpx,27035773,extracted,,https://www.mois.go.kr/cmm/fms/FileDown.do?atchFileId=FILE_00138591u73Qhkb&fileSn=0,1750
1491,120321,2,250904 (16시30분) 강릉 가뭄 재난 대응 범정부 총동원체계 적극 가동(기후재난관리과).pdf,,,deferred,,https://www.mois.go.kr/cmm/fms/FileDown.do?atchFileId=FILE_00138591u73Qhkb&fileSn=1,
1492,120302,1,250905 (16시) 그 마음에 감사합니다. 그 변화에 함께합니다. 제3회 고향사랑의 날 기념식 개최(균형발전진흥과).hwpx,hwpx,16220377,extracted,,https://www.mois.go.kr/cmm/fms/FileDown.do?atchFileId=FILE_00138538pdyJqjA&fileSn=0,3814
1492,120302,2,250905 (16시) 그 마음에 감사합니다. 그 변화에 함께합니다. 제3회 고향사랑의 날 기념식 개최(균형발전진흥과).pdf,,,deferred,,https://www.mois.go.kr/cmm/fms/FileDown.do?atchFileId=FILE_00138538pdyJqjA&fileSn=1,
1493,120319,1,250904 (15시) 코엑스에 이어 명동 해운대 광화문에서 옥외광고의 새 시대를 만난다(주소생활공간과).hwp,hwp,7565312,extracted,,https://www.mois.go.kr/cmm/fms/FileDown.do?atchFileId=FILE_00138547QSWUDP3&fileSn=0,3707
1493,120319,2,250904 (15시) 코엑스에 이어 명동 해운대 광화문에서 옥외광고의 새 시대를 만난다(주소생활공간과).pdf,,,deferred,,https://www.mois.go.kr/cmm/fms/FileDown.do?atchFileId=FILE_00138547QSWUDP3&fileSn=1,
1494,120303,1,250905 (조간) 산불피해지역 청년이 다시 살린다(지역청년정책과).hwpx,hwpx,440542,extracted,,https://www.mois.go.kr/cmm/fms/FileDown.do?atchFileId=FILE_00138539k3Jfyvx&fileSn=0,1121
1494,120303,2,250905 (조간) 산불피해지역 청년이 다시 살린다(지역청년정책과).pdf,,,deferred,,https://www.mois.go.kr/cmm/fms/FileDown.do?atchFileId=FILE_00138539k3Jfyvx&fileSn=1,
1495,120301,1,250905 (조간) 기억을 지킨다 건강도 지킨다! 어르신의 건강을 지키는 든든한 서비스!(혁신기획과).hwpx,hwpx,455665,extracted,,https://www.mois.go.kr/cmm/fms/FileDown.do?atchFileId=FILE_00138537aI9Meno&fileSn=0,2666
1495,120301,2,250905 (조간) 기억을 지킨다 건강도 지킨다! 어르신의 건강을 지키는 든든한 서비스!(혁신기획과).pdf,,,deferred,,https://www.mois.go.kr/cmm/fms/FileDown.do?atchFileId=FILE_00138537aI9Meno&fileSn=1,
1496,120314,1,250904 (11시) 생협 매장 소비쿠폰 사용 편의 확대된다(재정정책과).hwpx,hwpx,391207,extracted,,https://www.mois.go.kr/cmm/fms/FileDown.do?atchFileId=FILE_001385451Hr4e8j&fileSn=0,1146
1496,120314,2,250904 (11시) 생협 매장 소비쿠폰 사용 편의 확대된다(재정정책과).pdf,,,deferred,,https://www.mois.go.kr/cmm/fms/FileDown.do?atchFileId=FILE_001385451Hr4e8j&fileSn=1,
1497,120312,1,250904 (즉시) 7월 호우피해 항구복구를 위한 재난특교세 지원(재난관리정책과).hwpx,hwpx,395104,extracted,,https://www.mois.go.kr/cmm/fms/FileDown.do?atchFileId=FILE_00138540Qao1TkT&fileSn=0,635
1497,120312,2,250904 (즉시) 7월 호우피해 항구복구를 위한 재난특교세 지원(재난관리정책과).pdf,,,deferred,,https://www.mois.go.kr/cmm/fms/FileDown.do?atchFileId=FILE_00138540Qao1TkT&fileSn=1,
1498,120263,1,250904 (14시) 윤호중 행정안전부 장관 초등학교 주변 위해요소 현장 점검(안전개선과).hwpx,hwpx,6836469,extracted,,https://www.mois.go.kr/cmm/fms/FileDown.do?atchFileId=FILE_00138513umOOSq6&fileSn=0,1002
1498,120263,2,250904 (14시) 윤호중 행정안전부 장관 초등학교 주변 위해요소 현장 점검(안전개선과).pdf,,,deferred,,https://www.mois.go.kr/cmm/fms/FileDown.do?atchFileId=FILE_00138513umOOSq6&fileSn=1,
1499,120264,1,250904 (조간) 전국 시도 인재개발원 최고의 교육과정과 강의를 겨룬다(지방자치인재개발원 교육총괄과).hwpx,hwpx,452408,extracted,,https://www.mois.go.kr/cmm/fms/FileDown.do?atchFileId=FILE_00138515M8muapp&fileSn=0,2381
1499,120264,2,250904 (조간) 전국 시도 인재개발원 최고의 교육과정과 강의를 겨룬다(지방자치인재개발원 교육총괄과).pdf,,,deferred,,https://www.mois.go.kr/cmm/fms/FileDown.do?atchFileId=FILE_00138515M8muapp&fileSn=1,
1500,120252,1,250903 (11시) 지방자치인재개발원 미래 100년을 준비하는 개원 60주년 기념식 개최(지방자치인재개발원 행정지원과).hwpx,hwpx,451159,extracted,,https://www.mois.go.kr/cmm/fms/FileDown.do?atchFileId=FILE_00138512icxXRHr&fileSn=0,2057
1500,120252,2,250903 (11시) 지방자치인재개발원 미래 100년을 준비하는 개원 60주년 기념식 개최(지방자치인재개발원 행정지원과).pdf,,,deferred,,https://www.mois.go.kr/cmm/fms/FileDown.do?atchFileId=FILE_00138512icxXRHr&fileSn=1,
1501,120235,1,250903 (14시) 세계 최초 재외국민 119상담 국내 최고 지역소멸극복 정책 정부혁신 최초최고 한 자리에(혁신기획과).hwpx,hwpx,470534,extracted,,https://www.mois.go.kr/cmm/fms/FileDown.do?atchFileId=FILE_00138498fUwJPdF&fileSn=0,5908
1501,120235,2,250903 (14시) 세계 최초 재외국민 119상담 국내 최고 지역소멸극복 정책 정부혁신 최초최고 한 자리에(혁신기획과).pdf,,,deferred,,https://www.mois.go.kr/cmm/fms/FileDown.do?atchFileId=FILE_00138498fUwJPdF&fileSn=1,
1502,120236,1,250903 (조간) 국가기록원-한국원자력연구원 원자력 기술로 기록유산 보존한다(국가기록원 복원관리과).hwpx,hwpx,443364,extracted,,https://www.mois.go.kr/cmm/fms/FileDown.do?atchFileId=FILE_00138522m9U0_Cf&fileSn=0,1353
1502,120236,2,250903 (조간) 국가기록원-한국원자력연구원 원자력 기술로 기록유산 보존한다(국가기록원 복원관리과).pdf,,,deferred,,https://www.mois.go.kr/cmm/fms/FileDown.do?atchFileId=FILE_00138522m9U0_Cf&fileSn=1,
1503,120234,1,250903 (조간) 2026년도 행정안전부 예산안 76조 4426억 원 편성 사업비 6조 6665억 원 올해 대비 43.8% 증가(기획재정담당관).hwp,hwp,694784,extracted,,https://www.mois.go.kr/cmm/fms/FileDown.do?atchFileId=FILE_00138497VKiWUfb&fileSn=0,7415
1503,120234,2,250903 (조간) 2026년도 행정안전부 예산안 76조 4426억 원 편성 사업비 6조 6665억 원 올해 대비 43.8% 증가(기획재정담당관).pdf,,,deferred,,https://www.mois.go.kr/cmm/fms/FileDown.do?atchFileId=FILE_00138497VKiWUfb&fileSn=1,
1504,120226,1,250901 (17시) 재난사태 선포에 따른 범정부 강릉 지역 가뭄 대책 논의(기후재난관리과).hwpx,hwpx,94806,extracted,,https://www.mois.go.kr/cmm/fms/FileDown.do?atchFileId=FILE_00138459PKTTFxH&fileSn=0,1048
1504,120226,2,250901 (17시) 재난사태 선포에 따른 범정부 강릉 지역 가뭄 대책 논의(기후재난관리과).pdf,,,deferred,,https://www.mois.go.kr/cmm/fms/FileDown.do?atchFileId=FILE_00138459PKTTFxH&fileSn=1,
1505,120224,1,250901 (14시) 지역사랑상품권 할인율 대폭 확대 지원으로 추가 소비와 지역 활력 동시에 붐업(boom-up)!(지역경제과).hwpx,hwpx,281407,extracted,,https://www.mois.go.kr/cmm/fms/FileDown.do?atchFileId=FILE_00138449pgNm5iY&fileSn=0,1687
1505,120224,2,250901 (14시) 지역사랑상품권 할인율 대폭 확대 지원으로 추가 소비와 지역 활력 동시에 붐업(boom-up)!(지역경제과).pdf,,,deferred,,https://www.mois.go.kr/cmm/fms/FileDown.do?atchFileId=FILE_00138449pgNm5iY&fileSn=1,
1506,120191,1,250902 (조간) 재난 이후 국민의 삶 어떻게 달라졌나 재난피해 회복수준 실태조사 실시(국립재난안전연구원 재난원인조사실).hwpx,hwpx,304056,extracted,,https://www.mois.go.kr/cmm/fms/FileDown.do?atchFileId=FILE_00138463df0v2J1&fileSn=0,1238
1506,120191,2,250902 (조간) 재난 이후 국민의 삶 어떻게 달라졌나 재난피해 회복수준 실태조사 실시(국립재난안전연구원 재난원인조사실).pdf,,,deferred,,https://www.mois.go.kr/cmm/fms/FileDown.do?atchFileId=FILE_00138463df0v2J1&fileSn=1,
1507,120190,1,250902 (조간) 행정업무의 새로운 파트너 인공지능(AI) 자치인재원 2주간 AI전문교육 운영(지방자치인재개발원 전문역량교육과).hwpx,hwpx,440659,extracted,,https://www.mois.go.kr/cmm/fms/FileDown.do?atchFileId=FILE_00138462fklYgQl&fileSn=0,1672
1507,120190,2,250902 (조간) 행정업무의 새로운 파트너 인공지능(AI) 자치인재원 2주간 AI전문교육 운영(지방자치인재개발원 전문역량교육과).pdf,,,deferred,,https://www.mois.go.kr/cmm/fms/FileDown.do?atchFileId=FILE_00138462fklYgQl&fileSn=1,
1508,120176,1,250901 (조간) 7.15 오송 지하차도 참사 피해자 지원단 출범(재난대응총괄과).hwpx,hwpx,296682,extracted,,https://www.mois.go.kr/cmm/fms/FileDown.do?atchFileId=FILE_0013844451KUGNm&fileSn=0,878
1508,120176,2,250901 (조간) 7.15 오송 지하차도 참사 피해자 지원단 출범(재난대응총괄과).pdf,,,deferred,,https://www.mois.go.kr/cmm/fms/FileDown.do?atchFileId=FILE_0013844451KUGNm&fileSn=1,
1509,120175,1,250901 (조간) 가을철 안전위험 요소는 안전신문고로 신고하세요!(안전개선과).hwpx,hwpx,12249759,extracted,,https://www.mois.go.kr/cmm/fms/FileDown.do?atchFileId=FILE_001384435fincoi&fileSn=0,1224
1509,120175,2,250901 (조간) 가을철 안전위험 요소는 안전신문고로 신고하세요!(안전개선과).pdf,,,deferred,,https://www.mois.go.kr/cmm/fms/FileDown.do?atchFileId=FILE_001384435fincoi&fileSn=1,
1510,120174,1,250901 (조간) 방문 주민등록 사실조사원을 반갑게 맞아 주세요(주민과).hwpx,hwpx,3130184,extracted,,https://www.mois.go.kr/cmm/fms/FileDown.do?atchFileId=FILE_00138442PMn0R5A&fileSn=0,1524
1510,120174,2,250901 (조간) 방문 주민등록 사실조사원을 반갑게 맞아 주세요(주민과).pdf,,,deferred,,https://www.mois.go.kr/cmm/fms/FileDown.do?atchFileId=FILE_00138442PMn0R5A&fileSn=1,
1511,120173,1,250901 (조간) 공공서비스디자인으로 국민과 함께 보이스피싱도 막고 섬에 온기도 불어 넣는다(정보공개과).hwpx,hwpx,334619,extracted,,https://www.mois.go.kr/cmm/fms/FileDown.do?atchFileId=FILE_0013844194-Ygo_&fileSn=0,5977
1511,120173,2,250901 (조간) 공공서비스디자인으로 국민과 함께 보이스피싱도 막고 섬에 온기도 불어 넣는다(정보공개과).pdf,,,deferred,,https://www.mois.go.kr/cmm/fms/FileDown.do?atchFileId=FILE_0013844194-Ygo_&fileSn=1,
1512,120146,1,250830 (14시40분) 소멸에서 희망으로 인구감소지역의 내일을 함께 설계하다!(균형발전제도과).hwp,hwp,318976,extracted,,https://www.mois.go.kr/cmm/fms/FileDown.do?atchFileId=FILE_00138424kpm1vZq&fileSn=0,4009
1512,120146,2,250830 (14시40분) 소멸에서 희망으로 인구감소지역의 내일을 함께 설계하다!(균형발전제도과).pdf,,,deferred,,https://www.mois.go.kr/cmm/fms/FileDown.do?atchFileId=FILE_00138424kpm1vZq&fileSn=1,
1513,120163,1,250829 (보도참고자료) 민생회복 소비쿠폰 신청·사용 현황(8.28. 24시 기준).hwp,hwp,305664,extracted,,https://www.mois.go.kr/cmm/fms/FileDown.do?atchFileId=FILE_00138320C4Do0vG&fileSn=0,1639
1513,120163,2,250829 (보도참고자료) 민생회복 소비쿠폰 신청·사용 현황(8.28. 24시 기준).pdf,,,deferred,,https://www.mois.go.kr/cmm/fms/FileDown.do?atchFileId=FILE_00138320C4Do0vG&fileSn=1,
1514,120131,1,250829 (석간) 새마을금고 2025년 상반기 영업실적(잠정)(지역금융지원과).hwpx,hwpx,324844,extracted,,https://www.mois.go.kr/cmm/fms/FileDown.do?atchFileId=FILE_00138389gIEI0Ph&fileSn=0,3704
1514,120131,2,250829 (석간) 새마을금고 2025년 상반기 영업실적(잠정)(지역금융지원과).pdf,,,deferred,,https://www.mois.go.kr/cmm/fms/FileDown.do?atchFileId=FILE_00138389gIEI0Ph&fileSn=1,
1515,120141,1,250829 (참고) 국립재난안전연구원 국립기상과학원과 기후위기 공동 대응을 위한 협력체계 가동(국립재난안전연구원 방재연구실).hwpx,hwpx,302307,extracted,,https://www.mois.go.kr/cmm/fms/FileDown.do?atchFileId=FILE_00138423FhOIYVL&fileSn=0,922
1515,120141,2,250829 (참고) 국립재난안전연구원 국립기상과학원과 기후위기 공동 대응을 위한 협력체계 가동(국립재난안전연구원 방재연구실).pdf,,,deferred,,https://www.mois.go.kr/cmm/fms/FileDown.do?atchFileId=FILE_00138423FhOIYVL&fileSn=1,
1516,120102,1,250829 (16시) 중앙-지방 머리 맞대고 1103조 공유재산 정책 발전 모색한다(공유재산정책과).hwp,hwp,1218048,extracted,,https://www.mois.go.kr/cmm/fms/FileDown.do?atchFileId=FILE_00138348l9lb3jL&fileSn=0,2627
1516,120102,2,250829 (16시) 중앙-지방 머리 맞대고 1103조 공유재산 정책 발전 모색한다(공유재산정책과).pdf,,,deferred,,https://www.mois.go.kr/cmm/fms/FileDown.do?atchFileId=FILE_00138348l9lb3jL&fileSn=1,
1517,120104,1,250829 (조간) 대통령의 외교 세계를 품다! 대통령선물 대륙별 특별전시 유럽편 선보여(대통령기록관 기록서비스과).hwpx,hwpx,546165,extracted,,https://www.mois.go.kr/cmm/fms/FileDown.do?atchFileId=FILE_00138350u2ICljv&fileSn=0,2335
1517,120104,2,250829 (조간) 대통령의 외교 세계를 품다! 대통령선물 대륙별 특별전시 유럽편 선보여(대통령기록관 기록서비스과).pdf,,,deferred,,https://www.mois.go.kr/cmm/fms/FileDown.do?atchFileId=FILE_00138350u2ICljv&fileSn=1,
1518,120103,1,250829 (조간) 2025년 지방세제 개편안 발표(지방세정책과).hwpx,hwpx,3947388,extracted,,https://www.mois.go.kr/cmm/fms/FileDown.do?atchFileId=FILE_00138349whPBe1E&fileSn=0,5208
1518,120103,2,250829 (조간) 2025년 지방세제 개편안 발표(지방세정책과).pdf,,,deferred,,https://www.mois.go.kr/cmm/fms/FileDown.do?atchFileId=FILE_00138349whPBe1E&fileSn=1,
1518,120103,3,250829 (보도참고자료) - 1. 2025년 지방세제 개편안 (개조식).hwp,hwp,174080,extracted,,https://www.mois.go.kr/cmm/fms/FileDown.do?atchFileId=FILE_00138349whPBe1E&fileSn=2,21237
1518,120103,4,250829 (보도참고자료) - 2. 2025년 지방세제 개편안 참고자료.hwpx,hwpx,328983,extracted,,https://www.mois.go.kr/cmm/fms/FileDown.do?atchFileId=FILE_00138349whPBe1E&fileSn=3,39461
1518,120103,5,250829 (보도참고자료) - 3. 2025년 지방세제 개편안 문답자료.hwpx,hwpx,647051,extracted,,https://www.mois.go.kr/cmm/fms/FileDown.do?atchFileId=FILE_00138349whPBe1E&fileSn=4,14809
1519,120101,1,250829 (조간) 정보시스템 가용률 장애시간 표준안 등으로 디지털정부서비스 품질 높인다(디지털기반안전과).hwpx,hwpx,308242,extracted,,https://www.mois.go.kr/cmm/fms/FileDown.do?atchFileId=FILE_00138347k_BNd1r&fileSn=0,2817
1519,120101,2,250829 (조간) 정보시스템 가용률 장애시간 표준안 등으로 디지털정부서비스 품질 높인다(디지털기반안전과).pdf,,,deferred,,https://www.mois.go.kr/cmm/fms/FileDown.do?atchFileId=FILE_00138347k_BNd1r&fileSn=1,
1520,120114,1,250828 (10시10분) 일터의 근로자가 집으로 안전하게 중앙-지방이 협력하여 지역 산업안전 환경을 획기적으로 개선(자치행정과).hwpx,hwpx,311016,extracted,,https://www.mois.go.kr/cmm/fms/FileDown.do?atchFileId=FILE_00138368IgqI4vH&fileSn=0,2280
1520,120114,2,250828 (10시10분) 일터의 근로자가 집으로 안전하게 중앙-지방이 협력하여 지역 산업안전 환경을 획기적으로 개선(자치행정과).pdf,,,deferred,,https://www.mois.go.kr/cmm/fms/FileDown.do?atchFileId=FILE_00138368IgqI4vH&fileSn=1,
1521,120100,1,250828 (참고) 태풍 대비 산불 2차 피해 방지를 위한 세미나 개최(국립재난안전연구원 방재연구실).hwpx,hwpx,1780470,extracted,,https://www.mois.go.kr/cmm/fms/FileDown.do?atchFileId=FILE_00138346JKrsSCD&fileSn=0,816
1521,120100,2,250828 (참고) 태풍 대비 산불 2차 피해 방지를 위한 세미나 개최(국립재난안전연구원 방재연구실).pdf,,,deferred,,https://www.mois.go.kr/cmm/fms/FileDown.do?atchFileId=FILE_00138346JKrsSCD&fileSn=1,
1522,120081,1,250827 (15시30분) 강릉 지역 가뭄 관계기관이 함께 힘을 합친다(기후재난관리과).hwpx,hwpx,100267,extracted,,https://www.mois.go.kr/cmm/fms/FileDown.do?atchFileId=FILE_00138270Cy3LmjZ&fileSn=0,1748
1522,120081,2,250827 (15시30분) 강릉 지역 가뭄 관계기관이 함께 힘을 합친다(기후재난관리과).pdf,,,deferred,,https://www.mois.go.kr/cmm/fms/FileDown.do?atchFileId=FILE_00138270Cy3LmjZ&fileSn=1,
1523,120066,1,250828 (조간) 지자체-마을-취약계층을 하나로 연결하는 3중 안전망으로 빈틈없이 재난정보 전달한다(재난정보통신과).hwpx,hwpx,544721,extracted,,https://www.mois.go.kr/cmm/fms/FileDown.do?atchFileId=FILE_00138343dqV4CVI&fileSn=0,2450
1523,120066,2,250828 (조간) 지자체-마을-취약계층을 하나로 연결하는 3중 안전망으로 빈틈없이 재난정보 전달한다(재난정보통신과).pdf,,,deferred,,https://www.mois.go.kr/cmm/fms/FileDown.do?atchFileId=FILE_00138343dqV4CVI&fileSn=1,
1524,120065,1,250828 (조간) AI시대 신뢰받는 민주정부 구현을 위한 정부혁신 방안 찾는다(혁신기획과).hwpx,hwpx,299161,extracted,,https://www.mois.go.kr/cmm/fms/FileDown.do?atchFileId=FILE_001383454Whddhm&fileSn=0,1672
1524,120065,2,250828 (조간) AI시대 신뢰받는 민주정부 구현을 위한 정부혁신 방안 찾는다(혁신기획과).pdf,,,deferred,,https://www.mois.go.kr/cmm/fms/FileDown.do?atchFileId=FILE_001383454Whddhm&fileSn=1,
1525,120064,1,250828 (조간) 2025년 행정안전통계연보 발간(데이터정보화담당관).hwpx,hwpx,723913,extracted,,https://www.mois.go.kr/cmm/fms/FileDown.do?atchFileId=FILE_00138341F09JY9g&fileSn=0,2688
1525,120064,2,250828 (조간) 2025년 행정안전통계연보 발간(데이터정보화담당관).pdf,,,deferred,,https://www.mois.go.kr/cmm/fms/FileDown.do?atchFileId=FILE_00138341F09JY9g&fileSn=1,
1526,120063,1,250827 (참고) 지방자치인재개발원 장기교육생 100여 명 산청군 수해복구 자원봉사 활동(지방자치인재개발원 정책리더양성과).hwpx,hwpx,281490,extracted,,https://www.mois.go.kr/cmm/fms/FileDown.do?atchFileId=FILE_00138230_P44czn&fileSn=0,905
1526,120063,2,250827 (참고) 지방자치인재개발원 장기교육생 100여 명 산청군 수해복구 자원봉사 활동(지방자치인재개발원 정책리더양성과).pdf,,,deferred,,https://www.mois.go.kr/cmm/fms/FileDown.do?atchFileId=FILE_00138230_P44czn&fileSn=1,
1527,120058,1,250826 (17시) 폭염 재난 대응을 위한 중앙재난안전대책본부 회의 개최(기후재난관리과).hwpx,hwpx,250263,extracted,,https://www.mois.go.kr/cmm/fms/FileDown.do?atchFileId=FILE_001383099Q5e4ab&fileSn=0,1543
1527,120058,2,250826 (17시) 폭염 재난 대응을 위한 중앙재난안전대책본부 회의 개최(기후재난관리과).pdf,,,deferred,,https://www.mois.go.kr/cmm/fms/FileDown.do?atchFileId=FILE_001383099Q5e4ab&fileSn=1,
1528,120023,1,250827 (조간) 대한민국 OECD로부터 잠재 위험 관리 우수 국가로 평가(재난대응총괄과).hwpx,hwpx,310106,extracted,,https://www.mois.go.kr/cmm/fms/FileDown.do?atchFileId=FILE_00138247iBRIf0_&fileSn=0,3593
1528,120023,2,250827 (조간) 대한민국 OECD로부터 잠재 위험 관리 우수 국가로 평가(재난대응총괄과).pdf,,,deferred,,https://www.mois.go.kr/cmm/fms/FileDown.do?atchFileId=FILE_00138247iBRIf0_&fileSn=1,
1529,120022,1,250827 (조간) K-주소 이렇게 만들어요! 국제 교육 개막(주소생활공간과).hwpx,hwpx,304980,extracted,,https://www.mois.go.kr/cmm/fms/FileDown.do?atchFileId=FILE_00138246BlBcW7B&fileSn=0,2346
1529,120022,2,250827 (조간) K-주소 이렇게 만들어요! 국제 교육 개막(주소생활공간과).pdf,,,deferred,,https://www.mois.go.kr/cmm/fms/FileDown.do?atchFileId=FILE_00138246BlBcW7B&fileSn=1,
1530,120042,1,250827 (국무회의종료시) 공유재산 임대 중인 소상공인 임대료 대폭 완화해 경기침체 부담 던다(공유재산정책과).hwpx,hwpx,302386,extracted,,https://www.mois.go.kr/cmm/fms/FileDown.do?atchFileId=FILE_001382684TjQvS1&fileSn=0,1235
1530,120042,2,250827 (국무회의종료시) 공유재산 임대 중인 소상공인 임대료 대폭 완화해 경기침체 부담 던다(공유재산정책과).pdf,,,deferred,,https://www.mois.go.kr/cmm/fms/FileDown.do?atchFileId=FILE_001382684TjQvS1&fileSn=1,
1531,120024,1,250826 (참고) 극심한 가뭄에 효과적으로 대응하기 위해 관계기관 간 정보교류 및 협력 강화(국립재난안전연구원 방재연구실).hwpx,hwpx,304833,extracted,,https://www.mois.go.kr/cmm/fms/FileDown.do?atchFileId=FILE_001382486tlLVRV&fileSn=0,937
1531,120024,2,250826 (참고) 극심한 가뭄에 효과적으로 대응하기 위해 관계기관 간 정보교류 및 협력 강화(국립재난안전연구원 방재연구실).pdf,,,deferred,,https://www.mois.go.kr/cmm/fms/FileDown.do?atchFileId=FILE_001382486tlLVRV&fileSn=1,
1532,120035,1,250826 (즉시) 경기 충청 전북 호우 특보 중앙재난안전대책본부 가동(자연재난대응과).hwpx,hwpx,647886,extracted,,https://www.mois.go.kr/cmm/fms/FileDown.do?atchFileId=FILE_00138250qesesqR&fileSn=0,720
1532,120035,2,250826 (즉시) 경기 충청 전북 호우 특보 중앙재난안전대책본부 가동(자연재난대응과).pdf,,,deferred,,https://www.mois.go.kr/cmm/fms/FileDown.do?atchFileId=FILE_00138250qesesqR&fileSn=1,
1533,120020,1,250825 (17시) 수도권 중심 100㎜ 이상 집중호우 관계기관 대처 상황 점검(자연재난대응과).hwpx,hwpx,738796,extracted,,https://www.mois.go.kr/cmm/fms/FileDown.do?atchFileId=FILE_00138291zvs9qmd&fileSn=0,1210
1533,120020,2,250825 (17시) 수도권 중심 100㎜ 이상 집중호우 관계기관 대처 상황 점검(자연재난대응과).pdf,,,deferred,,https://www.mois.go.kr/cmm/fms/FileDown.do?atchFileId=FILE_00138291zvs9qmd&fileSn=1,
1534,120003,1,250826 (16시30분) 영양군이 키운 화끈한 맛으로 지역을 키워갈 맛있는 동행(기업협력지원과).hwpx,hwpx,1376529,extracted,,https://www.mois.go.kr/cmm/fms/FileDown.do?atchFileId=FILE_00138275oYegDU0&fileSn=0,3733
1534,120003,2,250826 (16시30분) 영양군이 키운 화끈한 맛으로 지역을 키워갈 맛있는 동행(기업협력지원과).pdf,,,deferred,,https://www.mois.go.kr/cmm/fms/FileDown.do?atchFileId=FILE_00138275oYegDU0&fileSn=1,
1535,120004,1,250826 (조간) 자전거도로 숲길에서도 쉽게 위치 찾을 수 있어요(주소생활공간과).hwpx,hwpx,1950130,extracted,,https://www.mois.go.kr/cmm/fms/FileDown.do?atchFileId=FILE_00138276UcGxt03&fileSn=0,2680
1535,120004,2,250826 (조간) 자전거도로 숲길에서도 쉽게 위치 찾을 수 있어요(주소생활공간과).pdf,,,deferred,,https://www.mois.go.kr/cmm/fms/FileDown.do?atchFileId=FILE_00138276UcGxt03&fileSn=1,
1536,120002,1,250826 (조간) 제2의 거주지에서 지역 맞춤형 지원받으세요! 생활인구 등록제 도입(균형발전제도과).hwpx,hwpx,309584,extracted,,https://www.mois.go.kr/cmm/fms/FileDown.do?atchFileId=FILE_00138274xuggdbp&fileSn=0,5553
1536,120002,2,250826 (조간) 제2의 거주지에서 지역 맞춤형 지원받으세요! 생활인구 등록제 도입(균형발전제도과).pdf,,,deferred,,https://www.mois.go.kr/cmm/fms/FileDown.do?atchFileId=FILE_00138274xuggdbp&fileSn=1,
1537,120001,1,250826 (조간) 인공지능에 대체되지 않는 정책지원관 육성해 일 잘하는 지방의회 만든다(선거의회자치법규과).hwpx,hwpx,308876,extracted,,https://www.mois.go.kr/cmm/fms/FileDown.do?atchFileId=FILE_001382737uze7hU&fileSn=0,2207
1537,120001,2,250826 (조간) 인공지능에 대체되지 않는 정책지원관 육성해 일 잘하는 지방의회 만든다(선거의회자치법규과).pdf,,,deferred,,https://www.mois.go.kr/cmm/fms/FileDown.do?atchFileId=FILE_001382737uze7hU&fileSn=1,
1538,120000,1,250826 (조간) 8월 26일 경찰국 폐지 완료(성과관리담당관).hwpx,hwpx,293852,extracted,,https://www.mois.go.kr/cmm/fms/FileDown.do?atchFileId=FILE_00138272rW4dTmB&fileSn=0,1011
1538,120000,2,250826 (조간) 8월 26일 경찰국 폐지 완료(성과관리담당관).pdf,,,deferred,,https://www.mois.go.kr/cmm/fms/FileDown.do?atchFileId=FILE_00138272rW4dTmB&fileSn=1,
1539,120012,1,250825 (즉시) 호우피해 및 가뭄지역에 재난특교세 지원(재난관리정책과).hwpx,hwpx,213348,extracted,,https://www.mois.go.kr/cmm/fms/FileDown.do?atchFileId=FILE_00138286sfoBgWr&fileSn=0,634
1539,120012,2,250825 (즉시) 호우피해 및 가뭄지역에 재난특교세 지원(재난관리정책과).pdf,,,deferred,,https://www.mois.go.kr/cmm/fms/FileDown.do?atchFileId=FILE_00138286sfoBgWr&fileSn=1,
1540,119993,1,250825 (참고) 공무원 인공지능(AI) 역량 강화 나선다 자치인재원 AI 인사이트 특강 운영(지방자치인재개발원 전문역량교육과).hwpx,hwpx,304641,extracted,,https://www.mois.go.kr/cmm/fms/FileDown.do?atchFileId=FILE_00138258MWdVJ-k&fileSn=0,1369
1540,119993,2,250825 (참고) 공무원 인공지능(AI) 역량 강화 나선다 자치인재원 AI 인사이트 특강 운영(지방자치인재개발원 전문역량교육과).pdf,,,deferred,,https://www.mois.go.kr/cmm/fms/FileDown.do?atchFileId=FILE_00138258MWdVJ-k&fileSn=1,
1541,119991,1,250825 (조간) 어린이 안전 실천 생활화를 위한 2025년 어린이 안전일기 공모전 개최(안전문화교육과).hwpx,hwpx,7808285,extracted,,https://www.mois.go.kr/cmm/fms/FileDown.do?atchFileId=FILE_00138257gKn_1Rw&fileSn=0,1992
1541,119991,2,250825 (조간) 어린이 안전 실천 생활화를 위한 2025년 어린이 안전일기 공모전 개최(안전문화교육과).pdf,,,deferred,,https://www.mois.go.kr/cmm/fms/FileDown.do?atchFileId=FILE_00138257gKn_1Rw&fileSn=1,
1542,119990,1,250825 (조간) 개학 맞이 초등학교 주변 집중점검으로 더 안전한 어린이 생활환경 조성(안전개선과).hwpx,hwpx,12368239,extracted,,https://www.mois.go.kr/cmm/fms/FileDown.do?atchFileId=FILE_00138256TEghy22&fileSn=0,5031
1542,119990,2,250825 (조간) 개학 맞이 초등학교 주변 집중점검으로 더 안전한 어린이 생활환경 조성(안전개선과).pdf,,,deferred,,https://www.mois.go.kr/cmm/fms/FileDown.do?atchFileId=FILE_00138256TEghy22&fileSn=1,
1543,119989,1,250825 (조간) 대한민국 재난안전기업 베트남 시장 진출 본격화(재난안전산업과).hwpx,hwpx,2860622,extracted,,https://www.mois.go.kr/cmm/fms/FileDown.do?atchFileId=FILE_001382556-7K22K&fileSn=0,1683
1543,119989,2,250825 (조간) 대한민국 재난안전기업 베트남 시장 진출 본격화(재난안전산업과).pdf,,,deferred,,https://www.mois.go.kr/cmm/fms/FileDown.do?atchFileId=FILE_001382556-7K22K&fileSn=1,
1544,119987,1,250825 (조간) 폐교의 재탄생을 위해 중앙-지방이 머리를 맞댄다(공유재산정책과).hwp,hwp,296448,extracted,,https://www.mois.go.kr/cmm/fms/FileDown.do?atchFileId=FILE_00138254oBltD6J&fileSn=0,1542
1544,119987,2,250825 (조간) 폐교의 재탄생을 위해 중앙-지방이 머리를 맞댄다(공유재산정책과).pdf,,,deferred,,https://www.mois.go.kr/cmm/fms/FileDown.do?atchFileId=FILE_00138254oBltD6J&fileSn=1,
1545,119986,1,250825 (조간) 주민의 이야기로 만드는 지방자치의 미래 지방자치 30주년 권역별 간담회 개최(자치분권제도과).hwpx,hwpx,1197580,extracted,,https://www.mois.go.kr/cmm/fms/FileDown.do?atchFileId=FILE_00138253gxSKaRh&fileSn=0,1623
1545,119986,2,250825 (조간) 주민의 이야기로 만드는 지방자치의 미래 지방자치 30주년 권역별 간담회 개최(자치분권제도과).pdf,,,deferred,,https://www.mois.go.kr/cmm/fms/FileDown.do?atchFileId=FILE_00138253gxSKaRh&fileSn=1,
1546,119973,1,250822 (15시) 윤호중 장관 마을기업법 제정 계기 강원 홍천군 지방소멸대응 현장점검(자치행정과).hwpx,hwpx,304727,extracted,,https://www.mois.go.kr/cmm/fms/FileDown.do?atchFileId=FILE_00138252ih1C3eW&fileSn=0,1591
1546,119973,2,250822 (15시) 윤호중 장관 마을기업법 제정 계기 강원 홍천군 지방소멸대응 현장점검(자치행정과).pdf,,,deferred,,https://www.mois.go.kr/cmm/fms/FileDown.do?atchFileId=FILE_00138252ih1C3eW&fileSn=1,
1547,119953,1,250823 (14시) 이태원참사 피해 상인 대상 진상규명 조사 및 피해지원 위한 설명회 개최(10.29이태원참사피해구제추모지원단).hwpx,hwpx,305842,extracted,,https://www.mois.go.kr/cmm/fms/FileDown.do?atchFileId=FILE_00138175sp40x2O&fileSn=0,1541
1547,119953,2,250823 (14시) 이태원참사 피해 상인 대상 진상규명 조사 및 피해지원 위한 설명회 개최(10.29이태원참사피해구제추모지원단).pdf,,,deferred,,https://www.mois.go.kr/cmm/fms/FileDown.do?atchFileId=FILE_00138175sp40x2O&fileSn=1,
1548,119955,1,250821 (16시) 도서 산간 등 면 지역 주민과 군 장병의 소비쿠폰 사용 편의를 대폭 높인다(재정정책과).hwpx,hwpx,291973,extracted,,https://www.mois.go.kr/cmm/fms/FileDown.do?atchFileId=FILE_00138176v0Ee0jU&fileSn=0,3136
1548,119955,2,250821 (16시) 도서 산간 등 면 지역 주민과 군 장병의 소비쿠폰 사용 편의를 대폭 높인다(재정정책과).pdf,,,deferred,,https://www.mois.go.kr/cmm/fms/FileDown.do?atchFileId=FILE_00138176v0Ee0jU&fileSn=1,
1549,119931,1,250822 (16시) 광복 80년 국가기록특별전 「빛으로 이어진 80년의 기록」 개최(국가기록원 서비스정책과).hwpx,hwp,1401856,extracted,,https://www.mois.go.kr/cmm/fms/FileDown.do?atchFileId=FILE_00138218uJz0OxI&fileSn=0,3493
1549,119931,2,250822 (16시) 광복 80년 국가기록특별전 「빛으로 이어진 80년의 기록」 개최(국가기록원 서비스정책과).pdf,,,deferred,,https://www.mois.go.kr/cmm/fms/FileDown.do?atchFileId=FILE_00138218uJz0OxI&fileSn=1,
1550,119930,1,250822 (조간) 태평양지역 강제동원 희생자 유해 한미가 힘을 합쳐 끝까지 찾는다(과거사관련업무지원단 대일항쟁기강제동원피해지원과).hwpx,hwpx,304110,extracted,,https://www.mois.go.kr/cmm/fms/FileDown.do?atchFileId=FILE_00138217PsSvhmv&fileSn=0,1416
1550,119930,2,250822 (조간) 태평양지역 강제동원 희생자 유해 한미가 힘을 합쳐 끝까지 찾는다(과거사관련업무지원단 대일항쟁기강제동원피해지원과).pdf,,,deferred,,https://www.mois.go.kr/cmm/fms/FileDown.do?atchFileId=FILE_00138217PsSvhmv&fileSn=1,
1551,119929,1,250822 (조간) 주민 삶의 질 높이기 위한 자치단체 공직 활력 제고 본격 추진(지방인사제도과).hwpx,hwpx,204409,extracted,,https://www.mois.go.kr/cmm/fms/FileDown.do?atchFileId=FILE_00138216eUJnXqs&fileSn=0,796
1551,119929,2,250822 (조간) 주민 삶의 질 높이기 위한 자치단체 공직 활력 제고 본격 추진(지방인사제도과).pdf,,,deferred,,https://www.mois.go.kr/cmm/fms/FileDown.do?atchFileId=FILE_00138216eUJnXqs&fileSn=1,
1552,119945,1,250821 (10시) 강릉 지역 가뭄 극복을 위해 관계기관 총력 대응(기후재난관리과).hwpx,hwpx,140333,extracted,,https://www.mois.go.kr/cmm/fms/FileDown.do?atchFileId=FILE_00138187cpOpXpz&fileSn=0,1110
1552,119945,2,250821 (10시) 강릉 지역 가뭄 극복을 위해 관계기관 총력 대응(기후재난관리과).pdf,,,deferred,,https://www.mois.go.kr/cmm/fms/FileDown.do?atchFileId=FILE_00138187cpOpXpz&fileSn=1,
1553,119913,1,250821 (조간) 벌들의 활동이 왕성해지는 시기 쏘임 주의!(예방안전제도과).hwpx,hwpx,359640,extracted,,https://www.mois.go.kr/cmm/fms/FileDown.do?atchFileId=FILE_001381431jebOF0&fileSn=0,1467
1553,119913,2,250821 (조간) 벌들의 활동이 왕성해지는 시기 쏘임 주의!(예방안전제도과).pdf,,,deferred,,https://www.mois.go.kr/cmm/fms/FileDown.do?atchFileId=FILE_001381431jebOF0&fileSn=1,
1554,119891,1,250820 (15시) 폭발물 택배 테러에도 안전한 정부서울청사 365일 안전 이상 무!(정부청사관리본부 서울청사관리소).hwpx,hwpx,11886060,extracted,,https://www.mois.go.kr/cmm/fms/FileDown.do?atchFileId=FILE_00138183INo34tL&fileSn=0,2076
1554,119891,2,250820 (15시) 폭발물 택배 테러에도 안전한 정부서울청사 365일 안전 이상 무!(정부청사관리본부 서울청사관리소).pdf,,,deferred,,https://www.mois.go.kr/cmm/fms/FileDown.do?atchFileId=FILE_00138183INo34tL&fileSn=1,
1555,119890,1,250820 (조간) 8월 20일 공습 대비 민방위 훈련 전국 실시(민방위과).hwpx,hwpx,305486,extracted,,https://www.mois.go.kr/cmm/fms/FileDown.do?atchFileId=FILE_00138182ITdfPf4&fileSn=0,1959
1555,119890,2,250820 (조간) 8월 20일 공습 대비 민방위 훈련 전국 실시(민방위과).pdf,,,deferred,,https://www.mois.go.kr/cmm/fms/FileDown.do?atchFileId=FILE_00138182ITdfPf4&fileSn=1,
1556,119848,1,250819 (조간) 불법 선정성 광고물 자동경고발신으로 차단한다(주소생활공간과).hwp,hwp,374784,extracted,,https://www.mois.go.kr/cmm/fms/FileDown.do?atchFileId=FILE_001381086Gu2yu7&fileSn=0,2836
1556,119848,2,250819 (조간) 불법 선정성 광고물 자동경고발신으로 차단한다(주소생활공간과).pdf,,,deferred,,https://www.mois.go.kr/cmm/fms/FileDown.do?atchFileId=FILE_001381086Gu2yu7&fileSn=1,
1557,119854,1,250818 (조간) 피해 회복과 방재성능 강화에 중점을 둔 7월 호우 피해 복구 본격화(복구지원과).hwpx,hwpx,244040,extracted,,https://www.mois.go.kr/cmm/fms/FileDown.do?atchFileId=FILE_00138095cmnSkVs&fileSn=0,8155
1557,119854,2,250818 (조간) 피해 회복과 방재성능 강화에 중점을 둔 7월 호우 피해 복구 본격화(복구지원과).pdf,,,deferred,,https://www.mois.go.kr/cmm/fms/FileDown.do?atchFileId=FILE_00138095cmnSkVs&fileSn=1,
1558,119833,1,250818 (조간) 을지연습 8월 18일부터 21일까지 전국 실시(비상대비훈련과).hwpx,hwpx,302301,extracted,,https://www.mois.go.kr/cmm/fms/FileDown.do?atchFileId=FILE_00138127eMdFb9o&fileSn=0,1513
1558,119833,2,250818 (조간) 을지연습 8월 18일부터 21일까지 전국 실시(비상대비훈련과).pdf,,,deferred,,https://www.mois.go.kr/cmm/fms/FileDown.do?atchFileId=FILE_00138127eMdFb9o&fileSn=1,
1559,119787,1,250815 (15시) 국민주권 대축제 행사 인파사고 안전관리 강화(사회재난대응총괄과).hwpx,hwpx,184954,extracted,,https://www.mois.go.kr/cmm/fms/FileDown.do?atchFileId=FILE_00138068MvcQKTD&fileSn=0,1193
1559,119787,2,250815 (15시) 국민주권 대축제 행사 인파사고 안전관리 강화(사회재난대응총괄과).pdf,,,deferred,,https://www.mois.go.kr/cmm/fms/FileDown.do?atchFileId=FILE_00138068MvcQKTD&fileSn=1,
1560,119802,1,250813 (즉시) 중대본 2단계 격상 및 윤호중 중대본부장 긴급지시(자연재난대응과).hwpx,hwpx,739627,extracted,,https://www.mois.go.kr/cmm/fms/FileDown.do?atchFileId=FILE_001381013jz4NDr&fileSn=0,1055
1560,119802,2,250813 (즉시) 중대본 2단계 격상 및 윤호중 중대본부장 긴급지시(자연재난대응과).pdf,,,deferred,,https://www.mois.go.kr/cmm/fms/FileDown.do?atchFileId=FILE_001381013jz4NDr&fileSn=1,
1561,119785,1,[보도자료] 250813 (★브리핑시작시) 국민주권 대축제 및 제21대 대통령 국민임명식 개최(의정담당관).hwpx,hwpx,302835,extracted,,https://www.mois.go.kr/cmm/fms/FileDown.do?atchFileId=FILE_00138048a4qyJRQ&fileSn=0,2755
1561,119785,2,[보도자료] 250813 (★브리핑시작시) 국민주권 대축제 및 제21대 대통령 국민임명식 개최(의정담당관).pdf,,,deferred,,https://www.mois.go.kr/cmm/fms/FileDown.do?atchFileId=FILE_00138048a4qyJRQ&fileSn=1,
1562,119777,1,[보도자료] 250813 (★브리핑시작시) 제80주년 광복절 경축식 개최(의정담당관).hwpx,hwpx,302950,extracted,,https://www.mois.go.kr/cmm/fms/FileDown.do?atchFileId=FILE_001380642kubjmA&fileSn=0,1962
1562,119777,2,[보도자료] 250813 (★브리핑시작시) 제80주년 광복절 경축식 개최(의정담당관).pdf,,,deferred,,https://www.mois.go.kr/cmm/fms/FileDown.do?atchFileId=FILE_001380642kubjmA&fileSn=1,
1563,119766,1,250814 (14시30분) 우키시마호 명부분석 경과 보고회 개최(과거사관련업무지원단).hwpx,hwpx,1778155,extracted,,https://www.mois.go.kr/cmm/fms/FileDown.do?atchFileId=FILE_001380208cGidFq&fileSn=0,6534
1563,119766,2,250814 (14시30분) 우키시마호 명부분석 경과 보고회 개최(과거사관련업무지원단).pdf,,,deferred,,https://www.mois.go.kr/cmm/fms/FileDown.do?atchFileId=FILE_001380208cGidFq&fileSn=1,
1564,119768,1,250814 (14시) 민간 생성형 AI 서비스 간편하게 구매해 정부 업무에도 사용한다(국가정보자원관리원 클라우드협력팀).hwpx,hwpx,254732,extracted,,https://www.mois.go.kr/cmm/fms/FileDown.do?atchFileId=FILE_00138062SHQZwG3&fileSn=0,2075
1564,119768,2,250814 (14시) 민간 생성형 AI 서비스 간편하게 구매해 정부 업무에도 사용한다(국가정보자원관리원 클라우드협력팀).pdf,,,deferred,,https://www.mois.go.kr/cmm/fms/FileDown.do?atchFileId=FILE_00138062SHQZwG3&fileSn=1,
1565,119767,1,240814 (조간) 국내 재난안전기업 베트남시장 판로개척 본격화(재난안전산업과).hwpx,hwpx,4135038,extracted,,https://www.mois.go.kr/cmm/fms/FileDown.do?atchFileId=FILE_00138061ZSHc9dN&fileSn=0,3637
1565,119767,2,240814 (조간) 국내 재난안전기업 베트남시장 판로개척 본격화(재난안전산업과).pdf,,,deferred,,https://www.mois.go.kr/cmm/fms/FileDown.do?atchFileId=FILE_00138061ZSHc9dN&fileSn=1,
1566,119771,1,250813 (즉시) 수도권 중심 호우 특보 중앙재난안전대책본부 가동(자연재난대응과).hwpx,hwpx,645982,extracted,,https://www.mois.go.kr/cmm/fms/FileDown.do?atchFileId=FILE_00138071e1Szhpt&fileSn=0,702
1566,119771,2,250813 (즉시) 수도권 중심 호우 특보 중앙재난안전대책본부 가동(자연재난대응과).pdf,,,deferred,,https://www.mois.go.kr/cmm/fms/FileDown.do?atchFileId=FILE_00138071e1Szhpt&fileSn=1,
1567,119749,1,250812 (17시) 정체전선에 의한 수도권 집중호우 관계기관 대비 상황 점검(자연재난대응과).hwpx,hwpx,641875,extracted,,https://www.mois.go.kr/cmm/fms/FileDown.do?atchFileId=FILE_00138017AFIIVXq&fileSn=0,1165
1567,119749,2,250812 (17시) 정체전선에 의한 수도권 집중호우 관계기관 대비 상황 점검(자연재난대응과).pdf,,,deferred,,https://www.mois.go.kr/cmm/fms/FileDown.do?atchFileId=FILE_00138017AFIIVXq&fileSn=1,
1568,119743,1,250812 (14시30분) 강릉 지역 가뭄 극복을 위한 범정부 협업 체계 가동(기후재난관리과).hwpx,hwpx,204243,extracted,,https://www.mois.go.kr/cmm/fms/FileDown.do?atchFileId=FILE_00138015aBWPB6b&fileSn=0,1008
1568,119743,2,250812 (14시30분) 강릉 지역 가뭄 극복을 위한 범정부 협업 체계 가동(기후재난관리과).pdf,,,deferred,,https://www.mois.go.kr/cmm/fms/FileDown.do?atchFileId=FILE_00138015aBWPB6b&fileSn=1,
1569,119720,1,250813 (조간) 2024년도 지방공기업 결산결과 발표(지방공공기관관리과).hwpx,hwpx,317145,extracted,,https://www.mois.go.kr/cmm/fms/FileDown.do?atchFileId=FILE_00138007JK3Qb6b&fileSn=0,4188
1569,119720,2,250813 (조간) 2024년도 지방공기업 결산결과 발표(지방공공기관관리과).pdf,,,deferred,,https://www.mois.go.kr/cmm/fms/FileDown.do?atchFileId=FILE_00138007JK3Qb6b&fileSn=1,
1570,119719,1,250813 (조간) ‘한국장학재단 가구원 정보제공 동의’ 서비스 민간 앱으로 이용하세요!(공공서비스혁신과).hwpx,hwpx,846243,extracted,,https://www.mois.go.kr/cmm/fms/FileDown.do?atchFileId=FILE_00138006neNNC9L&fileSn=0,1532
1570,119719,2,250813 (조간) ‘한국장학재단 가구원 정보제공 동의’ 서비스 민간 앱으로 이용하세요!(공공서비스혁신과).pdf,,,deferred,,https://www.mois.go.kr/cmm/fms/FileDown.do?atchFileId=FILE_00138006neNNC9L&fileSn=1,
1571,119718,1,250811 (17시10분) 윤호중 행정안전부 장관 민생회복 소비쿠폰 찾아가는 신청 현장 방문(재정정책과).hwpx,hwpx,277381,extracted,,https://www.mois.go.kr/cmm/fms/FileDown.do?atchFileId=FILE_00138005Ui_u45V&fileSn=0,1133
1571,119718,2,250811 (17시10분) 윤호중 행정안전부 장관 민생회복 소비쿠폰 찾아가는 신청 현장 방문(재정정책과).pdf,,,deferred,,https://www.mois.go.kr/cmm/fms/FileDown.do?atchFileId=FILE_00138005Ui_u45V&fileSn=1,
1572,119681,1,250812 (조간) 8월 가뭄 예 경보 발표(기후재난관리과).hwpx,hwpx,23611451,extracted,,https://www.mois.go.kr/cmm/fms/FileDown.do?atchFileId=FILE_00137977v18ZeXg&fileSn=0,9128
1572,119681,2,250812 (조간) 8월 가뭄 예 경보 발표(기후재난관리과).pdf,,,deferred,,https://www.mois.go.kr/cmm/fms/FileDown.do?atchFileId=FILE_00137977v18ZeXg&fileSn=1,
1573,119680,1,250811 (조간) 피서지 바가지요금 OUT! 생활물가 안정 ON!(지역경제과).hwpx,hwpx,307175,extracted,,https://www.mois.go.kr/cmm/fms/FileDown.do?atchFileId=FILE_00137937lsGWjj-&fileSn=0,1659
1573,119680,2,250811 (조간) 피서지 바가지요금 OUT! 생활물가 안정 ON!(지역경제과).pdf,,,deferred,,https://www.mois.go.kr/cmm/fms/FileDown.do?atchFileId=FILE_00137937lsGWjj-&fileSn=1,
1574,119679,1,250809 (11시50분) 전남 완도·해남에서 지역 소비진작 및 마을공동체 활성화 현장 방문(자치행정과).hwpx,hwpx,216860,extracted,,https://www.mois.go.kr/cmm/fms/FileDown.do?atchFileId=FILE_00137936gnCXIUG&fileSn=0,1598
1574,119679,2,250809 (11시50분) 전남 완도·해남에서 지역 소비진작 및 마을공동체 활성화 현장 방문(자치행정과).pdf,,,deferred,,https://www.mois.go.kr/cmm/fms/FileDown.do?atchFileId=FILE_00137936gnCXIUG&fileSn=1,
1575,119670,1,250808 (15시) 8.9∼10일 호우 대비 긴급점검회의 개최(자연재난대응과).hwpx,hwpx,739736,extracted,,https://www.mois.go.kr/cmm/fms/FileDown.do?atchFileId=FILE_00137966O4IXPxD&fileSn=0,918
1575,119670,2,250808 (15시) 8.9∼10일 호우 대비 긴급점검회의 개최(자연재난대응과).pdf,,,deferred,,https://www.mois.go.kr/cmm/fms/FileDown.do?atchFileId=FILE_00137966O4IXPxD&fileSn=1,
1576,119636,1,250808 (참고) 2025년 상반기 지방세 수입 동향(지방세정책과).hwpx,hwpx,312488,extracted,,https://www.mois.go.kr/cmm/fms/FileDown.do?atchFileId=FILE_001378950ANGPva&fileSn=0,1364
1576,119636,2,250808 (참고) 2025년 상반기 지방세 수입 동향(지방세정책과).pdf,,,deferred,,https://www.mois.go.kr/cmm/fms/FileDown.do?atchFileId=FILE_001378950ANGPva&fileSn=1,
1577,119642,1,250807 (즉시) 호우 피해지역 재난특교세 지원(재난관리정책과).hwpx,hwpx,204021,extracted,,https://www.mois.go.kr/cmm/fms/FileDown.do?atchFileId=FILE_00137932MNSqKDp&fileSn=0,706
1577,119642,2,250807 (즉시) 호우 피해지역 재난특교세 지원(재난관리정책과).pdf,,,deferred,,https://www.mois.go.kr/cmm/fms/FileDown.do?atchFileId=FILE_00137932MNSqKDp&fileSn=1,
1578,119603,1,250808 (조간) 백중사리 앞두고 해안침수 예방 방안 함께 모색한다(국립재난안전연구원 지진방재센터).hwpx,hwpx,300320,extracted,,https://www.mois.go.kr/cmm/fms/FileDown.do?atchFileId=FILE_00137902ZKgodyU&fileSn=0,1061
1578,119603,2,250808 (조간) 백중사리 앞두고 해안침수 예방 방안 함께 모색한다(국립재난안전연구원 지진방재센터).pdf,,,deferred,,https://www.mois.go.kr/cmm/fms/FileDown.do?atchFileId=FILE_00137902ZKgodyU&fileSn=1,
1579,119602,1,250808 (조간) 안부전화 하기 슬로건 및 홍보 콘텐츠 공모전 우수작 발표(기후재난관리과).hwpx,hwpx,10236192,extracted,,https://www.mois.go.kr/cmm/fms/FileDown.do?atchFileId=FILE_00137901iknw_9T&fileSn=0,1934
1579,119602,2,250808 (조간) 안부전화 하기 슬로건 및 홍보 콘텐츠 공모전 우수작 발표(기후재난관리과).pdf,,,deferred,,https://www.mois.go.kr/cmm/fms/FileDown.do?atchFileId=FILE_00137901iknw_9T&fileSn=1,
1580,119601,1,250808 (조간) 치유의 섬 완도에서 만나는 특별한 여름! 8월 8일 ‘제6회 섬의 날’ 기념식 개최(균형발전진흥과).hwpx,hwpx,2339377,extracted,,https://www.mois.go.kr/cmm/fms/FileDown.do?atchFileId=FILE_00137880TrwQ1ns&fileSn=0,2120
1580,119601,2,250808 (조간) 치유의 섬 완도에서 만나는 특별한 여름! 8월 8일 ‘제6회 섬의 날’ 기념식 개최(균형발전진흥과).pdf,,,deferred,,https://www.mois.go.kr/cmm/fms/FileDown.do?atchFileId=FILE_00137880TrwQ1ns&fileSn=1,
1581,119631,1,250807 (10시40분) 「민생회복 소비쿠폰」 지급 이후 음식점 마트 의류·잡화 중심으로 매출 크게 증가(재정정책과).hwpx,hwpx,297753,extracted,,https://www.mois.go.kr/cmm/fms/FileDown.do?atchFileId=FILE_00137894xFGELqI&fileSn=0,2323
1581,119631,2,250807 (10시40분) 「민생회복 소비쿠폰」 지급 이후 음식점 마트 의류·잡화 중심으로 매출 크게 증가(재정정책과).pdf,,,deferred,,https://www.mois.go.kr/cmm/fms/FileDown.do?atchFileId=FILE_00137894xFGELqI&fileSn=1,
1582,119596,1,250807 (10시30분) 광복 80주년 「대한민국 국가상징 디자인 공모전」 시상식 개최(의정담당관).hwpx,hwpx,230141,extracted,,https://www.mois.go.kr/cmm/fms/FileDown.do?atchFileId=FILE_00137896Dg5sH_c&fileSn=0,2664
1582,119596,2,250807 (10시30분) 광복 80주년 「대한민국 국가상징 디자인 공모전」 시상식 개최(의정담당관).pdf,,,deferred,,https://www.mois.go.kr/cmm/fms/FileDown.do?atchFileId=FILE_00137896Dg5sH_c&fileSn=1,
1583,119606,1,250806 (즉시) 7.16.~20일 호우 피해 특별재난지역 추가 선포(복구지원과).hwpx,hwpx,182177,extracted,,https://www.mois.go.kr/cmm/fms/FileDown.do?atchFileId=FILE_00137893LCBnrHU&fileSn=0,4639
1583,119606,2,250806 (즉시) 7.16.~20일 호우 피해 특별재난지역 추가 선포(복구지원과).pdf,,,deferred,,https://www.mois.go.kr/cmm/fms/FileDown.do?atchFileId=FILE_00137893LCBnrHU&fileSn=1,
1584,119594,1,250806 (15시30분) 김광용 재난안전관리본부장 전남 지역 집중호우 피해 현장 점검(재난관리정책과).hwpx,hwpx,143081,extracted,,https://www.mois.go.kr/cmm/fms/FileDown.do?atchFileId=FILE_00137869uqGf6iG&fileSn=0,841
1584,119594,2,250806 (15시30분) 김광용 재난안전관리본부장 전남 지역 집중호우 피해 현장 점검(재난관리정책과).pdf,,,deferred,,https://www.mois.go.kr/cmm/fms/FileDown.do?atchFileId=FILE_00137869uqGf6iG&fileSn=1,
1585,119568,1,250807 (14시) 현장수요 중심 지진방재 전문가 양성 추진(지진방재정책과).hwpx,hwpx,306674,extracted,,https://www.mois.go.kr/cmm/fms/FileDown.do?atchFileId=FILE_001378735zpgU84&fileSn=0,1978
1585,119568,2,250807 (14시) 현장수요 중심 지진방재 전문가 양성 추진(지진방재정책과).pdf,,,deferred,,https://www.mois.go.kr/cmm/fms/FileDown.do?atchFileId=FILE_001378735zpgU84&fileSn=1,
1586,119567,1,250807 (조간) 2025년(’24년 실적) 지방공기업 경영평가 결과(지방공기업정책과).hwpx,hwpx,343693,extracted,,https://www.mois.go.kr/cmm/fms/FileDown.do?atchFileId=FILE_00137875enh9YpO&fileSn=0,8176
1586,119567,2,250807 (조간) 2025년(’24년 실적) 지방공기업 경영평가 결과(지방공기업정책과).pdf,,,deferred,,https://www.mois.go.kr/cmm/fms/FileDown.do?atchFileId=FILE_00137875enh9YpO&fileSn=1,
1587,119566,1,250807 (조간) 「K-디지털정부」의 해외진출에 기여할 글로벌 청년 인재 현장중심 교육으로 육성(국제디지털협력과).hwpx,hwpx,111011,extracted,,https://www.mois.go.kr/cmm/fms/FileDown.do?atchFileId=FILE_001378719RgzLbe&fileSn=0,2597
1587,119566,2,250807 (조간) 「K-디지털정부」의 해외진출에 기여할 글로벌 청년 인재 현장중심 교육으로 육성(국제디지털협력과).pdf,,,deferred,,https://www.mois.go.kr/cmm/fms/FileDown.do?atchFileId=FILE_001378719RgzLbe&fileSn=1,
1588,119630,1,250806 (10시10분) 여름철 전력수급 위기 대비 현장점검(국토산업재난대응과).hwpx,hwpx,299411,extracted,,https://www.mois.go.kr/cmm/fms/FileDown.do?atchFileId=FILE_00137931ektIvZZ&fileSn=0,871
1588,119630,2,250806 (10시10분) 여름철 전력수급 위기 대비 현장점검(국토산업재난대응과).pdf,,,deferred,,https://www.mois.go.kr/cmm/fms/FileDown.do?atchFileId=FILE_00137931ektIvZZ&fileSn=1,
1589,119571,1,250805 (즉시) 새벽부터 많은 비 중앙재난안전대책본부장 긴급 지시(자연재난대응과).hwpx,hwpx,683618,extracted,,https://www.mois.go.kr/cmm/fms/FileDown.do?atchFileId=FILE_00137874AC99Nle&fileSn=0,607
1589,119571,2,250805 (즉시) 새벽부터 많은 비 중앙재난안전대책본부장 긴급 지시(자연재난대응과).pdf,,,deferred,,https://www.mois.go.kr/cmm/fms/FileDown.do?atchFileId=FILE_00137874AC99Nle&fileSn=1,
1590,119569,1,250805 (즉시) 2025년 을지연습 8월 18일부터 21일까지 새로운 안보 위협에 대비한 실전적 연습(비상대비훈련과).hwpx,hwpx,188094,extracted,,https://www.mois.go.kr/cmm/fms/FileDown.do?atchFileId=FILE_00137864tn1FjUG&fileSn=0,1705
1590,119569,2,250805 (즉시) 2025년 을지연습 8월 18일부터 21일까지 새로운 안보 위협에 대비한 실전적 연습(비상대비훈련과).pdf,,,deferred,,https://www.mois.go.kr/cmm/fms/FileDown.do?atchFileId=FILE_00137864tn1FjUG&fileSn=1,
1591,119527,1,250806 (조간) 여름방학 집에서 놀며 배운다! 온 가족을 위한 온라인 교육 콘텐츠 3선(혁신기획과).hwpx,hwpx,322860,extracted,,https://www.mois.go.kr/cmm/fms/FileDown.do?atchFileId=FILE_001377595AlYp9g&fileSn=0,2702
1591,119527,2,250806 (조간) 여름방학 집에서 놀며 배운다! 온 가족을 위한 온라인 교육 콘텐츠 3선(혁신기획과).pdf,,,deferred,,https://www.mois.go.kr/cmm/fms/FileDown.do?atchFileId=FILE_001377595AlYp9g&fileSn=1,
1592,119521,1,250804 (★국회의결 시) 지역사랑상품권 발행 국가지원 의무화’ 지역사랑상품권법 개정안 국회 통과(지역경제과).hwpx,hwpx,304499,extracted,,https://www.mois.go.kr/cmm/fms/FileDown.do?atchFileId=FILE_00137758nHE6BvH&fileSn=0,3643
1592,119521,2,250804 (★국회의결 시) 지역사랑상품권 발행 국가지원 의무화’ 지역사랑상품권법 개정안 국회 통과(지역경제과).pdf,,,deferred,,https://www.mois.go.kr/cmm/fms/FileDown.do?atchFileId=FILE_00137758nHE6BvH&fileSn=1,
1593,119504,1,250804 (13시) 윤호중 행정안전부 장관 이태원참사 현장 및 별들의 집 방문(10·29이태원참사피해구제추모지원단).hwpx,hwpx,231851,extracted,,https://www.mois.go.kr/cmm/fms/FileDown.do?atchFileId=FILE_00137748-mgcoaH&fileSn=0,1004
1593,119504,2,250804 (13시) 윤호중 행정안전부 장관 이태원참사 현장 및 별들의 집 방문(10·29이태원참사피해구제추모지원단).pdf,,,deferred,,https://www.mois.go.kr/cmm/fms/FileDown.do?atchFileId=FILE_00137748-mgcoaH&fileSn=1,
1594,119507,1,250805 (조간) 전국에서 이어지는 희망의 발걸음 수해복구에 앞장서는 자원봉사자들(민간협력과).hwpx,hwp,1254400,extracted,,https://www.mois.go.kr/cmm/fms/FileDown.do?atchFileId=FILE_001377578K1kvXQ&fileSn=0,1760
1594,119507,2,250805 (조간) 전국에서 이어지는 희망의 발걸음 수해복구에 앞장서는 자원봉사자들(민간협력과).pdf,,,deferred,,https://www.mois.go.kr/cmm/fms/FileDown.do?atchFileId=FILE_001377578K1kvXQ&fileSn=1,
1595,119466,1,250805 (조간) ‘공유재산 총조사’ 실시로 체계적 재산관리 기반 마련 계기(공유재산정책과).hwpx,hwpx,1203954,extracted,,https://www.mois.go.kr/cmm/fms/FileDown.do?atchFileId=FILE_001377633DcN6fo&fileSn=0,1864
1595,119466,2,250805 (조간) ‘공유재산 총조사’ 실시로 체계적 재산관리 기반 마련 계기(공유재산정책과).pdf,,,deferred,,https://www.mois.go.kr/cmm/fms/FileDown.do?atchFileId=FILE_001377633DcN6fo&fileSn=1,
1596,119457,1,250804 (9시30분) 고구마의 달콤함을 품은 고창으로 지역 상생의 맛있는 여정(기업협력지원과).hwpx,hwpx,300240,extracted,,https://www.mois.go.kr/cmm/fms/FileDown.do?atchFileId=FILE_00137650XpyefsX&fileSn=0,1747
1596,119457,2,250804 (9시30분) 고구마의 달콤함을 품은 고창으로 지역 상생의 맛있는 여정(기업협력지원과).pdf,,,deferred,,https://www.mois.go.kr/cmm/fms/FileDown.do?atchFileId=FILE_00137650XpyefsX&fileSn=1,
1597,119463,1,250804 (조간) 제3회 재난안전데이터 활용 창업경진대회 결과 발표(재난안전데이터과).hwpx,hwpx,243298,extracted,,https://www.mois.go.kr/cmm/fms/FileDown.do?atchFileId=FILE_001377422OBQDmc&fileSn=0,2149
1597,119463,2,250804 (조간) 제3회 재난안전데이터 활용 창업경진대회 결과 발표(재난안전데이터과).pdf,,,deferred,,https://www.mois.go.kr/cmm/fms/FileDown.do?atchFileId=FILE_001377422OBQDmc&fileSn=1,
1598,119456,1,250804 (조간) 경찰국 폐지를 위한 직제 등 개정 추진(성과관리담당관).hwpx,hwpx,304534,extracted,,https://www.mois.go.kr/cmm/fms/FileDown.do?atchFileId=FILE_00137649hwNR1Cm&fileSn=0,692
1598,119456,2,250804 (조간) 경찰국 폐지를 위한 직제 등 개정 추진(성과관리담당관).pdf,,,deferred,,https://www.mois.go.kr/cmm/fms/FileDown.do?atchFileId=FILE_00137649hwNR1Cm&fileSn=1,
1599,119500,1,250803 (즉시) 광주. 전남·북. 울산 호우 경보 중앙재난안전대책본부 2단계 가동(자연재난대응과).hwpx,hwpx,704240,extracted,,https://www.mois.go.kr/cmm/fms/FileDown.do?atchFileId=FILE_00137747PbYUgZR&fileSn=0,875
1599,119500,2,250803 (즉시) 광주. 전남·북. 울산 호우 경보 중앙재난안전대책본부 2단계 가동(자연재난대응과).pdf,,,deferred,,https://www.mois.go.kr/cmm/fms/FileDown.do?atchFileId=FILE_00137747PbYUgZR&fileSn=1,
1600,119471,1,250803 (즉시) 전라·충청권 호우 특보 중앙재난안전대책본부 가동(자연재난대응과).hwpx,hwpx,688824,extracted,,https://www.mois.go.kr/cmm/fms/FileDown.do?atchFileId=FILE_00137755ghbj0jV&fileSn=0,722
1600,119471,2,250803 (즉시) 전라·충청권 호우 특보 중앙재난안전대책본부 가동(자연재난대응과).pdf,,,deferred,,https://www.mois.go.kr/cmm/fms/FileDown.do?atchFileId=FILE_00137755ghbj0jV&fileSn=1,
1601,119470,1,250803 (17시) 윤호중 행정안전부 장관 8.3~7일 호우 대비 긴급점검회의 개최(자연재난대응과).hwpx,hwpx,776059,extracted,,https://www.mois.go.kr/cmm/fms/FileDown.do?atchFileId=FILE_00137754Aojenrl&fileSn=0,1006
1601,119470,2,250803 (17시) 윤호중 행정안전부 장관 8.3~7일 호우 대비 긴급점검회의 개최(자연재난대응과).pdf,,,deferred,,https://www.mois.go.kr/cmm/fms/FileDown.do?atchFileId=FILE_00137754Aojenrl&fileSn=1,
1602,119469,1,250802 (17시) 8.3~7일 호우 대비 기관별 대책 긴급점검(자연재난대응과).hwpx,hwpx,671325,extracted,,https://www.mois.go.kr/cmm/fms/FileDown.do?atchFileId=FILE_00137753pFQ4Dya&fileSn=0,964
1602,119469,2,250802 (17시) 8.3~7일 호우 대비 기관별 대책 긴급점검(자연재난대응과).pdf,,,deferred,,https://www.mois.go.kr/cmm/fms/FileDown.do?atchFileId=FILE_00137753pFQ4Dya&fileSn=1,
1603,119455,1,250801 (16시) 김광용 재난안전관리본부장 폭염 대비 전북 지역 현장점검(기후재난관리과).hwpx,hwpx,279581,extracted,,https://www.mois.go.kr/cmm/fms/FileDown.do?atchFileId=FILE_00137741wkIry--&fileSn=0,920
1603,119455,2,250801 (16시) 김광용 재난안전관리본부장 폭염 대비 전북 지역 현장점검(기후재난관리과).pdf,,,deferred,,https://www.mois.go.kr/cmm/fms/FileDown.do?atchFileId=FILE_00137741wkIry--&fileSn=1,
1604,119454,1,250801 (15시) 윤호중 행정안전부 장관 경기 가평군 호우 피해복구 및 여름철 안전관리 현장점검(자치행정과).hwpx,hwpx,187351,extracted,,https://www.mois.go.kr/cmm/fms/FileDown.do?atchFileId=FILE_00137720wSEM0lR&fileSn=0,1685
1604,119454,2,250801 (15시) 윤호중 행정안전부 장관 경기 가평군 호우 피해복구 및 여름철 안전관리 현장점검(자치행정과).pdf,,,deferred,,https://www.mois.go.kr/cmm/fms/FileDown.do?atchFileId=FILE_00137720wSEM0lR&fileSn=1,
1605,119438,1,250731 (보도참고자료) 민생회복 소비쿠폰 7월 31일 13시 기준 국민 10명 중 9명 신청(재정정책과).hwpx,hwpx,298339,extracted,,https://www.mois.go.kr/cmm/fms/FileDown.do?atchFileId=FILE_00137718d481LX-&fileSn=0,1586
1605,119438,2,250731 (보도참고자료) 민생회복 소비쿠폰 7월 31일 13시 기준 국민 10명 중 9명 신청(재정정책과).pdf,,,deferred,,https://www.mois.go.kr/cmm/fms/FileDown.do?atchFileId=FILE_00137718d481LX-&fileSn=1,
1606,119420,1,250801 (조간) AI가 보이스피싱 사기 대본 분석하고 키워드 추출해 범죄조직 잡는다(국립과학수사연구원 디지털과).hwpx,hwpx,6246630,extracted,,https://www.mois.go.kr/cmm/fms/FileDown.do?atchFileId=FILE_00137699_NjxrmZ&fileSn=0,1875
1606,119420,2,250801 (조간) AI가 보이스피싱 사기 대본 분석하고 키워드 추출해 범죄조직 잡는다(국립과학수사연구원 디지털과).pdf,,,deferred,,https://www.mois.go.kr/cmm/fms/FileDown.do?atchFileId=FILE_00137699_NjxrmZ&fileSn=1,
1607,119419,1,250801 (조간) 지방보조사업 업무가 궁금하면 보탬e에서 실시간으로 상담하세요(지방재정보조금정보과).hwpx,hwpx,663254,extracted,,https://www.mois.go.kr/cmm/fms/FileDown.do?atchFileId=FILE_00137698MVuWf_K&fileSn=0,2106
1607,119419,2,250801 (조간) 지방보조사업 업무가 궁금하면 보탬e에서 실시간으로 상담하세요(지방재정보조금정보과).pdf,,,deferred,,https://www.mois.go.kr/cmm/fms/FileDown.do?atchFileId=FILE_00137698MVuWf_K&fileSn=1,
1608,119416,1,250731 (석간) 광복의 감동 기록으로 다시 만나다 광복 80년 기념 기록사랑 공모전 개최(국가기록원 서비스정책과).hwpx,hwpx,1307407,extracted,,https://www.mois.go.kr/cmm/fms/FileDown.do?atchFileId=FILE_00137695JK8XBZy&fileSn=0,1218
1608,119416,2,250731 (석간) 광복의 감동 기록으로 다시 만나다 광복 80년 기념 기록사랑 공모전 개최(국가기록원 서비스정책과).pdf,,,deferred,,https://www.mois.go.kr/cmm/fms/FileDown.do?atchFileId=FILE_00137695JK8XBZy&fileSn=1,
1609,119417,1,250731 (참고) 광주지역 지방의회 맞춤형 연수 실시(지방자치인재개발원 지방의정연수센터).hwpx,hwpx,307770,extracted,,https://www.mois.go.kr/cmm/fms/FileDown.do?atchFileId=FILE_00137696VFozEdz&fileSn=0,2362
1609,119417,2,250731 (참고) 광주지역 지방의회 맞춤형 연수 실시(지방자치인재개발원 지방의정연수센터).pdf,,,deferred,,https://www.mois.go.kr/cmm/fms/FileDown.do?atchFileId=FILE_00137696VFozEdz&fileSn=1,
1610,119401,1,250731 (18시) 하천·계곡 구역 내 불법 점용시설 단속을 통해 국민 불편 해소와 안전을 함께 챙긴다(재난경감과).hwpx,hwpx,247810,extracted,,https://www.mois.go.kr/cmm/fms/FileDown.do?atchFileId=FILE_00137683kqUqm1a&fileSn=0,1788
1610,119401,2,250731 (18시) 하천·계곡 구역 내 불법 점용시설 단속을 통해 국민 불편 해소와 안전을 함께 챙긴다(재난경감과).pdf,,,deferred,,https://www.mois.go.kr/cmm/fms/FileDown.do?atchFileId=FILE_00137683kqUqm1a&fileSn=1,
1611,119403,1,250730 (즉시) 7.16.~20. 호우 피해지역 재난대책비 복구계획수립 전 246.2억원 우선 교부(복구지원과).hwpx,hwpx,163591,extracted,,https://www.mois.go.kr/cmm/fms/FileDown.do?atchFileId=FILE_001376858NjfEIF&fileSn=0,842
1611,119403,2,250730 (즉시) 7.16.~20. 호우 피해지역 재난대책비 복구계획수립 전 246.2억원 우선 교부(복구지원과).pdf,,,deferred,,https://www.mois.go.kr/cmm/fms/FileDown.do?atchFileId=FILE_001376858NjfEIF&fileSn=1,
1612,119389,1,250731 (조간) 여름휴가 물놀이사고 폭염 식중독 특히 조심!(예방안전제도과).hwpx,hwpx,768130,extracted,,https://www.mois.go.kr/cmm/fms/FileDown.do?atchFileId=FILE_00137691wdUgtkC&fileSn=0,2195
1612,119389,2,250731 (조간) 여름휴가 물놀이사고 폭염 식중독 특히 조심!(예방안전제도과).pdf,,,deferred,,https://www.mois.go.kr/cmm/fms/FileDown.do?atchFileId=FILE_00137691wdUgtkC&fileSn=1,
1613,119388,1,250731 (조간) 자동차 폐차 의뢰 시 인감증명서 안 내도 된다(주민과).hwpx,hwpx,254060,extracted,,https://www.mois.go.kr/cmm/fms/FileDown.do?atchFileId=FILE_001376803pelluL&fileSn=0,3181
1613,119388,2,250731 (조간) 자동차 폐차 의뢰 시 인감증명서 안 내도 된다(주민과).pdf,,,deferred,,https://www.mois.go.kr/cmm/fms/FileDown.do?atchFileId=FILE_001376803pelluL&fileSn=1,
1614,119387,1,250731 (조간) 딥페이크 막는 AI 범죄 수사 새 길 연다(공공지능데이터분석과).hwpx,hwpx,249541,extracted,,https://www.mois.go.kr/cmm/fms/FileDown.do?atchFileId=FILE_00137679AiBj9_K&fileSn=0,2940
1614,119387,2,250731 (조간) 딥페이크 막는 AI 범죄 수사 새 길 연다(공공지능데이터분석과).pdf,,,deferred,,https://www.mois.go.kr/cmm/fms/FileDown.do?atchFileId=FILE_00137679AiBj9_K&fileSn=1,
1615,119382,1,250730 (10시30분) 세계로 나가는 인천공항에서 광복 80년 기념 태극기 달기 캠페인 열어(의정담당관).hwpx,hwpx,499467,extracted,,https://www.mois.go.kr/cmm/fms/FileDown.do?atchFileId=FILE_00137676HP1eElP&fileSn=0,1486
1615,119382,2,250730 (10시30분) 세계로 나가는 인천공항에서 광복 80년 기념 태극기 달기 캠페인 열어(의정담당관).pdf,,,deferred,,https://www.mois.go.kr/cmm/fms/FileDown.do?atchFileId=FILE_00137676HP1eElP&fileSn=1,
1616,119381,1,250730 (석간) 청년의 목소리로 지방자치를 외치다! 지방자치 청년정책 경진대회 개최(자치분권제도과).hwpx,hwpx,265215,extracted,,https://www.mois.go.kr/cmm/fms/FileDown.do?atchFileId=FILE_00137675Xjrn7Xp&fileSn=0,2403
1616,119381,2,250730 (석간) 청년의 목소리로 지방자치를 외치다! 지방자치 청년정책 경진대회 개최(자치분권제도과).pdf,,,deferred,,https://www.mois.go.kr/cmm/fms/FileDown.do?atchFileId=FILE_00137675Xjrn7Xp&fileSn=1,
1617,119390,1,250729 (즉시) 휴가철 물놀이 사고 기본수칙 준수로 막을 수 있습니다(재난안전점검과).hwpx,hwpx,614798,extracted,,https://www.mois.go.kr/cmm/fms/FileDown.do?atchFileId=FILE_00137667u-2w9y9&fileSn=0,1743
1617,119390,2,250729 (즉시) 휴가철 물놀이 사고 기본수칙 준수로 막을 수 있습니다(재난안전점검과).pdf,,,deferred,,https://www.mois.go.kr/cmm/fms/FileDown.do?atchFileId=FILE_00137667u-2w9y9&fileSn=1,
1618,119380,1,250729 (보도참고자료) ｢민생회복 소비쿠폰｣ 가맹점 민간 지도 앱에서 확인할 수 있습니다(공공서비스혁신과).hwpx,hwpx,1197132,extracted,,https://www.mois.go.kr/cmm/fms/FileDown.do?atchFileId=FILE_00137674ueasVvC&fileSn=0,761
1618,119380,2,250729 (보도참고자료) ｢민생회복 소비쿠폰｣ 가맹점 민간 지도 앱에서 확인할 수 있습니다(공공서비스혁신과).pdf,,,deferred,,https://www.mois.go.kr/cmm/fms/FileDown.do?atchFileId=FILE_00137674ueasVvC&fileSn=1,
1619,119353,1,250730 (조간) 2025년도 국민 안전교육 실태점검 결과 9개 우수기관 선정(안전문화교육과).hwpx,hwpx,235712,extracted,,https://www.mois.go.kr/cmm/fms/FileDown.do?atchFileId=FILE_00137654Ax6q5LU&fileSn=0,1324
1619,119353,2,250730 (조간) 2025년도 국민 안전교육 실태점검 결과 9개 우수기관 선정(안전문화교육과).pdf,,,deferred,,https://www.mois.go.kr/cmm/fms/FileDown.do?atchFileId=FILE_00137654Ax6q5LU&fileSn=1,
1620,119352,1,250730 (조간) 국제 재난협력 확대를 위한 APEC 재난분야 회의 개최(재난안전APEC지원단).hwpx,hwpx,249353,extracted,,https://www.mois.go.kr/cmm/fms/FileDown.do?atchFileId=FILE_00137653lrbYivM&fileSn=0,3136
1620,119352,2,250730 (조간) 국제 재난협력 확대를 위한 APEC 재난분야 회의 개최(재난안전APEC지원단).pdf,,,deferred,,https://www.mois.go.kr/cmm/fms/FileDown.do?atchFileId=FILE_00137653lrbYivM&fileSn=1,
1621,119351,1,250730 (조간) 공공데이터로 기업 연구·개발 지원 국가중점데이터 본격 개방 착수(공공지능데이터정책과).hwpx,hwpx,240440,extracted,,https://www.mois.go.kr/cmm/fms/FileDown.do?atchFileId=FILE_00137652We18bnJ&fileSn=0,2129
1621,119351,2,250730 (조간) 공공데이터로 기업 연구·개발 지원 국가중점데이터 본격 개방 착수(공공지능데이터정책과).pdf,,,deferred,,https://www.mois.go.kr/cmm/fms/FileDown.do?atchFileId=FILE_00137652We18bnJ&fileSn=1,
1622,119319,1,250729 (16시) 행정안전부 민생회복 소비쿠폰 집행 및 지방소멸 대응 현장 점검(자치행정과).hwp,hwp,273920,extracted,,https://www.mois.go.kr/cmm/fms/FileDown.do?atchFileId=FILE_00137567Xv3U47A&fileSn=0,1211
1622,119319,2,250729 (16시) 행정안전부 민생회복 소비쿠폰 집행 및 지방소멸 대응 현장 점검(자치행정과).pdf,,,deferred,,https://www.mois.go.kr/cmm/fms/FileDown.do?atchFileId=FILE_00137567Xv3U47A&fileSn=1,
1623,119318,1,250729 (조간) 디지털 관광주민증 민간 앱으로 이용하세요!(공공서비스혁신과).hwpx,hwpx,788871,extracted,,https://www.mois.go.kr/cmm/fms/FileDown.do?atchFileId=FILE_00137599ZHMCOXC&fileSn=0,1526
1623,119318,2,250729 (조간) 디지털 관광주민증 민간 앱으로 이용하세요!(공공서비스혁신과).pdf,,,deferred,,https://www.mois.go.kr/cmm/fms/FileDown.do?atchFileId=FILE_00137599ZHMCOXC&fileSn=1,
1624,119348,1,250728 (즉시) 국민주권 드높이는 광복 80주년 기념행사(의정담당관).hwpx,hwpx,239109,extracted,,https://www.mois.go.kr/cmm/fms/FileDown.do?atchFileId=FILE_001375501RphD94&fileSn=0,1809
1624,119348,2,250728 (즉시) 국민주권 드높이는 광복 80주년 기념행사(의정담당관).pdf,,,deferred,,https://www.mois.go.kr/cmm/fms/FileDown.do?atchFileId=FILE_001375501RphD94&fileSn=1,
1625,119349,1,250728 (즉시) 민생회복 소비쿠폰 신청 첫 주 78.4% 신청 7조 1200억원 지급(재정정책과).hwpx,hwpx,304449,extracted,,https://www.mois.go.kr/cmm/fms/FileDown.do?atchFileId=FILE_00137651IYBYa6p&fileSn=0,6131
1625,119349,2,250728 (즉시) 민생회복 소비쿠폰 신청 첫 주 78.4% 신청 7조 1200억원 지급(재정정책과).pdf,,,deferred,,https://www.mois.go.kr/cmm/fms/FileDown.do?atchFileId=FILE_00137651IYBYa6p&fileSn=1,
1626,119334,1,250728 (09시) 폭염 재난 대응을 위한 중앙재난안전대책본부 회의 개최(기후재난관리과).hwpx,hwpx,249459,extracted,,https://www.mois.go.kr/cmm/fms/FileDown.do?atchFileId=FILE_00137609IKgqbrD&fileSn=0,1123
1626,119334,2,250728 (09시) 폭염 재난 대응을 위한 중앙재난안전대책본부 회의 개최(기후재난관리과).pdf,,,deferred,,https://www.mois.go.kr/cmm/fms/FileDown.do?atchFileId=FILE_00137609IKgqbrD&fileSn=1,
1627,119309,1,250728 (조간) 화재 원인 AI로 원격 감정한다(국립과학수사연구원 안전과).hwp,hwp,3752960,extracted,,https://www.mois.go.kr/cmm/fms/FileDown.do?atchFileId=FILE_00137566kAAixPA&fileSn=0,1304
1627,119309,2,250728 (조간) 화재 원인 AI로 원격 감정한다(국립과학수사연구원 안전과).pdf,,,deferred,,https://www.mois.go.kr/cmm/fms/FileDown.do?atchFileId=FILE_00137566kAAixPA&fileSn=1,
1628,119314,1,250726 (10시30분) 행정안전부 재난안전관리본부장 충남 호우 피해 현장 점검(수습지원과).hwpx,hwpx,147258,extracted,,https://www.mois.go.kr/cmm/fms/FileDown.do?atchFileId=FILE_001375652j5X5GM&fileSn=0,835
1628,119314,2,250726 (10시30분) 행정안전부 재난안전관리본부장 충남 호우 피해 현장 점검(수습지원과).pdf,,,deferred,,https://www.mois.go.kr/cmm/fms/FileDown.do?atchFileId=FILE_001375652j5X5GM&fileSn=1,
1629,119322,1,250726 (보도참고자료) 민생회복 소비쿠폰 신청 현황(7.25. 24시 기준).hwpx,hwpx,298540,extracted,,https://www.mois.go.kr/cmm/fms/FileDown.do?atchFileId=FILE_00137600NdeXSHW&fileSn=0,1624
1629,119322,2,250726 (보도참고자료) 민생회복 소비쿠폰 신청 현황(7.25. 24시 기준).pdf,,,deferred,,https://www.mois.go.kr/cmm/fms/FileDown.do?atchFileId=FILE_00137600NdeXSHW&fileSn=1,
1630,119316,1,250725 (즉시) 민생회복 소비쿠폰 담당 공무원 시간외근무수당 상한 확대한다(재정정책과).hwpx,hwpx,290092,extracted,,https://www.mois.go.kr/cmm/fms/FileDown.do?atchFileId=FILE_00137597JJg4qXJ&fileSn=0,856
1630,119316,2,250725 (즉시) 민생회복 소비쿠폰 담당 공무원 시간외근무수당 상한 확대한다(재정정책과).pdf,,,deferred,,https://www.mois.go.kr/cmm/fms/FileDown.do?atchFileId=FILE_00137597JJg4qXJ&fileSn=1,
1631,119299,1,250725 (즉시) 호우 피해지역 이재민 구호 지원 강화(재난구호과).hwpx,hwpx,144972,extracted,,https://www.mois.go.kr/cmm/fms/FileDown.do?atchFileId=FILE_00137563QcBT8gv&fileSn=0,798
1631,119299,2,250725 (즉시) 호우 피해지역 이재민 구호 지원 강화(재난구호과).pdf,,,deferred,,https://www.mois.go.kr/cmm/fms/FileDown.do?atchFileId=FILE_00137563QcBT8gv&fileSn=1,
1632,119298,1,250725 (즉시) 전국 대부분 지역 폭염특보 발효 중앙재난안전대책본부 가동(기후재난관리과).hwpx,hwpx,231265,extracted,,https://www.mois.go.kr/cmm/fms/FileDown.do?atchFileId=FILE_00137562zdDzmxr&fileSn=0,1068
1632,119298,2,250725 (즉시) 전국 대부분 지역 폭염특보 발효 중앙재난안전대책본부 가동(기후재난관리과).pdf,,,deferred,,https://www.mois.go.kr/cmm/fms/FileDown.do?atchFileId=FILE_00137562zdDzmxr&fileSn=1,
1633,119267,1,250726 (조간) 여름축제 다중운집 안전관리 실태 합동 점검(농축산해양재난대응과).hwpx,hwpx,237087,extracted,,https://www.mois.go.kr/cmm/fms/FileDown.do?atchFileId=FILE_00137479ThSRg-b&fileSn=0,1217
1633,119267,2,250726 (조간) 여름축제 다중운집 안전관리 실태 합동 점검(농축산해양재난대응과).pdf,,,deferred,,https://www.mois.go.kr/cmm/fms/FileDown.do?atchFileId=FILE_00137479ThSRg-b&fileSn=1,
1634,119266,1,250726 (조간) 공공데이터 확보 어려운 기업 위해 정부가 해결사로 나선다!(공공지능데이터정책과).hwpx,hwpx,8718945,extracted,,https://www.mois.go.kr/cmm/fms/FileDown.do?atchFileId=FILE_00137608OE0HuQx&fileSn=0,1232
1634,119266,2,250726 (조간) 공공데이터 확보 어려운 기업 위해 정부가 해결사로 나선다!(공공지능데이터정책과).pdf,,,deferred,,https://www.mois.go.kr/cmm/fms/FileDown.do?atchFileId=FILE_00137608OE0HuQx&fileSn=1,
1635,119283,1,250725 (보도참고자료) 민생회복 소비쿠폰 신청 현황(7.24. 24시 기준).hwpx,hwpx,299564,extracted,,https://www.mois.go.kr/cmm/fms/FileDown.do?atchFileId=FILE_00137590O7ssaCs&fileSn=0,1587
1635,119283,2,250725 (보도참고자료) 민생회복 소비쿠폰 신청 현황(7.24. 24시 기준).pdf,,,deferred,,https://www.mois.go.kr/cmm/fms/FileDown.do?atchFileId=FILE_00137590O7ssaCs&fileSn=1,
1636,119256,1,250724 (16시) 폭염 대응 민관 협력 상황 집중점검(재난자원관리과).hwpx,hwpx,179373,extracted,,https://www.mois.go.kr/cmm/fms/FileDown.do?atchFileId=FILE_001374505EpOE0L&fileSn=0,913
1636,119256,2,250724 (16시) 폭염 대응 민관 협력 상황 집중점검(재난자원관리과).pdf,,,deferred,,https://www.mois.go.kr/cmm/fms/FileDown.do?atchFileId=FILE_001374505EpOE0L&fileSn=1,
1637,119255,1,250724 (16시) 호우 피해 신속 복구를 위한 범정부 복구대책지원본부 회의 개최(복구지원과).hwpx,hwpx,189803,extracted,,https://www.mois.go.kr/cmm/fms/FileDown.do?atchFileId=FILE_00137449VUuJ3ih&fileSn=0,838
1637,119255,2,250724 (16시) 호우 피해 신속 복구를 위한 범정부 복구대책지원본부 회의 개최(복구지원과).pdf,,,deferred,,https://www.mois.go.kr/cmm/fms/FileDown.do?atchFileId=FILE_00137449VUuJ3ih&fileSn=1,
1638,119254,1,250724 (14시30분) 윤호중 행정안전부 장관 민생회복 소비쿠폰 현장 방문(재정정책과).hwpx,hwpx,279275,extracted,,https://www.mois.go.kr/cmm/fms/FileDown.do?atchFileId=FILE_00137477FtiOMdW&fileSn=0,1504
1638,119254,2,250724 (14시30분) 윤호중 행정안전부 장관 민생회복 소비쿠폰 현장 방문(재정정책과).pdf,,,deferred,,https://www.mois.go.kr/cmm/fms/FileDown.do?atchFileId=FILE_00137477FtiOMdW&fileSn=1,
1639,119215,1,250725 (조간) 여름방학 동안 온 가족이 함께 재난안전을 체험해 보세요(국가재난안전교육원 민방위비상대비교육과).hwpx,hwpx,1679139,extracted,,https://www.mois.go.kr/cmm/fms/FileDown.do?atchFileId=FILE_001374750agVuL_&fileSn=0,2210
1639,119215,2,250725 (조간) 여름방학 동안 온 가족이 함께 재난안전을 체험해 보세요(국가재난안전교육원 민방위비상대비교육과).pdf,,,deferred,,https://www.mois.go.kr/cmm/fms/FileDown.do?atchFileId=FILE_001374750agVuL_&fileSn=1,
1640,119246,1,250724 (즉시) 호우 피해지역 재난특교세 3차 지원(재난관리정책과).hwpx,hwpx,180303,extracted,,https://www.mois.go.kr/cmm/fms/FileDown.do?atchFileId=FILE_00137448JxKaixe&fileSn=0,635
1640,119246,2,250724 (즉시) 호우 피해지역 재난특교세 3차 지원(재난관리정책과).pdf,,,deferred,,https://www.mois.go.kr/cmm/fms/FileDown.do?atchFileId=FILE_00137448JxKaixe&fileSn=1,
1641,119245,1,250724 (10시10분) 재난은 줄이고 민생엔 활력 중앙-지방 협력으로 국민의 행복과 안전을 지키는 대한민국을 만든다(자치행정과).hwpx,hwpx,245433,extracted,,https://www.mois.go.kr/cmm/fms/FileDown.do?atchFileId=FILE_00137476OFTdtDg&fileSn=0,2299
1641,119245,2,250724 (10시10분) 재난은 줄이고 민생엔 활력 중앙-지방 협력으로 국민의 행복과 안전을 지키는 대한민국을 만든다(자치행정과).pdf,,,deferred,,https://www.mois.go.kr/cmm/fms/FileDown.do?atchFileId=FILE_00137476OFTdtDg&fileSn=1,
1642,119242,1,250724 (보도참고자료) 민생회복 소비쿠폰 신청 현황(7.23. 24시 기준).hwpx,hwpx,303949,extracted,,https://www.mois.go.kr/cmm/fms/FileDown.do?atchFileId=FILE_00137490rFRYgtq&fileSn=0,1552
1642,119242,2,250724 (보도참고자료) 민생회복 소비쿠폰 신청 현황(7.23. 24시 기준).pdf,,,deferred,,https://www.mois.go.kr/cmm/fms/FileDown.do?atchFileId=FILE_00137490rFRYgtq&fileSn=1,
1643,119178,1,250724 (17시) 야외 활동 폭염 대책 추진 상황 점검(기후재난관리과).hwpx,hwpx,256528,extracted,,https://www.mois.go.kr/cmm/fms/FileDown.do?atchFileId=FILE_00137473Vlp6a66&fileSn=0,1158
1643,119178,2,250724 (17시) 야외 활동 폭염 대책 추진 상황 점검(기후재난관리과).pdf,,,deferred,,https://www.mois.go.kr/cmm/fms/FileDown.do?atchFileId=FILE_00137473Vlp6a66&fileSn=1,
1644,119177,1,250724 (16시) Hello AI 나는 모바일 신분증(디지털보안정책과).hwp,hwp,8132096,extracted,,https://www.mois.go.kr/cmm/fms/FileDown.do?atchFileId=FILE_00137485zaHqqwk&fileSn=0,3164
1644,119177,2,250724 (16시) Hello AI 나는 모바일 신분증(디지털보안정책과).pdf,,,deferred,,https://www.mois.go.kr/cmm/fms/FileDown.do?atchFileId=FILE_00137485zaHqqwk&fileSn=1,
1645,119210,1,250723 (즉시) 5만 마을기업인의 15년의 기다림 마을기업법 제정안 국회 통과(기업협력지원과).hwpx,hwpx,245901,extracted,,https://www.mois.go.kr/cmm/fms/FileDown.do?atchFileId=FILE_00137474VHDoeqV&fileSn=0,2182
1645,119210,2,250723 (즉시) 5만 마을기업인의 15년의 기다림 마을기업법 제정안 국회 통과(기업협력지원과).pdf,,,deferred,,https://www.mois.go.kr/cmm/fms/FileDown.do?atchFileId=FILE_00137474VHDoeqV&fileSn=1,
1646,119183,1,250724 (조간) 어린이와 함께 보고 느끼고 공감하는 안전의 모든 것 2025 어린이 안전박람회 개막!(안전문화교육과).hwpx,hwpx,250573,extracted,,https://www.mois.go.kr/cmm/fms/FileDown.do?atchFileId=FILE_00137486-O48r1W&fileSn=0,2481
1646,119183,2,250724 (조간) 어린이와 함께 보고 느끼고 공감하는 안전의 모든 것 2025 어린이 안전박람회 개막!(안전문화교육과).pdf,,,deferred,,https://www.mois.go.kr/cmm/fms/FileDown.do?atchFileId=FILE_00137486-O48r1W&fileSn=1,
1647,119202,1,250723 (보도참고자료) 민생회복 소비쿠폰 신청 현황(7.22. 24시 기준).hwpx,hwpx,305042,extracted,,https://www.mois.go.kr/cmm/fms/FileDown.do?atchFileId=FILE_001374880hYZJwR&fileSn=0,1506
1647,119202,2,250723 (보도참고자료) 민생회복 소비쿠폰 신청 현황(7.22. 24시 기준).pdf,,,deferred,,https://www.mois.go.kr/cmm/fms/FileDown.do?atchFileId=FILE_001374880hYZJwR&fileSn=1,
1648,119199,1,250723 (즉시) 고향사랑기부로 호우피해지역의 조속한 일상회복에 동참해주세요(균형발전진흥과).hwpx,hwpx,237590,extracted,,https://www.mois.go.kr/cmm/fms/FileDown.do?atchFileId=FILE_00137487s57P8VG&fileSn=0,1604
1648,119199,2,250723 (즉시) 고향사랑기부로 호우피해지역의 조속한 일상회복에 동참해주세요(균형발전진흥과).pdf,,,deferred,,https://www.mois.go.kr/cmm/fms/FileDown.do?atchFileId=FILE_00137487s57P8VG&fileSn=1,
1649,119182,1,250722 (즉시) 7.16.~20. 호우 피해 6개 시·군 특별재난지역 우선 선포(복구지원과).hwpx,hwpx,145659,extracted,,https://www.mois.go.kr/cmm/fms/FileDown.do?atchFileId=FILE_001374452nUeeq-&fileSn=0,4278
1649,119182,2,250722 (즉시) 7.16.~20. 호우 피해 6개 시·군 특별재난지역 우선 선포(복구지원과).pdf,,,deferred,,https://www.mois.go.kr/cmm/fms/FileDown.do?atchFileId=FILE_001374452nUeeq-&fileSn=1,
1650,119163,1,250721 (보도참고자료) 민생회복 소비쿠폰 부정유통 관리 강화한다(재정정책과).hwpx,hwpx,329119,extracted,,https://www.mois.go.kr/cmm/fms/FileDown.do?atchFileId=FILE_00137464pIDKMHW&fileSn=0,1482
1650,119163,2,250721 (보도참고자료) 민생회복 소비쿠폰 부정유통 관리 강화한다(재정정책과).pdf,,,deferred,,https://www.mois.go.kr/cmm/fms/FileDown.do?atchFileId=FILE_00137464pIDKMHW&fileSn=1,
1651,119160,1,250722 (보도참고자료) 민생회복 소비쿠폰 신청 현황(7.21. 24시 기준).hwpx,hwpx,295881,extracted,,https://www.mois.go.kr/cmm/fms/FileDown.do?atchFileId=FILE_00137463j8JQqBw&fileSn=0,1498
1651,119160,2,250722 (보도참고자료) 민생회복 소비쿠폰 신청 현황(7.21. 24시 기준).pdf,,,deferred,,https://www.mois.go.kr/cmm/fms/FileDown.do?atchFileId=FILE_00137463j8JQqBw&fileSn=1,
1652,119139,1,250721 (즉시) 7.16~20 호우 피해 수습을 위한 ‘피해자 통합지원센터’ 운영(수습관리과).hwpx,hwpx,148795,extracted,,https://www.mois.go.kr/cmm/fms/FileDown.do?atchFileId=FILE_00137433Rp2WL8h&fileSn=0,1789
1652,119139,2,250721 (즉시) 7.16~20 호우 피해 수습을 위한 ‘피해자 통합지원센터’ 운영(수습관리과).pdf,,,deferred,,https://www.mois.go.kr/cmm/fms/FileDown.do?atchFileId=FILE_00137433Rp2WL8h&fileSn=1,
1653,119137,1,250721 (즉시) 호우 피해지역 재난특교세 추가 지원(재난관리정책과).hwpx,hwpx,85253,extracted,,https://www.mois.go.kr/cmm/fms/FileDown.do?atchFileId=FILE_00137431GhcgsEY&fileSn=0,689
1653,119137,2,250721 (즉시) 호우 피해지역 재난특교세 추가 지원(재난관리정책과).pdf,,,deferred,,https://www.mois.go.kr/cmm/fms/FileDown.do?atchFileId=FILE_00137431GhcgsEY&fileSn=1,
1654,119125,1,250721 (즉시) 민생회복 소비쿠폰 관련 시스템 운영상황 현장점검(디지털정부기획과).hwpx,hwpx,290107,extracted,,https://www.mois.go.kr/cmm/fms/FileDown.do?atchFileId=FILE_00137422Qzb5xaS&fileSn=0,828
1654,119125,2,250721 (즉시) 민생회복 소비쿠폰 관련 시스템 운영상황 현장점검(디지털정부기획과).pdf,,,deferred,,https://www.mois.go.kr/cmm/fms/FileDown.do?atchFileId=FILE_00137422Qzb5xaS&fileSn=1,
1655,119124,1,250721 (즉시) 집중호우 지역주민의 일상 복귀 위해 피해복구 총력 지원(재정정책과).hwpx,hwpx,283221,extracted,,https://www.mois.go.kr/cmm/fms/FileDown.do?atchFileId=FILE_00137421r6Uvqwc&fileSn=0,2313
1655,119124,2,250721 (즉시) 집중호우 지역주민의 일상 복귀 위해 피해복구 총력 지원(재정정책과).pdf,,,deferred,,https://www.mois.go.kr/cmm/fms/FileDown.do?atchFileId=FILE_00137421r6Uvqwc&fileSn=1,
1656,119065,1,250722 (조간) 물놀이 사망 7월 하순에 최다 안전수칙 지키며 안전하게 물놀이 즐겨요!(예방안전제도과).hwpx,hwpx,529766,extracted,,https://www.mois.go.kr/cmm/fms/FileDown.do?atchFileId=FILE_00137324Y2VRzgc&fileSn=0,1445
1656,119065,2,250722 (조간) 물놀이 사망 7월 하순에 최다 안전수칙 지키며 안전하게 물놀이 즐겨요!(예방안전제도과).pdf,,,deferred,,https://www.mois.go.kr/cmm/fms/FileDown.do?atchFileId=FILE_00137324Y2VRzgc&fileSn=1,
1657,119064,1,250721 (조간) 7월 21일부터 주민등록 사실조사에 참여해 주세요(주민과).hwpx,hwpx,4654871,extracted,,https://www.mois.go.kr/cmm/fms/FileDown.do?atchFileId=FILE_001373232a9Cq19&fileSn=0,2445
1657,119064,2,250721 (조간) 7월 21일부터 주민등록 사실조사에 참여해 주세요(주민과).pdf,,,deferred,,https://www.mois.go.kr/cmm/fms/FileDown.do?atchFileId=FILE_001373232a9Cq19&fileSn=1,
1658,119063,1,250721 (조간) 민생회복 소비쿠폰 1차 지급 신청 개시(재정정책과).hwpx,hwpx,269547,extracted,,https://www.mois.go.kr/cmm/fms/FileDown.do?atchFileId=FILE_00137322Ch9Mw2o&fileSn=0,5794
1658,119063,2,250721 (조간) 민생회복 소비쿠폰 1차 지급 신청 개시(재정정책과).pdf,,,deferred,,https://www.mois.go.kr/cmm/fms/FileDown.do?atchFileId=FILE_00137322Ch9Mw2o&fileSn=1,
1659,119129,1,250720(즉시) 호우 피해지역 가전제품 무상수리팀 운영(복구지원과).hwpx,hwpx,4580796,extracted,,https://www.mois.go.kr/cmm/fms/FileDown.do?atchFileId=FILE_00137424CP2IV42&fileSn=0,997
1659,119129,2,250720(즉시) 호우 피해지역 가전제품 무상수리팀 운영(복구지원과).pdf,,,deferred,,https://www.mois.go.kr/cmm/fms/FileDown.do?atchFileId=FILE_00137424CP2IV42&fileSn=1,
1660,119127,1,250720 (즉시) 중앙재난안전대책본부장 이재민 구호 응급복구에 총력을 다할 것 지시(자연재난대응과).hwpx,hwpx,85645,extracted,,https://www.mois.go.kr/cmm/fms/FileDown.do?atchFileId=FILE_00137423RufgyGm&fileSn=0,545
1660,119127,2,250720 (즉시) 중앙재난안전대책본부장 이재민 구호 응급복구에 총력을 다할 것 지시(자연재난대응과).pdf,,,deferred,,https://www.mois.go.kr/cmm/fms/FileDown.do?atchFileId=FILE_00137423RufgyGm&fileSn=1,
1661,119079,1,250720 (즉시) 윤호중 신임 행정안전부 장관 임명 즉시 집중호우 상황 살펴(기획재정담당관).hwpx,hwpx,141953,extracted,,https://www.mois.go.kr/cmm/fms/FileDown.do?atchFileId=FILE_00137288d0a4poZ&fileSn=0,1893
1661,119079,2,250720 (즉시) 윤호중 신임 행정안전부 장관 임명 즉시 집중호우 상황 살펴(기획재정담당관).pdf,,,deferred,,https://www.mois.go.kr/cmm/fms/FileDown.do?atchFileId=FILE_00137288d0a4poZ&fileSn=1,
1662,119073,1,250719 (즉시) 중앙재난안전대책본부장 산사태 위험급증에 따른 긴급 지시(자연재난대응과).hwpx,hwpx,78836,extracted,,https://www.mois.go.kr/cmm/fms/FileDown.do?atchFileId=FILE_00137287DFP66dm&fileSn=0,431
1662,119073,2,250719 (즉시) 중앙재난안전대책본부장 산사태 위험급증에 따른 긴급 지시(자연재난대응과).pdf,,,deferred,,https://www.mois.go.kr/cmm/fms/FileDown.do?atchFileId=FILE_00137287DFP66dm&fileSn=1,
1663,119040,1,250717 (즉시) 경기 광명시 아파트 화재 관련 긴급 지시(국토산업재난대응과).hwpx,hwpx,74745,extracted,,https://www.mois.go.kr/cmm/fms/FileDown.do?atchFileId=FILE_00137220BXtUWhD&fileSn=0,392
1663,119040,2,250717 (즉시) 경기 광명시 아파트 화재 관련 긴급 지시(국토산업재난대응과).pdf,,,deferred,,https://www.mois.go.kr/cmm/fms/FileDown.do?atchFileId=FILE_00137220BXtUWhD&fileSn=1,
1664,119037,1,250717 (즉시) 호우 피해지역 재난특교세 긴급 지원(재난관리정책과).hwpx,hwpx,83433,extracted,,https://www.mois.go.kr/cmm/fms/FileDown.do?atchFileId=FILE_00137219-KkMi3w&fileSn=0,636
1664,119037,2,250717 (즉시) 호우 피해지역 재난특교세 긴급 지원(재난관리정책과).pdf,,,deferred,,https://www.mois.go.kr/cmm/fms/FileDown.do?atchFileId=FILE_00137219-KkMi3w&fileSn=1,
1665,119030,1,250717 (즉시) 집중호우 대응을 위한 중앙재난안전대책본부회의 개최(자연재난대응과).hwpx,hwpx,137871,extracted,,https://www.mois.go.kr/cmm/fms/FileDown.do?atchFileId=FILE_001372177uQWELr&fileSn=0,1055
1665,119030,2,250717 (즉시) 집중호우 대응을 위한 중앙재난안전대책본부회의 개최(자연재난대응과).pdf,,,deferred,,https://www.mois.go.kr/cmm/fms/FileDown.do?atchFileId=FILE_001372177uQWELr&fileSn=1,
1666,119023,1,250716 (보도참고자료) 민생회복 소비쿠폰에 대한 온라인 가짜뉴스 등에 대하여 설명드립니다(재정정책과).hwpx,hwpx,178291,extracted,,https://www.mois.go.kr/cmm/fms/FileDown.do?atchFileId=FILE_00137271FvPI13Q&fileSn=0,1185
1666,119023,2,250716 (보도참고자료) 민생회복 소비쿠폰에 대한 온라인 가짜뉴스 등에 대하여 설명드립니다(재정정책과).pdf,,,deferred,,https://www.mois.go.kr/cmm/fms/FileDown.do?atchFileId=FILE_00137271FvPI13Q&fileSn=1,
1667,119020,1,250717 (즉시) 민생회복 소비쿠폰 신청 편의를 위해 주민등록표 등.초본 수수료를 면제합니다(주민과).hwpx,hwpx,242630,extracted,,https://www.mois.go.kr/cmm/fms/FileDown.do?atchFileId=FILE_00137270PhtIBcQ&fileSn=0,773
1667,119020,2,250717 (즉시) 민생회복 소비쿠폰 신청 편의를 위해 주민등록표 등.초본 수수료를 면제합니다(주민과).pdf,,,deferred,,https://www.mois.go.kr/cmm/fms/FileDown.do?atchFileId=FILE_00137270PhtIBcQ&fileSn=1,
1668,118999,1,250717 (즉시) 중앙재난안전대책본부장 집중호우 대처상황 긴급 점검(자연재난대응과).hwpx,hwpx,91930,extracted,,https://www.mois.go.kr/cmm/fms/FileDown.do?atchFileId=FILE_00137214XFAArZp&fileSn=0,879
1668,118999,2,250717 (즉시) 중앙재난안전대책본부장 집중호우 대처상황 긴급 점검(자연재난대응과).pdf,,,deferred,,https://www.mois.go.kr/cmm/fms/FileDown.do?atchFileId=FILE_00137214XFAArZp&fileSn=1,
1669,118997,1,250717 (즉시) 경기남부 충청지역 호우경보 중앙재난안전대책본부 2단계 가동(자연재난대응과).hwpx,hwpx,624690,extracted,,https://www.mois.go.kr/cmm/fms/FileDown.do?atchFileId=FILE_00137251qbKfJ0K&fileSn=0,928
1669,118997,2,250717 (즉시) 경기남부 충청지역 호우경보 중앙재난안전대책본부 2단계 가동(자연재난대응과).pdf,,,deferred,,https://www.mois.go.kr/cmm/fms/FileDown.do?atchFileId=FILE_00137251qbKfJ0K&fileSn=1,
1670,118994,1,250716 (즉시) 중앙재난안전대책본부장 집중호우 관련 긴급 지시(자연재난대응과).hwpx,hwpx,85616,extracted,,https://www.mois.go.kr/cmm/fms/FileDown.do?atchFileId=FILE_001372131neOFdf&fileSn=0,576
1670,118994,2,250716 (즉시) 중앙재난안전대책본부장 집중호우 관련 긴급 지시(자연재난대응과).pdf,,,deferred,,https://www.mois.go.kr/cmm/fms/FileDown.do?atchFileId=FILE_001372131neOFdf&fileSn=1,
1671,118988,1,250716 (즉시) 중부지방을 중심으로 많은 비 중앙재난안전대책본부 가동(자연재난대응과).hwpx,hwpx,622545,extracted,,https://www.mois.go.kr/cmm/fms/FileDown.do?atchFileId=FILE_001372004AbkKMo&fileSn=0,1149
1671,118988,2,250716 (즉시) 중부지방을 중심으로 많은 비 중앙재난안전대책본부 가동(자연재난대응과).pdf,,,deferred,,https://www.mois.go.kr/cmm/fms/FileDown.do?atchFileId=FILE_001372004AbkKMo&fileSn=1,
1672,118966,1,250717 (15시) 민생회복 소비쿠폰 지자체도 준비 착착(교부세과).hwpx,hwpx,235345,extracted,,https://www.mois.go.kr/cmm/fms/FileDown.do?atchFileId=FILE_00137199yhYrbBc&fileSn=0,1333
1672,118966,2,250717 (15시) 민생회복 소비쿠폰 지자체도 준비 착착(교부세과).pdf,,,deferred,,https://www.mois.go.kr/cmm/fms/FileDown.do?atchFileId=FILE_00137199yhYrbBc&fileSn=1,
1673,118965,1,250717 (조간) 고향사랑기부로 불어넣은 지역활력 2025년 상반기 모금결과 공개(균형발전진흥과).hwpx,hwpx,2945777,extracted,,https://www.mois.go.kr/cmm/fms/FileDown.do?atchFileId=FILE_00137198AbJ0zHb&fileSn=0,2993
1673,118965,2,250717 (조간) 고향사랑기부로 불어넣은 지역활력 2025년 상반기 모금결과 공개(균형발전진흥과).pdf,,,deferred,,https://www.mois.go.kr/cmm/fms/FileDown.do?atchFileId=FILE_00137198AbJ0zHb&fileSn=1,
1674,118951,1,250716 (16시) 민생회복 소비쿠폰의 차질 없는 지급을 위해 국비 8조 1000억 원 신속 교부(재정정책과).hwpx,hwpx,255403,extracted,,https://www.mois.go.kr/cmm/fms/FileDown.do?atchFileId=FILE_00137193FpAjt6y&fileSn=0,6918
1674,118951,2,250716 (16시) 민생회복 소비쿠폰의 차질 없는 지급을 위해 국비 8조 1000억 원 신속 교부(재정정책과).pdf,,,deferred,,https://www.mois.go.kr/cmm/fms/FileDown.do?atchFileId=FILE_00137193FpAjt6y&fileSn=1,
1675,118957,1,250715 (15시30분) 연이은 집중호우 대비 수해 방지 대책 긴급점검(자연재난대응과).hwpx,hwpx,621760,extracted,,https://www.mois.go.kr/cmm/fms/FileDown.do?atchFileId=FILE_00137189M_m2Anj&fileSn=0,1356
1675,118957,2,250715 (15시30분) 연이은 집중호우 대비 수해 방지 대책 긴급점검(자연재난대응과).pdf,,,deferred,,https://www.mois.go.kr/cmm/fms/FileDown.do?atchFileId=FILE_00137189M_m2Anj&fileSn=1,
1676,118949,1,250716 (14시) 폭염 대비 쉼터 운영 상황 점검(기후재난관리과).hwpx,hwpx,100954,extracted,,https://www.mois.go.kr/cmm/fms/FileDown.do?atchFileId=FILE_00137186O_j5V0t&fileSn=0,988
1676,118949,2,250716 (14시) 폭염 대비 쉼터 운영 상황 점검(기후재난관리과).pdf,,,deferred,,https://www.mois.go.kr/cmm/fms/FileDown.do?atchFileId=FILE_00137186O_j5V0t&fileSn=1,
1677,118948,1,250716 (13시30분) 민·관 협력 신속대응팀 가동으로 폭염에 총력 대응한다(재난자원관리과).hwpx,hwpx,245847,extracted,,https://www.mois.go.kr/cmm/fms/FileDown.do?atchFileId=FILE_00137185fuPgqNL&fileSn=0,2665
1677,118948,2,250716 (13시30분) 민·관 협력 신속대응팀 가동으로 폭염에 총력 대응한다(재난자원관리과).pdf,,,deferred,,https://www.mois.go.kr/cmm/fms/FileDown.do?atchFileId=FILE_00137185fuPgqNL&fileSn=1,
1678,118950,1,250716 (국무회의종료시) 임신공무원 하루 2시간 모성보호시간 사용 보장(지방인사제도과).hwpx,hwpx,236182,extracted,,https://www.mois.go.kr/cmm/fms/FileDown.do?atchFileId=FILE_00137195Rdkhq2u&fileSn=0,1811
1678,118950,2,250716 (국무회의종료시) 임신공무원 하루 2시간 모성보호시간 사용 보장(지방인사제도과).pdf,,,deferred,,https://www.mois.go.kr/cmm/fms/FileDown.do?atchFileId=FILE_00137195Rdkhq2u&fileSn=1,
1679,118937,1,250716 (조간) 새마을금고 금융사고 근절 위해 7월 21일부터 특별점검 실시(지역금융지원과).hwpx,hwpx,243488,extracted,,https://www.mois.go.kr/cmm/fms/FileDown.do?atchFileId=FILE_00137126NO_pIb4&fileSn=0,1837
1679,118937,2,250716 (조간) 새마을금고 금융사고 근절 위해 7월 21일부터 특별점검 실시(지역금융지원과).pdf,,,deferred,,https://www.mois.go.kr/cmm/fms/FileDown.do?atchFileId=FILE_00137126NO_pIb4&fileSn=1,
1680,118936,1,250716 (조간) 간부 모시는 날 등 불합리한 관행 타파 지속 노력(행정제도과).hwp,hwp,293376,extracted,,https://www.mois.go.kr/cmm/fms/FileDown.do?atchFileId=FILE_00137125GVbPSwj&fileSn=0,3849
1680,118936,2,250716 (조간) 간부 모시는 날 등 불합리한 관행 타파 지속 노력(행정제도과).pdf,,,deferred,,https://www.mois.go.kr/cmm/fms/FileDown.do?atchFileId=FILE_00137125GVbPSwj&fileSn=1,
1681,118915,1,250715 (16시30분) 여름철 성수기 물놀이 안전사고 예방에 총력(재난안전점검과).hwpx,hwpx,237801,extracted,,https://www.mois.go.kr/cmm/fms/FileDown.do?atchFileId=FILE_00137124aHFKn_B&fileSn=0,1473
1681,118915,2,250715 (16시30분) 여름철 성수기 물놀이 안전사고 예방에 총력(재난안전점검과).pdf,,,deferred,,https://www.mois.go.kr/cmm/fms/FileDown.do?atchFileId=FILE_00137124aHFKn_B&fileSn=1,
1682,118872,1,250715 (16시) 점주도 안심! 청년도 간편! 모바일 신분증으로 당신을 인증하세요(디지털보안정책과).hwpx,hwpx,5328388,extracted,,https://www.mois.go.kr/cmm/fms/FileDown.do?atchFileId=FILE_00137077U8qtlgf&fileSn=0,1959
1682,118872,2,250715 (16시) 점주도 안심! 청년도 간편! 모바일 신분증으로 당신을 인증하세요(디지털보안정책과).pdf,,,deferred,,https://www.mois.go.kr/cmm/fms/FileDown.do?atchFileId=FILE_00137077U8qtlgf&fileSn=1,
1683,118873,1,250715 (14시) 민생회복 소비쿠폰의 차질 없는 지급을 위해 민-관이 손을 맞잡다(재정정책과).hwpx,hwpx,243205,extracted,,https://www.mois.go.kr/cmm/fms/FileDown.do?atchFileId=FILE_00137078TL0UKhz&fileSn=0,1767
1683,118873,2,250715 (14시) 민생회복 소비쿠폰의 차질 없는 지급을 위해 민-관이 손을 맞잡다(재정정책과).pdf,,,deferred,,https://www.mois.go.kr/cmm/fms/FileDown.do?atchFileId=FILE_00137078TL0UKhz&fileSn=1,
1684,118875,1,250715 (조간) 지방공무원 관리자 역량 끌어올릴 역량교육 전문가 양성한다(지방자치역량센터).hwpx,hwpx,243273,extracted,,https://www.mois.go.kr/cmm/fms/FileDown.do?atchFileId=FILE_00137080Wrs50I6&fileSn=0,2149
1684,118875,2,250715 (조간) 지방공무원 관리자 역량 끌어올릴 역량교육 전문가 양성한다(지방자치역량센터).pdf,,,deferred,,https://www.mois.go.kr/cmm/fms/FileDown.do?atchFileId=FILE_00137080Wrs50I6&fileSn=1,
1685,118874,1,250715 (조간) 지역민과 현장에서 함께하는 위기가구 발굴지원 문화 확산(복지자원연계팀).hwpx,hwpx,245584,extracted,,https://www.mois.go.kr/cmm/fms/FileDown.do?atchFileId=FILE_00137079jvqF20F&fileSn=0,2076
1685,118874,2,250715 (조간) 지역민과 현장에서 함께하는 위기가구 발굴지원 문화 확산(복지자원연계팀).pdf,,,deferred,,https://www.mois.go.kr/cmm/fms/FileDown.do?atchFileId=FILE_00137079jvqF20F&fileSn=1,
1686,118871,1,250714 (조간) 스리랑카 공무원들에게 한국의 정부혁신·디지털 공공서비스 경험 전수한다(국제교육협력과).hwpx,hwpx,255793,extracted,,https://www.mois.go.kr/cmm/fms/FileDown.do?atchFileId=FILE_001370765gp-pLD&fileSn=0,2194
1686,118871,2,250714 (조간) 스리랑카 공무원들에게 한국의 정부혁신·디지털 공공서비스 경험 전수한다(국제교육협력과).pdf,,,deferred,,https://www.mois.go.kr/cmm/fms/FileDown.do?atchFileId=FILE_001370765gp-pLD&fileSn=1,
1687,118870,1,250714 (조간) 여름 휴가철 해수욕 및 물놀이 행사 등 지역축제 행사로 지역활력 돋운다(지역경제과).hwpx,hwpx,1169592,extracted,,https://www.mois.go.kr/cmm/fms/FileDown.do?atchFileId=FILE_00137075KzEhcEE&fileSn=0,16003
1687,118870,2,250714 (조간) 여름 휴가철 해수욕 및 물놀이 행사 등 지역축제 행사로 지역활력 돋운다(지역경제과).pdf,,,deferred,,https://www.mois.go.kr/cmm/fms/FileDown.do?atchFileId=FILE_00137075KzEhcEE&fileSn=1,
1688,118869,1,250714 (조간) 시기별로 먼저 알려주는 민생회복 소비쿠폰 정보 국민비서 클릭으로 받아보세요!(공공서비스통합과).hwpx,hwpx,5009565,extracted,,https://www.mois.go.kr/cmm/fms/FileDown.do?atchFileId=FILE_00137074GhrsFzd&fileSn=0,4988
1688,118869,2,250714 (조간) 시기별로 먼저 알려주는 민생회복 소비쿠폰 정보 국민비서 클릭으로 받아보세요!(공공서비스통합과).pdf,,,deferred,,https://www.mois.go.kr/cmm/fms/FileDown.do?atchFileId=FILE_00137074GhrsFzd&fileSn=1,
1689,118868,1,250714 (10시) 민간개방으로 국민과 더 가까워진 모바일 신분증 민간의 혁신 서비스 창출 기대(디지털보안정책과).hwpx,hwpx,243252,extracted,,https://www.mois.go.kr/cmm/fms/FileDown.do?atchFileId=FILE_00137073sjcoaQL&fileSn=0,1443
1689,118868,2,250714 (10시) 민간개방으로 국민과 더 가까워진 모바일 신분증 민간의 혁신 서비스 창출 기대(디지털보안정책과).pdf,,,deferred,,https://www.mois.go.kr/cmm/fms/FileDown.do?atchFileId=FILE_00137073sjcoaQL&fileSn=1,
1690,118914,1,250713 (즉시) 남부지방을 중심으로 많은 비 중앙재난안전대책본부 가동(자연재난대응과).hwpx,hwpx,620133,extracted,,https://www.mois.go.kr/cmm/fms/FileDown.do?atchFileId=FILE_00137123NaRKb7E&fileSn=0,1213
1690,118914,2,250713 (즉시) 남부지방을 중심으로 많은 비 중앙재난안전대책본부 가동(자연재난대응과).pdf,,,deferred,,https://www.mois.go.kr/cmm/fms/FileDown.do?atchFileId=FILE_00137123NaRKb7E&fileSn=1,
1691,118913,1,250713 (13시30분) 7.13-14일 집중호우 대비 수해 방지 대책 긴급점검(자연재난대응과).hwpx,hwpx,619609,extracted,,https://www.mois.go.kr/cmm/fms/FileDown.do?atchFileId=FILE_00137122lcif2y_&fileSn=0,1059
1691,118913,2,250713 (13시30분) 7.13-14일 집중호우 대비 수해 방지 대책 긴급점검(자연재난대응과).pdf,,,deferred,,https://www.mois.go.kr/cmm/fms/FileDown.do?atchFileId=FILE_00137122lcif2y_&fileSn=1,
1692,118866,1,250712 (12시40분) 폭염 대비 산불 피해지역 이재민 보호 및 물놀이 안전관리 실태 점검(경북·경남·울산지역산불피해복구지원단).hwpx,hwpx,232193,extracted,,https://www.mois.go.kr/cmm/fms/FileDown.do?atchFileId=FILE_001371133cmPdzC&fileSn=0,1064
1692,118866,2,250712 (12시40분) 폭염 대비 산불 피해지역 이재민 보호 및 물놀이 안전관리 실태 점검(경북·경남·울산지역산불피해복구지원단).pdf,,,deferred,,https://www.mois.go.kr/cmm/fms/FileDown.do?atchFileId=FILE_001371133cmPdzC&fileSn=1,
1693,118860,1,250711 (16시30분) 지역 가뭄위기 극복을 위해 정부가 적극 나선다(기후재난관리과).hwpx,hwpx,147353,extracted,,https://www.mois.go.kr/cmm/fms/FileDown.do?atchFileId=FILE_00137111lJ20SD7&fileSn=0,865
1693,118860,2,250711 (16시30분) 지역 가뭄위기 극복을 위해 정부가 적극 나선다(기후재난관리과).pdf,,,deferred,,https://www.mois.go.kr/cmm/fms/FileDown.do?atchFileId=FILE_00137111lJ20SD7&fileSn=1,
1694,118856,1,250711 (14시) 폭염 대응 함께 고민하고 해법 찾는다(재난관리정책과).hwpx,hwpx,152090,extracted,,https://www.mois.go.kr/cmm/fms/FileDown.do?atchFileId=FILE_00137068h5mmrmU&fileSn=0,1724
1694,118856,2,250711 (14시) 폭염 대응 함께 고민하고 해법 찾는다(재난관리정책과).pdf,,,deferred,,https://www.mois.go.kr/cmm/fms/FileDown.do?atchFileId=FILE_00137068h5mmrmU&fileSn=1,
1695,118846,1,250711 (즉시) 폭염·가뭄 총력 대응을 위한 재난특교세 긴급 지원(재난관리정책과).hwpx,hwpx,89615,extracted,,https://www.mois.go.kr/cmm/fms/FileDown.do?atchFileId=FILE_00137067xKNP48n&fileSn=0,759
1695,118846,2,250711 (즉시) 폭염·가뭄 총력 대응을 위한 재난특교세 긴급 지원(재난관리정책과).pdf,,,deferred,,https://www.mois.go.kr/cmm/fms/FileDown.do?atchFileId=FILE_00137067xKNP48n&fileSn=1,
1696,118839,1,250711 (10시30분) 어린이 안전대책 관계기관 긴급 점검회의 개최(안전개선과).hwpx,hwpx,88792,extracted,,https://www.mois.go.kr/cmm/fms/FileDown.do?atchFileId=FILE_00137065NlnWffr&fileSn=0,881
1696,118839,2,250711 (10시30분) 어린이 안전대책 관계기관 긴급 점검회의 개최(안전개선과).pdf,,,deferred,,https://www.mois.go.kr/cmm/fms/FileDown.do?atchFileId=FILE_00137065NlnWffr&fileSn=1,
1697,118813,1,250710 (14시) 여름철 다중운집인파사고 대비태세 점검(사회재난대응총괄과).hwpx,hwpx,1223362,extracted,,https://www.mois.go.kr/cmm/fms/FileDown.do?atchFileId=FILE_00137008dTAMEee&fileSn=0,1498
1697,118813,2,250710 (14시) 여름철 다중운집인파사고 대비태세 점검(사회재난대응총괄과).pdf,,,deferred,,https://www.mois.go.kr/cmm/fms/FileDown.do?atchFileId=FILE_00137008dTAMEee&fileSn=1,
1698,118794,1,250711 (조간) 이북5도위원회 제2회 북한이탈주민의 날 기념식 개최(이북5도위원회).hwpx,hwpx,235635,extracted,,https://www.mois.go.kr/cmm/fms/FileDown.do?atchFileId=FILE_00136994pbLW3an&fileSn=0,1326
1698,118794,2,250711 (조간) 이북5도위원회 제2회 북한이탈주민의 날 기념식 개최(이북5도위원회).pdf,,,deferred,,https://www.mois.go.kr/cmm/fms/FileDown.do?atchFileId=FILE_00136994pbLW3an&fileSn=1,
1699,118793,1,250711 (조간) 7월 가뭄 예·경보 발표(기후재난관리과).hwpx,hwp,409600,extracted,,https://www.mois.go.kr/cmm/fms/FileDown.do?atchFileId=FILE_00137041bSgLDVW&fileSn=0,10821
1699,118793,2,250711 (조간) 7월 가뭄 예·경보 발표(기후재난관리과).pdf,,,deferred,,https://www.mois.go.kr/cmm/fms/FileDown.do?atchFileId=FILE_00137041bSgLDVW&fileSn=1,
1700,118792,1,250711 (조간) 소비쿠폰 안내 문자에 URL 링크는 100% 사기입니다(디지털보안정책과).hwpx,hwpx,2070514,extracted,,https://www.mois.go.kr/cmm/fms/FileDown.do?atchFileId=FILE_00136992xtmv_Df&fileSn=0,2777
1700,118792,2,250711 (조간) 소비쿠폰 안내 문자에 URL 링크는 100% 사기입니다(디지털보안정책과).pdf,,,deferred,,https://www.mois.go.kr/cmm/fms/FileDown.do?atchFileId=FILE_00136992xtmv_Df&fileSn=1,
1701,118795,1,250709(즉시) 충남 금산군 수난사고 관련 긴급 지시(재난안전점검과).hwpx,hwpx,78254,extracted,,https://www.mois.go.kr/cmm/fms/FileDown.do?atchFileId=FILE_00137030pS1mMLl&fileSn=0,378
1701,118795,2,250709(즉시) 충남 금산군 수난사고 관련 긴급 지시(재난안전점검과).pdf,,,deferred,,https://www.mois.go.kr/cmm/fms/FileDown.do?atchFileId=FILE_00137030pS1mMLl&fileSn=1,
1702,118775,1,250710 (조간) 각종 정부 서비스를 한 곳에서 더 편리해진 정부24+ 7월10일 본격 개통(공공서비스통합과).hwpx,hwpx,3255686,extracted,,https://www.mois.go.kr/cmm/fms/FileDown.do?atchFileId=FILE_00137006V0QJ061&fileSn=0,3530
1702,118775,2,250710 (조간) 각종 정부 서비스를 한 곳에서 더 편리해진 정부24+ 7월10일 본격 개통(공공서비스통합과).pdf,,,deferred,,https://www.mois.go.kr/cmm/fms/FileDown.do?atchFileId=FILE_00137006V0QJ061&fileSn=1,
1703,118765,1,250709 (16시30분) 폭염에 취약한 근로 현장의 안전 정부가 꼼꼼히 챙긴다(기후재난관리과).hwpx,hwpx,155072,extracted,,https://www.mois.go.kr/cmm/fms/FileDown.do?atchFileId=FILE_00137021sDr7edd&fileSn=0,886
1703,118765,2,250709 (16시30분) 폭염에 취약한 근로 현장의 안전 정부가 꼼꼼히 챙긴다(기후재난관리과).pdf,,,deferred,,https://www.mois.go.kr/cmm/fms/FileDown.do?atchFileId=FILE_00137021sDr7edd&fileSn=1,
1704,118764,1,250709 (조간) 당신의 아이디어가 지역의 내일이 됩니다 지역문제 해결을 위한 아이디어 18건 선정(기업협력지원과).hwpx,hwpx,246767,extracted,,https://www.mois.go.kr/cmm/fms/FileDown.do?atchFileId=FILE_00136954x-aNf1X&fileSn=0,3474
1704,118764,2,250709 (조간) 당신의 아이디어가 지역의 내일이 됩니다 지역문제 해결을 위한 아이디어 18건 선정(기업협력지원과).pdf,,,deferred,,https://www.mois.go.kr/cmm/fms/FileDown.do?atchFileId=FILE_00136954x-aNf1X&fileSn=1,
1705,118700,1,250708 (15시20분) 폭염 풍수해 대비 안전시설 관리 실태 점검(재난대응총괄과).hwpx,hwpx,239795,extracted,,https://www.mois.go.kr/cmm/fms/FileDown.do?atchFileId=FILE_00136929FmQ-lXZ&fileSn=0,795
1705,118700,2,250708 (15시20분) 폭염 풍수해 대비 안전시설 관리 실태 점검(재난대응총괄과).pdf,,,deferred,,https://www.mois.go.kr/cmm/fms/FileDown.do?atchFileId=FILE_00136929FmQ-lXZ&fileSn=1,
1706,118745,1,250707 (14시) 민생회복 소비쿠폰 정보를 알려주는 국민비서 구삐에 미리 가입하세요!(공공서비스통합과).hwp,hwp,3538944,extracted,,https://www.mois.go.kr/cmm/fms/FileDown.do?atchFileId=FILE_0013695370E5C9x&fileSn=0,3617
1706,118745,2,250707 (14시) 민생회복 소비쿠폰 정보를 알려주는 국민비서 구삐에 미리 가입하세요!(공공서비스통합과).pdf,,,deferred,,https://www.mois.go.kr/cmm/fms/FileDown.do?atchFileId=FILE_0013695370E5C9x&fileSn=1,
1707,118699,1,250708 (조간) 2025년 대한민국 안전기술대상 국민 여러분이 직접 뽑아주세요!(재난안전산업과).hwpx,hwpx,245615,extracted,,https://www.mois.go.kr/cmm/fms/FileDown.do?atchFileId=FILE_00136928mVtXMEZ&fileSn=0,1400
1707,118699,2,250708 (조간) 2025년 대한민국 안전기술대상 국민 여러분이 직접 뽑아주세요!(재난안전산업과).pdf,,,deferred,,https://www.mois.go.kr/cmm/fms/FileDown.do?atchFileId=FILE_00136928mVtXMEZ&fileSn=1,
1708,118698,1,250708 (조간) 여름철 재해 대비 자원봉사 및 온기나눔 집중기간(7.7.~9.30.) 운영(민간협력과).hwpx,hwpx,1233107,extracted,,https://www.mois.go.kr/cmm/fms/FileDown.do?atchFileId=FILE_00136927tSxTNZe&fileSn=0,1998
1708,118698,2,250708 (조간) 여름철 재해 대비 자원봉사 및 온기나눔 집중기간(7.7.~9.30.) 운영(민간협력과).pdf,,,deferred,,https://www.mois.go.kr/cmm/fms/FileDown.do?atchFileId=FILE_00136927tSxTNZe&fileSn=1,
1709,118697,1,250707 (조간) 경기침체 극복을 위해 소상공인 중소기업 공유재산 임대료 부담 대폭 완화한다(공유재산정책과).hwpx,hwpx,243032,extracted,,https://www.mois.go.kr/cmm/fms/FileDown.do?atchFileId=FILE_00136877WgU65my&fileSn=0,1379
1709,118697,2,250707 (조간) 경기침체 극복을 위해 소상공인 중소기업 공유재산 임대료 부담 대폭 완화한다(공유재산정책과).pdf,,,deferred,,https://www.mois.go.kr/cmm/fms/FileDown.do?atchFileId=FILE_00136877WgU65my&fileSn=1,
1710,118696,1,250707 (조간) 2026년 제7회 섬의 날 행사 개최지는 미항의 도시 전라남도 여수시로 선정(균형발전진흥과).hwpx,hwpx,240826,extracted,,https://www.mois.go.kr/cmm/fms/FileDown.do?atchFileId=FILE_00136876JdL8dox&fileSn=0,1723
1710,118696,2,250707 (조간) 2026년 제7회 섬의 날 행사 개최지는 미항의 도시 전라남도 여수시로 선정(균형발전진흥과).pdf,,,deferred,,https://www.mois.go.kr/cmm/fms/FileDown.do?atchFileId=FILE_00136876JdL8dox&fileSn=1,
1711,118709,1,250704 (즉시) 행안부-지자체 재해예방사업 추진 속도 높인다(재난경감과).hwpx,hwpx,8848513,extracted,,https://www.mois.go.kr/cmm/fms/FileDown.do?atchFileId=FILE_00136940As1jhIT&fileSn=0,1765
1711,118709,2,250704 (즉시) 행안부-지자체 재해예방사업 추진 속도 높인다(재난경감과).pdf,,,deferred,,https://www.mois.go.kr/cmm/fms/FileDown.do?atchFileId=FILE_00136940As1jhIT&fileSn=1,
1712,118708,1,250704 (본회의의결시) 2025년 행정안전부 제2회 추경예산 12조 8096억원 확정(기획재정담당관).hwp,hwp,269824,extracted,,https://www.mois.go.kr/cmm/fms/FileDown.do?atchFileId=FILE_00136939GWXakm2&fileSn=0,1826
1712,118708,2,250704 (본회의의결시) 2025년 행정안전부 제2회 추경예산 12조 8096억원 확정(기획재정담당관).pdf,,,deferred,,https://www.mois.go.kr/cmm/fms/FileDown.do?atchFileId=FILE_00136939GWXakm2&fileSn=1,
1713,118705,1,250705 (★브리핑시작시) 민생회복 소비쿠폰 7월 21일 지급 시작(재정정책과).hwpx,hwpx,8359373,extracted,,https://www.mois.go.kr/cmm/fms/FileDown.do?atchFileId=FILE_00136933o0LY7GY&fileSn=0,11246
1713,118705,2,250705 (★브리핑시작시) 민생회복 소비쿠폰 7월 21일 지급 시작(재정정책과).pdf,,,deferred,,https://www.mois.go.kr/cmm/fms/FileDown.do?atchFileId=FILE_00136933o0LY7GY&fileSn=1,
1714,118679,1,250704 (즉시) 행정안전부 재난안전관리본부장 부산 기장군 아파트 화재 현장 방문(국토산업재난대응과).hwpx,hwpx,110826,extracted,,https://www.mois.go.kr/cmm/fms/FileDown.do?atchFileId=FILE_00136874HeB7FdL&fileSn=0,714
1714,118679,2,250704 (즉시) 행정안전부 재난안전관리본부장 부산 기장군 아파트 화재 현장 방문(국토산업재난대응과).pdf,,,deferred,,https://www.mois.go.kr/cmm/fms/FileDown.do?atchFileId=FILE_00136874HeB7FdL&fileSn=1,
1715,118663,1,250704 (조간) 외국인 어선원 안전교육 강화로 인명피해 최소화(농축산해양재난대응과).hwpx,hwpx,4154661,extracted,,https://www.mois.go.kr/cmm/fms/FileDown.do?atchFileId=FILE_001368992L-AHTP&fileSn=0,1522
1715,118663,2,250704 (조간) 외국인 어선원 안전교육 강화로 인명피해 최소화(농축산해양재난대응과).pdf,,,deferred,,https://www.mois.go.kr/cmm/fms/FileDown.do?atchFileId=FILE_001368992L-AHTP&fileSn=1,
1716,118662,1,250704 (조간) 급경사지 산사태 특화 재난안전산업 진흥시설 조성 본격 추진(재난안전산업과).hwpx,hwpx,243981,extracted,,https://www.mois.go.kr/cmm/fms/FileDown.do?atchFileId=FILE_00136898LZGhZtN&fileSn=0,846
1716,118662,2,250704 (조간) 급경사지 산사태 특화 재난안전산업 진흥시설 조성 본격 추진(재난안전산업과).pdf,,,deferred,,https://www.mois.go.kr/cmm/fms/FileDown.do?atchFileId=FILE_00136898LZGhZtN&fileSn=1,
1717,118661,1,250704 (조간) 이열치열! 여름에 더 찾기 좋은 온천 10선 소개(균형발전진흥과).hwpx,hwpx,1313923,extracted,,https://www.mois.go.kr/cmm/fms/FileDown.do?atchFileId=FILE_00136897Tg2O1kD&fileSn=0,2766
1717,118661,2,250704 (조간) 이열치열! 여름에 더 찾기 좋은 온천 10선 소개(균형발전진흥과).pdf,,,deferred,,https://www.mois.go.kr/cmm/fms/FileDown.do?atchFileId=FILE_00136897Tg2O1kD&fileSn=1,
1718,118638,1,250703 (조간) 디지털 안전서비스로 외국인 안전 지킨다!(안전문화교육과).hwpx,hwpx,1393167,extracted,,https://www.mois.go.kr/cmm/fms/FileDown.do?atchFileId=FILE_00136859iIaOhT0&fileSn=0,1151
1718,118638,2,250703 (조간) 디지털 안전서비스로 외국인 안전 지킨다!(안전문화교육과).pdf,,,deferred,,https://www.mois.go.kr/cmm/fms/FileDown.do?atchFileId=FILE_00136859iIaOhT0&fileSn=1,
1719,118637,1,250703 (조간) 9급 공무원 시험 한국사 과목 대체에 따라 과목별 문항수 개편(지방인사제도과).hwp,hwp,192512,extracted,,https://www.mois.go.kr/cmm/fms/FileDown.do?atchFileId=FILE_00136858O-oawBZ&fileSn=0,1077
1719,118637,2,250703 (조간) 9급 공무원 시험 한국사 과목 대체에 따라 과목별 문항수 개편(지방인사제도과).pdf,,,deferred,,https://www.mois.go.kr/cmm/fms/FileDown.do?atchFileId=FILE_00136858O-oawBZ&fileSn=1,
1720,118630,1,250701 (즉시) 폭염특보 확대에 따른 관계기관 대응태세 긴급점검(기후재난관리과).hwpx,hwpx,255880,extracted,,https://www.mois.go.kr/cmm/fms/FileDown.do?atchFileId=FILE_00136857_YvFMfy&fileSn=0,1252
1720,118630,2,250701 (즉시) 폭염특보 확대에 따른 관계기관 대응태세 긴급점검(기후재난관리과).pdf,,,deferred,,https://www.mois.go.kr/cmm/fms/FileDown.do?atchFileId=FILE_00136857_YvFMfy&fileSn=1,
1721,118625,1,250702 (국무회의 종료시) 지방계약제도 획기적 개선으로 건설 현장에 숨통 지역경제에 새 활력(회계계약제도과).hwpx,hwpx,262345,extracted,,https://www.mois.go.kr/cmm/fms/FileDown.do?atchFileId=FILE_00136856tlVU9Xb&fileSn=0,3917
1721,118625,2,250702 (국무회의 종료시) 지방계약제도 획기적 개선으로 건설 현장에 숨통 지역경제에 새 활력(회계계약제도과).pdf,,,deferred,,https://www.mois.go.kr/cmm/fms/FileDown.do?atchFileId=FILE_00136856tlVU9Xb&fileSn=1,
1722,118606,1,250702 (조간) 국민의 일상을 안전하게 지켜줄 재난안전제품을 찾습니다(재난안전산업과).hwpx,hwpx,4742942,extracted,,https://www.mois.go.kr/cmm/fms/FileDown.do?atchFileId=FILE_00136807sQyDQaa&fileSn=0,5959
1722,118606,2,250702 (조간) 국민의 일상을 안전하게 지켜줄 재난안전제품을 찾습니다(재난안전산업과).pdf,,,deferred,,https://www.mois.go.kr/cmm/fms/FileDown.do?atchFileId=FILE_00136807sQyDQaa&fileSn=1,
1723,118605,1,250702 (조간) 여권 재발급은 민간 앱으로 빠르게! 해외 운전은 영문 운전면허증으로 편하게!(혁신기획과).hwpx,hwpx,258292,extracted,,https://www.mois.go.kr/cmm/fms/FileDown.do?atchFileId=FILE_001368060Ppvi7p&fileSn=0,2694
1723,118605,2,250702 (조간) 여권 재발급은 민간 앱으로 빠르게! 해외 운전은 영문 운전면허증으로 편하게!(혁신기획과).pdf,,,deferred,,https://www.mois.go.kr/cmm/fms/FileDown.do?atchFileId=FILE_001368060Ppvi7p&fileSn=1,
1724,118604,1,250630 (즉시) 전국 폭염 위기경보 경계 단계로 격상(기후재난관리과).hwpx,hwpx,998651,extracted,,https://www.mois.go.kr/cmm/fms/FileDown.do?atchFileId=FILE_001367705kAIeUN&fileSn=0,891
1724,118604,2,250630 (즉시) 전국 폭염 위기경보 경계 단계로 격상(기후재난관리과).pdf,,,deferred,,https://www.mois.go.kr/cmm/fms/FileDown.do?atchFileId=FILE_001367705kAIeUN&fileSn=1,
1725,118568,1,250701 (조간) 2026년 재난안전예산 국민이 안전한 생활환경 조성과 AI 등을 활용한 재난 예방에 집중 투자(안전사업조정과).hwpx,hwpx,328263,extracted,,https://www.mois.go.kr/cmm/fms/FileDown.do?atchFileId=FILE_00136801HojJ9ss&fileSn=0,5956
1725,118568,2,250701 (조간) 2026년 재난안전예산 국민이 안전한 생활환경 조성과 AI 등을 활용한 재난 예방에 집중 투자(안전사업조정과).pdf,,,deferred,,https://www.mois.go.kr/cmm/fms/FileDown.do?atchFileId=FILE_00136801HojJ9ss&fileSn=1,
1726,118567,1,250701 (조간) 지방의원 징계현황 등 27개 의정활동 정보 주민이 직접 확인한다(선거의회자치법규과).hwpx,hwpx,262598,extracted,,https://www.mois.go.kr/cmm/fms/FileDown.do?atchFileId=FILE_00136790upH7kx_&fileSn=0,1969
1726,118567,2,250701 (조간) 지방의원 징계현황 등 27개 의정활동 정보 주민이 직접 확인한다(선거의회자치법규과).pdf,,,deferred,,https://www.mois.go.kr/cmm/fms/FileDown.do?atchFileId=FILE_00136790upH7kx_&fileSn=1,
1727,118566,1,250701 (조간) 지방 여성공무원 통계는 지난 20년 동안 어떻게 달라졌을까(지방인사제도과).hwpx,hwpx,628508,extracted,,https://www.mois.go.kr/cmm/fms/FileDown.do?atchFileId=FILE_00136789AiPwBVy&fileSn=0,3727
1727,118566,2,250701 (조간) 지방 여성공무원 통계는 지난 20년 동안 어떻게 달라졌을까(지방인사제도과).pdf,,,deferred,,https://www.mois.go.kr/cmm/fms/FileDown.do?atchFileId=FILE_00136789AiPwBVy&fileSn=1,
1728,118565,1,250630 (석간) 8개 특별행정기관 입주할 정부대전지방합동청사 국제설계공모 당선작 선정(정부청사관리본부 청사기획과).hwpx,hwpx,7091724,extracted,,https://www.mois.go.kr/cmm/fms/FileDown.do?atchFileId=FILE_00136788KBG9EjK&fileSn=0,2085
1728,118565,2,250630 (석간) 8개 특별행정기관 입주할 정부대전지방합동청사 국제설계공모 당선작 선정(정부청사관리본부 청사기획과).pdf,,,deferred,,https://www.mois.go.kr/cmm/fms/FileDown.do?atchFileId=FILE_00136788KBG9EjK&fileSn=1,
1729,118564,1,250630 (조간) 한국의 디지털 기록관리 역량 7개국에 전수 개발도상국 디지털 행정 역량 높인다(국가기록원 기록관리교육센터).hwpx,hwpx,245379,extracted,,https://www.mois.go.kr/cmm/fms/FileDown.do?atchFileId=FILE_00136787yE4g-OQ&fileSn=0,1600
1729,118564,2,250630 (조간) 한국의 디지털 기록관리 역량 7개국에 전수 개발도상국 디지털 행정 역량 높인다(국가기록원 기록관리교육센터).pdf,,,deferred,,https://www.mois.go.kr/cmm/fms/FileDown.do?atchFileId=FILE_00136787yE4g-OQ&fileSn=1,
1730,118563,1,250630 (조간) 키르기스스탄에 한국의 공무원 교육훈련 경험과 AI 기반 행정 혁신 사례 전수(지방자치인재개발원 국제교육협력과).hwpx,hwpx,263426,extracted,,https://www.mois.go.kr/cmm/fms/FileDown.do?atchFileId=FILE_00136786zU1b7-O&fileSn=0,3954
1730,118563,2,250630 (조간) 키르기스스탄에 한국의 공무원 교육훈련 경험과 AI 기반 행정 혁신 사례 전수(지방자치인재개발원 국제교육협력과).pdf,,,deferred,,https://www.mois.go.kr/cmm/fms/FileDown.do?atchFileId=FILE_00136786zU1b7-O&fileSn=1,
1731,118562,1,250630 (조간) 한국형 기업 재난관리체계로 재난·사고에 강한 기업 만든다(예방안전제도과).hwpx,hwpx,242290,extracted,,https://www.mois.go.kr/cmm/fms/FileDown.do?atchFileId=FILE_00136785Xyd0DPm&fileSn=0,1322
1731,118562,2,250630 (조간) 한국형 기업 재난관리체계로 재난·사고에 강한 기업 만든다(예방안전제도과).pdf,,,deferred,,https://www.mois.go.kr/cmm/fms/FileDown.do?atchFileId=FILE_00136785Xyd0DPm&fileSn=1,
1732,118558,1,250627 (17시10분) 새 정부 국정 운영 지원을 위한 중앙-지방 협력과 지역 민생경제 활성화 협조(자치행정과).hwpx,hwpx,247529,extracted,,https://www.mois.go.kr/cmm/fms/FileDown.do?atchFileId=FILE_00136784KS74WlZ&fileSn=0,1756
1732,118558,2,250627 (17시10분) 새 정부 국정 운영 지원을 위한 중앙-지방 협력과 지역 민생경제 활성화 협조(자치행정과).pdf,,,deferred,,https://www.mois.go.kr/cmm/fms/FileDown.do?atchFileId=FILE_00136784KS74WlZ&fileSn=1,
1733,118528,1,250627 (석간) 민선 지방자치 30년 앞으로의 길을 묻다! 정부-국회 손잡고 국회토론회 개최(자치분권제도과).hwpx,hwpx,1392177,extracted,,https://www.mois.go.kr/cmm/fms/FileDown.do?atchFileId=FILE_00136655-9I-7Rp&fileSn=0,1747
1733,118528,2,250627 (석간) 민선 지방자치 30년 앞으로의 길을 묻다! 정부-국회 손잡고 국회토론회 개최(자치분권제도과).pdf,,,deferred,,https://www.mois.go.kr/cmm/fms/FileDown.do?atchFileId=FILE_00136655-9I-7Rp&fileSn=1,
1734,118529,1,250626 (17시) 주말 장맛비 대비 빗물받이 정비 등 수해 방지 대책 긴급점검(자연재난대응과).hwpx,hwpx,628336,extracted,,https://www.mois.go.kr/cmm/fms/FileDown.do?atchFileId=FILE_00136753VCEmtfz&fileSn=0,1170
1734,118529,2,250626 (17시) 주말 장맛비 대비 빗물받이 정비 등 수해 방지 대책 긴급점검(자연재난대응과).pdf,,,deferred,,https://www.mois.go.kr/cmm/fms/FileDown.do?atchFileId=FILE_00136753VCEmtfz&fileSn=1,
1735,118513,1,250627 (13시30분) 모든 보행자가 안심할 수 있도록 전문가와 함께 보행환경 개선방안 논의(안전개선과).hwpx,hwpx,243341,extracted,,https://www.mois.go.kr/cmm/fms/FileDown.do?atchFileId=FILE_00136724bJLEygN&fileSn=0,773
1735,118513,2,250627 (13시30분) 모든 보행자가 안심할 수 있도록 전문가와 함께 보행환경 개선방안 논의(안전개선과).pdf,,,deferred,,https://www.mois.go.kr/cmm/fms/FileDown.do?atchFileId=FILE_00136724bJLEygN&fileSn=1,
1736,118524,1,250627 (조간) 11개 지역에 등록인구의 10배 이상이 찾고 4개 지역은 등록인구보다 2배 넘게 카드 소비(균형발전제도과).hwpx,hwpx,218665,extracted,,https://www.mois.go.kr/cmm/fms/FileDown.do?atchFileId=FILE_001366547BuSFzU&fileSn=0,2616
1736,118524,2,250627 (조간) 11개 지역에 등록인구의 10배 이상이 찾고 4개 지역은 등록인구보다 2배 넘게 카드 소비(균형발전제도과).pdf,,,deferred,,https://www.mois.go.kr/cmm/fms/FileDown.do?atchFileId=FILE_001366547BuSFzU&fileSn=1,
1737,118512,1,250627 (조간) 7월 중 절반이 비 내려 빗길 교통사고 조심하세요!(예방안전제도과).hwpx,hwpx,349175,extracted,,https://www.mois.go.kr/cmm/fms/FileDown.do?atchFileId=FILE_00136723sKjod8R&fileSn=0,1563
1737,118512,2,250627 (조간) 7월 중 절반이 비 내려 빗길 교통사고 조심하세요!(예방안전제도과).pdf,,,deferred,,https://www.mois.go.kr/cmm/fms/FileDown.do?atchFileId=FILE_00136723sKjod8R&fileSn=1,
1738,118486,1,250626 (15시) 여름철 재난 민관이 함께 대비한다(재난자원관리과).hwpx,hwpx,675764,extracted,,https://www.mois.go.kr/cmm/fms/FileDown.do?atchFileId=FILE_001366291YLrYFs&fileSn=0,1639
1738,118486,2,250626 (15시) 여름철 재난 민관이 함께 대비한다(재난자원관리과).pdf,,,deferred,,https://www.mois.go.kr/cmm/fms/FileDown.do?atchFileId=FILE_001366291YLrYFs&fileSn=1,
1739,118484,1,250626 (14시) 제8회 전자정부의 날 기념행사 개최 AI시대 공공AX 본격화 논의(디지털정부기획과).hwpx,hwpx,244162,extracted,,https://www.mois.go.kr/cmm/fms/FileDown.do?atchFileId=FILE_00136627FqcfSg8&fileSn=0,1808
1739,118484,2,250626 (14시) 제8회 전자정부의 날 기념행사 개최 AI시대 공공AX 본격화 논의(디지털정부기획과).pdf,,,deferred,,https://www.mois.go.kr/cmm/fms/FileDown.do?atchFileId=FILE_00136627FqcfSg8&fileSn=1,
1740,118487,1,250626 (조간) 국과수 과학수사 기법 몽골에 5년간 전수 몽골 미제사건 해결에 기여(법과학교육연구센터).hwpx,hwpx,244203,extracted,,https://www.mois.go.kr/cmm/fms/FileDown.do?atchFileId=FILE_001366302xrpCLg&fileSn=0,1833
1740,118487,2,250626 (조간) 국과수 과학수사 기법 몽골에 5년간 전수 몽골 미제사건 해결에 기여(법과학교육연구센터).pdf,,,deferred,,https://www.mois.go.kr/cmm/fms/FileDown.do?atchFileId=FILE_001366302xrpCLg&fileSn=1,
1741,118485,1,250626 (조간) 유연한 실용정부 구현을 위한 정부혁신의 새로운 방향 논의한다(혁신기획과).hwpx,hwpx,246862,extracted,,https://www.mois.go.kr/cmm/fms/FileDown.do?atchFileId=FILE_00136628Q4qJJCC&fileSn=0,1678
1741,118485,2,250626 (조간) 유연한 실용정부 구현을 위한 정부혁신의 새로운 방향 논의한다(혁신기획과).pdf,,,deferred,,https://www.mois.go.kr/cmm/fms/FileDown.do?atchFileId=FILE_00136628Q4qJJCC&fileSn=1,
1742,118490,1,250625 (즉시) 호우·폭염 대비 승강기 안전관리 강화(승강기정책과).hwpx,hwpx,138717,extracted,,https://www.mois.go.kr/cmm/fms/FileDown.do?atchFileId=FILE_00136713VuSeUaU&fileSn=0,1148
1742,118490,2,250625 (즉시) 호우·폭염 대비 승강기 안전관리 강화(승강기정책과).pdf,,,deferred,,https://www.mois.go.kr/cmm/fms/FileDown.do?atchFileId=FILE_00136713VuSeUaU&fileSn=1,
1743,118489,1,250623 (10시40분) 민생회복 소비쿠폰 범정부 TF 1차 회의 개최(재정정책과).hwpx,hwpx,242996,extracted,,https://www.mois.go.kr/cmm/fms/FileDown.do?atchFileId=FILE_00136711P_DPb3E&fileSn=0,771
1743,118489,2,250623 (10시40분) 민생회복 소비쿠폰 범정부 TF 1차 회의 개최(재정정책과).pdf,,,deferred,,https://www.mois.go.kr/cmm/fms/FileDown.do?atchFileId=FILE_00136711P_DPb3E&fileSn=1,
1744,118481,1,250625 (★국무회의 종료시) 국민 안전을 위한 재난안전 정보 체계적으로 관리하고 현장에 적극 활용한다(안전정책총괄과).hwpx,hwpx,242949,extracted,,https://www.mois.go.kr/cmm/fms/FileDown.do?atchFileId=FILE_00136626AbvSUhs&fileSn=0,1517
1744,118481,2,250625 (★국무회의 종료시) 국민 안전을 위한 재난안전 정보 체계적으로 관리하고 현장에 적극 활용한다(안전정책총괄과).pdf,,,deferred,,https://www.mois.go.kr/cmm/fms/FileDown.do?atchFileId=FILE_00136626AbvSUhs&fileSn=1,
1745,118466,1,250625 (조간) 기록으로 다시 보는 6.25전쟁(국가기록원 서비스정책과).hwpx,hwpx,2866201,extracted,,https://www.mois.go.kr/cmm/fms/FileDown.do?atchFileId=FILE_00136673n6njFg6&fileSn=0,2135
1745,118466,2,250625 (조간) 기록으로 다시 보는 6.25전쟁(국가기록원 서비스정책과).pdf,,,deferred,,https://www.mois.go.kr/cmm/fms/FileDown.do?atchFileId=FILE_00136673n6njFg6&fileSn=1,
1746,118465,1,250625 (조간) 국민 누구나 더 쉽고 편하게 공공기관 누리집 앱 이용할 수 있게 된다(공공서비스혁신과).hwpx,hwpx,256574,extracted,,https://www.mois.go.kr/cmm/fms/FileDown.do?atchFileId=FILE_00136672MrZK8xn&fileSn=0,2386
1746,118465,2,250625 (조간) 국민 누구나 더 쉽고 편하게 공공기관 누리집 앱 이용할 수 있게 된다(공공서비스혁신과).pdf,,,deferred,,https://www.mois.go.kr/cmm/fms/FileDown.do?atchFileId=FILE_00136672MrZK8xn&fileSn=1,
1747,118461,1,250623 (즉시) 전지 공장화재 재발방지대책 추진상황 점검회의 개최(사회재난정책과).hwpx,hwpx,94732,extracted,,https://www.mois.go.kr/cmm/fms/FileDown.do?atchFileId=FILE_00136619U3s9dmv&fileSn=0,714
1747,118461,2,250623 (즉시) 전지 공장화재 재발방지대책 추진상황 점검회의 개최(사회재난정책과).pdf,,,deferred,,https://www.mois.go.kr/cmm/fms/FileDown.do?atchFileId=FILE_00136619U3s9dmv&fileSn=1,
1748,118414,1,250624 (조간) 국가기록원-법무부 AI 대전환 시기에 기록물 디지털화 협업(국가기록원 복원관리과).hwpx,hwpx,1708137,extracted,,https://www.mois.go.kr/cmm/fms/FileDown.do?atchFileId=FILE_00136644Ii1JTPk&fileSn=0,1620
1748,118414,2,250624 (조간) 국가기록원-법무부 AI 대전환 시기에 기록물 디지털화 협업(국가기록원 복원관리과).pdf,,,deferred,,https://www.mois.go.kr/cmm/fms/FileDown.do?atchFileId=FILE_00136644Ii1JTPk&fileSn=1,
1749,118439,1,250621 (9시) 김민재 신임 행정안전부 장관 직무대행 호우 대처 점검으로 취임 첫 일정 시작(기획재정담당관실).hwpx,hwpx,249261,extracted,,https://www.mois.go.kr/cmm/fms/FileDown.do?atchFileId=FILE_00136671cyjwajp&fileSn=0,797
1749,118439,2,250621 (9시) 김민재 신임 행정안전부 장관 직무대행 호우 대처 점검으로 취임 첫 일정 시작(기획재정담당관실).pdf,,,deferred,,https://www.mois.go.kr/cmm/fms/FileDown.do?atchFileId=FILE_00136671cyjwajp&fileSn=1,
1750,118413,1,250623 (조간) 여름철 위기가구 사각지대 발굴 위해 전국 16개 지자체 순회 컨설팅 실시(스마트복지안전공동체추진단).hwpx,hwpx,374719,extracted,,https://www.mois.go.kr/cmm/fms/FileDown.do?atchFileId=FILE_00136643T0aJOmG&fileSn=0,2808
1750,118413,2,250623 (조간) 여름철 위기가구 사각지대 발굴 위해 전국 16개 지자체 순회 컨설팅 실시(스마트복지안전공동체추진단).pdf,,,deferred,,https://www.mois.go.kr/cmm/fms/FileDown.do?atchFileId=FILE_00136643T0aJOmG&fileSn=1,
1751,118412,1,250623 (조간) 생활 속 자전거 이용 활성화를 위한 사진 영상 공모전 개최(새마을발전협력과).hwpx,hwpx,7908201,extracted,,https://www.mois.go.kr/cmm/fms/FileDown.do?atchFileId=FILE_00136642Kx0FbXB&fileSn=0,1396
1751,118412,2,250623 (조간) 생활 속 자전거 이용 활성화를 위한 사진 영상 공모전 개최(새마을발전협력과).pdf,,,deferred,,https://www.mois.go.kr/cmm/fms/FileDown.do?atchFileId=FILE_00136642Kx0FbXB&fileSn=1,
1752,118411,1,250623 (조간) 안심상속 서비스 기준일 실종선고일로 개정해 실종자 유족 아픔 던다(공공서비스혁신과).hwpx,hwpx,253409,extracted,,https://www.mois.go.kr/cmm/fms/FileDown.do?atchFileId=FILE_00136641s7ETLTl&fileSn=0,1814
1752,118411,2,250623 (조간) 안심상속 서비스 기준일 실종선고일로 개정해 실종자 유족 아픔 던다(공공서비스혁신과).pdf,,,deferred,,https://www.mois.go.kr/cmm/fms/FileDown.do?atchFileId=FILE_00136641s7ETLTl&fileSn=1,
1753,118408,1,250620 (즉시) 중부지방을 중심으로 많은 비 중앙재난안전대책본부 가동(자연재난대응과).hwpx,hwpx,622738,extracted,,https://www.mois.go.kr/cmm/fms/FileDown.do?atchFileId=FILE_00136632kOeZk8J&fileSn=0,1139
1753,118408,2,250620 (즉시) 중부지방을 중심으로 많은 비 중앙재난안전대책본부 가동(자연재난대응과).pdf,,,deferred,,https://www.mois.go.kr/cmm/fms/FileDown.do?atchFileId=FILE_00136632kOeZk8J&fileSn=1,
1754,118387,1,250620 (석간) 청년의 시각으로 지방자치의 내일을 그린다! 지방자치 청년 정책 경진대회 개최(자치분권제도과).hwpx,hwpx,953619,extracted,,https://www.mois.go.kr/cmm/fms/FileDown.do?atchFileId=FILE_00136560PcMrP2c&fileSn=0,1923
1754,118387,2,250620 (석간) 청년의 시각으로 지방자치의 내일을 그린다! 지방자치 청년 정책 경진대회 개최(자치분권제도과).pdf,,,deferred,,https://www.mois.go.kr/cmm/fms/FileDown.do?atchFileId=FILE_00136560PcMrP2c&fileSn=1,
1755,118395,1,250619 (즉시) 여름철 호우 대비 재난특교세 지원(재난관리정책과).hwpx,hwpx,90963,extracted,,https://www.mois.go.kr/cmm/fms/FileDown.do?atchFileId=FILE_00136565JLjh9U6&fileSn=0,804
1755,118395,2,250619 (즉시) 여름철 호우 대비 재난특교세 지원(재난관리정책과).pdf,,,deferred,,https://www.mois.go.kr/cmm/fms/FileDown.do?atchFileId=FILE_00136565JLjh9U6&fileSn=1,
1756,118389,1,250619 (국무회의 종료시) 행정안전부 지역 민생경제 회복 대책 본격 추진 새정부 추가경정예산안 10조 9352억 원 편성(기획재정담당관).hwpx,hwpx,242276,extracted,,https://www.mois.go.kr/cmm/fms/FileDown.do?atchFileId=FILE_00136602t3gxCY1&fileSn=0,1647
1756,118389,2,250619 (국무회의 종료시) 행정안전부 지역 민생경제 회복 대책 본격 추진 새정부 추가경정예산안 10조 9352억 원 편성(기획재정담당관).pdf,,,deferred,,https://www.mois.go.kr/cmm/fms/FileDown.do?atchFileId=FILE_00136602t3gxCY1&fileSn=1,
1757,118388,1,250620 (★국무회의종료시) 새마을금고 경영혁신 본격 시행 건전성과 관리 감독 강화한다(지역금융지원과).hwpx,hwpx,237293,extracted,,https://www.mois.go.kr/cmm/fms/FileDown.do?atchFileId=FILE_001366016pxHL4E&fileSn=0,1738
1757,118388,2,250620 (★국무회의종료시) 새마을금고 경영혁신 본격 시행 건전성과 관리 감독 강화한다(지역금융지원과).pdf,,,deferred,,https://www.mois.go.kr/cmm/fms/FileDown.do?atchFileId=FILE_001366016pxHL4E&fileSn=1,
1758,118375,1,250620 (14시) 해외유입 감염병 대비 검역체계 현장점검(보건사회재난대응과).hwpx,hwpx,254636,extracted,,https://www.mois.go.kr/cmm/fms/FileDown.do?atchFileId=FILE_00136564meiu2wg&fileSn=0,949
1758,118375,2,250620 (14시) 해외유입 감염병 대비 검역체계 현장점검(보건사회재난대응과).pdf,,,deferred,,https://www.mois.go.kr/cmm/fms/FileDown.do?atchFileId=FILE_00136564meiu2wg&fileSn=1,
1759,118379,1,250619 (11시) 보안 상등급 운영이 가능한 민간 클라우드 첫 공시(국가정보자원관리원 신기술기반과).hwpx,hwpx,375586,extracted,,https://www.mois.go.kr/cmm/fms/FileDown.do?atchFileId=FILE_00136589-vQzthn&fileSn=0,3059
1759,118379,2,250619 (11시) 보안 상등급 운영이 가능한 민간 클라우드 첫 공시(국가정보자원관리원 신기술기반과).pdf,,,deferred,,https://www.mois.go.kr/cmm/fms/FileDown.do?atchFileId=FILE_00136589-vQzthn&fileSn=1,
1760,118361,1,250618 (16시) 중부지방 장마 대비 수해 방지 대책 긴급점검(자연재난대응과).hwpx,hwpx,624223,extracted,,https://www.mois.go.kr/cmm/fms/FileDown.do?atchFileId=FILE_00136580hGMj2cD&fileSn=0,1112
1760,118361,2,250618 (16시) 중부지방 장마 대비 수해 방지 대책 긴급점검(자연재난대응과).pdf,,,deferred,,https://www.mois.go.kr/cmm/fms/FileDown.do?atchFileId=FILE_00136580hGMj2cD&fileSn=1,
1761,118336,1,250619 (조간) 2025년 지방공무원 9급 공채 등 필기시험 6월 21일(토) 전국 동시 실시(지방인사제도과).hwpx,hwpx,267082,extracted,,https://www.mois.go.kr/cmm/fms/FileDown.do?atchFileId=FILE_00136561R-Idqzt&fileSn=0,6583
1761,118336,2,250619 (조간) 2025년 지방공무원 9급 공채 등 필기시험 6월 21일(토) 전국 동시 실시(지방인사제도과).pdf,,,deferred,,https://www.mois.go.kr/cmm/fms/FileDown.do?atchFileId=FILE_00136561R-Idqzt&fileSn=1,
1762,118334,1,250619 (조간) 탄소중립실천포인트 반려동물 정보관리 등 공공서비스 6종 민간 앱으로 이용 가능(공공서비스혁신과).hwpx,hwpx,7957712,extracted,,https://www.mois.go.kr/cmm/fms/FileDown.do?atchFileId=FILE_00136500BjwboCB&fileSn=0,3130
1762,118334,2,250619 (조간) 탄소중립실천포인트 반려동물 정보관리 등 공공서비스 6종 민간 앱으로 이용 가능(공공서비스혁신과).pdf,,,deferred,,https://www.mois.go.kr/cmm/fms/FileDown.do?atchFileId=FILE_00136500BjwboCB&fileSn=1,
1763,118319,1,250618 (13시) 우기 대비 재해복구사업장 현장 점검(복구지원과).hwpx,hwpx,242740,extracted,,https://www.mois.go.kr/cmm/fms/FileDown.do?atchFileId=FILE_00136518kJnIev5&fileSn=0,803
1763,118319,2,250618 (13시) 우기 대비 재해복구사업장 현장 점검(복구지원과).pdf,,,deferred,,https://www.mois.go.kr/cmm/fms/FileDown.do?atchFileId=FILE_00136518kJnIev5&fileSn=1,
1764,118318,1,250617 (11시) 행정안전부-시도 비상지역경제 상황실 출범(재정정책과).hwpx,hwpx,238895,extracted,,https://www.mois.go.kr/cmm/fms/FileDown.do?atchFileId=FILE_00136517vyCBLfi&fileSn=0,943
1764,118318,2,250617 (11시) 행정안전부-시도 비상지역경제 상황실 출범(재정정책과).pdf,,,deferred,,https://www.mois.go.kr/cmm/fms/FileDown.do?atchFileId=FILE_00136517vyCBLfi&fileSn=1,
1765,118279,1,250617 (조간) 안전에 진심인 대학생 모여라! 2025 안전실천 캠퍼스 참가자 모집(안전문화교육과).hwpx,hwpx,5416568,extracted,,https://www.mois.go.kr/cmm/fms/FileDown.do?atchFileId=FILE_001365214UJph8L&fileSn=0,2338
1765,118279,2,250617 (조간) 안전에 진심인 대학생 모여라! 2025 안전실천 캠퍼스 참가자 모집(안전문화교육과).pdf,,,deferred,,https://www.mois.go.kr/cmm/fms/FileDown.do?atchFileId=FILE_001365214UJph8L&fileSn=1,
1766,118278,1,250616 (조간) 지진안전 영상의 주인공은 여러분입니다!(지진방재관리과).hwpx,hwpx,252105,extracted,,https://www.mois.go.kr/cmm/fms/FileDown.do?atchFileId=FILE_00136490Ay4Td36&fileSn=0,1563
1766,118278,2,250616 (조간) 지진안전 영상의 주인공은 여러분입니다!(지진방재관리과).pdf,,,deferred,,https://www.mois.go.kr/cmm/fms/FileDown.do?atchFileId=FILE_00136490Ay4Td36&fileSn=1,
1767,118277,1,250616 (조간) 폭염엔 내 주변 안부를 살펴요! 안부전화 하기 슬로건 및 홍보 콘텐츠 공모전 개최(기후재난관리과).hwpx,hwpx,239672,extracted,,https://www.mois.go.kr/cmm/fms/FileDown.do?atchFileId=FILE_00136489Cuc7--j&fileSn=0,1043
1767,118277,2,250616 (조간) 폭염엔 내 주변 안부를 살펴요! 안부전화 하기 슬로건 및 홍보 콘텐츠 공모전 개최(기후재난관리과).pdf,,,deferred,,https://www.mois.go.kr/cmm/fms/FileDown.do?atchFileId=FILE_00136489Cuc7--j&fileSn=1,
1768,118276,1,250616 (조간) 국민과 기업 목소리 직접 듣고 AI개발에 꼭 필요한 고가치 공공데이터 개방(공공지능데이터정책과).hwpx,hwpx,245876,extracted,,https://www.mois.go.kr/cmm/fms/FileDown.do?atchFileId=FILE_00136488mal2cG3&fileSn=0,1582
1768,118276,2,250616 (조간) 국민과 기업 목소리 직접 듣고 AI개발에 꼭 필요한 고가치 공공데이터 개방(공공지능데이터정책과).pdf,,,deferred,,https://www.mois.go.kr/cmm/fms/FileDown.do?atchFileId=FILE_00136488mal2cG3&fileSn=1,
1769,118286,1,250613 (즉시) 제주·남부지방을 중심으로 많은 비 중앙재난안전대책본부 가동(자연재난대응과).hwpx,hwpx,625044,extracted,,https://www.mois.go.kr/cmm/fms/FileDown.do?atchFileId=FILE_00136531SjdOSxw&fileSn=0,1176
1769,118286,2,250613 (즉시) 제주·남부지방을 중심으로 많은 비 중앙재난안전대책본부 가동(자연재난대응과).pdf,,,deferred,,https://www.mois.go.kr/cmm/fms/FileDown.do?atchFileId=FILE_00136531SjdOSxw&fileSn=1,
1770,118252,1,250613 (조간) 인도네시아 베트남 등 4개국 한국의 행정혁신 배우고 국내 지자체 교류 확대(국제교육협력과).hwpx,hwpx,191720,extracted,,https://www.mois.go.kr/cmm/fms/FileDown.do?atchFileId=FILE_00136468B5XXyTF&fileSn=0,3199
1770,118252,2,250613 (조간) 인도네시아 베트남 등 4개국 한국의 행정혁신 배우고 국내 지자체 교류 확대(국제교육협력과).pdf,,,deferred,,https://www.mois.go.kr/cmm/fms/FileDown.do?atchFileId=FILE_00136468B5XXyTF&fileSn=1,
1771,118251,1,250613 (조간) 여름 에어컨 선풍기 안전하게 사용하세요!(예방안전제도과).hwpx,hwpx,1626969,extracted,,https://www.mois.go.kr/cmm/fms/FileDown.do?atchFileId=FILE_00136467hMLpujS&fileSn=0,1365
1771,118251,2,250613 (조간) 여름 에어컨 선풍기 안전하게 사용하세요!(예방안전제도과).pdf,,,deferred,,https://www.mois.go.kr/cmm/fms/FileDown.do?atchFileId=FILE_00136467hMLpujS&fileSn=1,
1772,118243,1,250611 (즉시) 예년보다 이른 장마 수해 방지 대책 긴급점검(자연재난대응과).hwpx,hwpx,5001031,extracted,,https://www.mois.go.kr/cmm/fms/FileDown.do?atchFileId=FILE_00136486-uVH2M7&fileSn=0,1274
1772,118243,2,250611 (즉시) 예년보다 이른 장마 수해 방지 대책 긴급점검(자연재난대응과).pdf,,,deferred,,https://www.mois.go.kr/cmm/fms/FileDown.do?atchFileId=FILE_00136486-uVH2M7&fileSn=1,
1773,118181,1,250611 (조간) 행정안전부 디지털 소통 캐릭터 다행이와 부리부리 저작권 등록 완료(디지털소통팀).hwpx,hwpx,701771,extracted,,https://www.mois.go.kr/cmm/fms/FileDown.do?atchFileId=FILE_001364323REk0Im&fileSn=0,720
1773,118181,2,250611 (조간) 행정안전부 디지털 소통 캐릭터 다행이와 부리부리 저작권 등록 완료(디지털소통팀).pdf,,,deferred,,https://www.mois.go.kr/cmm/fms/FileDown.do?atchFileId=FILE_001364323REk0Im&fileSn=1,
1774,118206,1,250610 (즉시) 행정안전부 장관 직무대행 서울 종로구 조계사 경내 화재 관련 긴급 지시(환경산림재난대응과).hwpx,hwpx,176761,extracted,,https://www.mois.go.kr/cmm/fms/FileDown.do?atchFileId=FILE_001364109W74DP9&fileSn=0,412
1774,118206,2,250610 (즉시) 행정안전부 장관 직무대행 서울 종로구 조계사 경내 화재 관련 긴급 지시(환경산림재난대응과).pdf,,,deferred,,https://www.mois.go.kr/cmm/fms/FileDown.do?atchFileId=FILE_001364109W74DP9&fileSn=1,
1775,118150,1,250610 (14시30분) 전 세계 기록인이 함께하는 6월 9일 기록의 날 기념행사 열리다(국가기록원 기록협력과).hwpx,hwpx,7197130,extracted,,https://www.mois.go.kr/cmm/fms/FileDown.do?atchFileId=FILE_00136339ZVwuGRq&fileSn=0,2895
1775,118150,2,250610 (14시30분) 전 세계 기록인이 함께하는 6월 9일 기록의 날 기념행사 열리다(국가기록원 기록협력과).pdf,,,deferred,,https://www.mois.go.kr/cmm/fms/FileDown.do?atchFileId=FILE_00136339ZVwuGRq&fileSn=1,
1776,118179,1,250610 (조간) 제38주년 6.10민주항쟁 기념식 및 민주화운동기념관 개관식 개최(사회통합지원과).hwpx,hwpx,2518394,extracted,,https://www.mois.go.kr/cmm/fms/FileDown.do?atchFileId=FILE_00136431TQPIE-i&fileSn=0,1907
1776,118179,2,250610 (조간) 제38주년 6.10민주항쟁 기념식 및 민주화운동기념관 개관식 개최(사회통합지원과).pdf,,,deferred,,https://www.mois.go.kr/cmm/fms/FileDown.do?atchFileId=FILE_00136431TQPIE-i&fileSn=1,
1777,118149,1,250610 (조간) 6월 가뭄 예 경보 발표(기후재난관리과).hwpx,hwpx,23778469,extracted,,https://www.mois.go.kr/cmm/fms/FileDown.do?atchFileId=FILE_00136338dS_1jo1&fileSn=0,10306
1777,118149,2,250610 (조간) 6월 가뭄 예 경보 발표(기후재난관리과).pdf,,,deferred,,https://www.mois.go.kr/cmm/fms/FileDown.do?atchFileId=FILE_00136338dS_1jo1&fileSn=1,
1778,118151,1,250609 (조간) 10·29이태원참사 피해자 생활지원금 신청·접수 개시(10·29이태원참사피해구제추모지원단).hwpx,hwpx,301654,extracted,,https://www.mois.go.kr/cmm/fms/FileDown.do?atchFileId=FILE_00136340wpbi_ER&fileSn=0,10934
1778,118151,2,250609 (조간) 10·29이태원참사 피해자 생활지원금 신청·접수 개시(10·29이태원참사피해구제추모지원단).pdf,,,deferred,,https://www.mois.go.kr/cmm/fms/FileDown.do?atchFileId=FILE_00136340wpbi_ER&fileSn=1,
1779,118147,1,250609 (조간) 국세 및 고용 산재보험료 환급 서비스 이제 민간 앱에서 편리하게 이용하세요(공공서비스혁신과).hwpx,hwpx,3155829,extracted,,https://www.mois.go.kr/cmm/fms/FileDown.do?atchFileId=FILE_001363371ML0NUt&fileSn=0,3219
1779,118147,2,250609 (조간) 국세 및 고용 산재보험료 환급 서비스 이제 민간 앱에서 편리하게 이용하세요(공공서비스혁신과).pdf,,,deferred,,https://www.mois.go.kr/cmm/fms/FileDown.do?atchFileId=FILE_001363371ML0NUt&fileSn=1,
1780,118146,1,250609 (조간) 일상 속 앱에서 신분증을! 모바일 신분증 민간개방 본격 추진(디지털보안정책과).hwpx,hwpx,247042,extracted,,https://www.mois.go.kr/cmm/fms/FileDown.do?atchFileId=FILE_00136336kSlSU7d&fileSn=0,1650
1780,118146,2,250609 (조간) 일상 속 앱에서 신분증을! 모바일 신분증 민간개방 본격 추진(디지털보안정책과).pdf,,,deferred,,https://www.mois.go.kr/cmm/fms/FileDown.do?atchFileId=FILE_00136336kSlSU7d&fileSn=1,
1781,118177,1,250606 (즉시) 행정안전부 재난안전관리본부장 장마철 대비 재난안전 현장 점검(자연재난대응과).hwpx,hwpx,235325,extracted,,https://www.mois.go.kr/cmm/fms/FileDown.do?atchFileId=FILE_00136405iAujUZy&fileSn=0,913
1781,118177,2,250606 (즉시) 행정안전부 재난안전관리본부장 장마철 대비 재난안전 현장 점검(자연재난대응과).pdf,,,deferred,,https://www.mois.go.kr/cmm/fms/FileDown.do?atchFileId=FILE_00136405iAujUZy&fileSn=1,
1782,118123,1,250605 (석간) 폐현수막 재활용으로 이어지는 지역과 기업의 동행(기업협력지원과).hwpx,hwpx,248176,extracted,,https://www.mois.go.kr/cmm/fms/FileDown.do?atchFileId=FILE_00136335VdNgHkc&fileSn=0,2541
1782,118123,2,250605 (석간) 폐현수막 재활용으로 이어지는 지역과 기업의 동행(기업협력지원과).pdf,,,deferred,,https://www.mois.go.kr/cmm/fms/FileDown.do?atchFileId=FILE_00136335VdNgHkc&fileSn=1,
1783,118103,1,250605 (조간) 제20대 대통령기록물 이관 완료(대통령기록관 생산지원과).hwpx,hwpx,10523679,extracted,,https://www.mois.go.kr/cmm/fms/FileDown.do?atchFileId=FILE_00136333zAaDhQO&fileSn=0,3889
1783,118103,2,250605 (조간) 제20대 대통령기록물 이관 완료(대통령기록관 생산지원과).pdf,,,deferred,,https://www.mois.go.kr/cmm/fms/FileDown.do?atchFileId=FILE_00136333zAaDhQO&fileSn=1,
1784,118097,1,250605 (조간) 현충일 오전 10시 1분간 묵념사이렌 울림(중앙민방위경보통제센터).hwpx,hwpx,227425,extracted,,https://www.mois.go.kr/cmm/fms/FileDown.do?atchFileId=FILE_00136260kCXcaoZ&fileSn=0,417
1784,118097,2,250605 (조간) 현충일 오전 10시 1분간 묵념사이렌 울림(중앙민방위경보통제센터).pdf,,,deferred,,https://www.mois.go.kr/cmm/fms/FileDown.do?atchFileId=FILE_00136260kCXcaoZ&fileSn=1,
1785,118096,1,250605 (조간) 폐의약품은 우체통에 버리고 생활 속 탄소중립 실천으로 환경도 포인트도 챙겨요.hwpx,hwpx,258943,extracted,,https://www.mois.go.kr/cmm/fms/FileDown.do?atchFileId=FILE_00136259cR367ZV&fileSn=0,3034
1785,118096,2,250605 (조간) 폐의약품은 우체통에 버리고 생활 속 탄소중립 실천으로 환경도 포인트도 챙겨요.pdf,,,deferred,,https://www.mois.go.kr/cmm/fms/FileDown.do?atchFileId=FILE_00136259cR367ZV&fileSn=1,
1786,118104,1,250604 (중앙선관위 대통령 당선 결정 이후) 제21대 이재명 대통령 취임선서(의정담당관).hwpx,hwpx,223236,extracted,,https://www.mois.go.kr/cmm/fms/FileDown.do?atchFileId=FILE_00136331c3GHdTd&fileSn=0,595
1786,118104,2,250604 (중앙선관위 대통령 당선 결정 이후) 제21대 이재명 대통령 취임선서(의정담당관).pdf,,,deferred,,https://www.mois.go.kr/cmm/fms/FileDown.do?atchFileId=FILE_00136331c3GHdTd&fileSn=1,
